team,teamid,league,n_leagues,n_games,effective_games,last_game_date,days_since_last,win_rate,win_rate_w,current_roster,gspd,gpr,ckpm,team_kpm,dpm,vspm,wcpm,earned_gpm,gd10,gd15,xpd15,csd15,first_blood,first_dragon,first_herald,first_tower,first_baron,dragon_diff,herald_diff,grub_diff,baron_diff,tower_diff,plate_diff,gamelength_min
Marere Invokers,,CD,1,9,5.66,2026-05-23,29,0.8889,0.8896,MVK Elkinho / MVK Guga Figther / MVK Kairos748 / Rosa / Yozan,0.057,0.509,1.207,0.726,3224.977,8.693,1.311,1374.24,-417.643,519.195,703.087,-2.285,0.333,0.779,0.555,0.667,0.665,1.231,0.11,-0.114,0.551,4.44,10.409,34.467
Fuego,oe:team:0f0f407ca567fc73cc83d541ef45731,LRN,1,24,9.66,2026-06-09,12,0.875,0.8807,Gavotto / Ivory / Oddie / Shiku / Zothve,0.172,2.552,1.156,0.798,3360.929,8.546,1.266,1505.889,1357.659,2630.516,1970.377,54.82,0.805,0.723,0.599,0.915,0.831,2.182,0.198,1.448,0.561,6.999,24.668,27.96
Frites Esports Club,oe:team:212dd2998c5f8775a2a8c77be62c049,EM,2,51,19.5,2026-06-09,11,0.8431,0.8173,Cboi / FlickeR / NuQ / Seal / Wolorz,0.103,1.68,1.204,0.788,3255.476,8.76,1.133,1451.146,797.06,1575.706,1354.048,31.871,0.521,0.659,0.67,0.756,0.716,1.02,0.34,1.759,0.565,4.903,16.945,29.362
Ethereal Enigmas,oe:team:316e1fa1536df09f54d4b2885a11855,HC,2,36,17.42,2026-06-14,6,0.7222,0.7911,Reedfoo / Sobakk / Trila / WalliR / kobe67,0.106,1.665,1.688,0.966,3679.938,6.374,0.741,1544.456,593.554,1934.249,1154.588,41.738,0.545,0.68,0.744,0.903,0.738,1.139,0.518,1.169,0.616,5.818,21.746,28.344
Contingent Esports,oe:team:065c49bcfb74d3fbda261369253b622,NACL,1,9,8.56,2026-06-18,2,0.7778,0.7789,Asilah / Breezy / CES JRockets / Daption / Kaido,0.027,0.712,1.122,0.63,3301.361,8.932,1.248,1352.042,594.731,1074.758,1096.079,7.125,0.777,0.777,0.668,0.556,0.779,0.89,0.336,-0.11,0.561,2.565,7.825,35.37
4 Employed e 1 Budino,,LIT,1,12,1.57,2026-02-21,119,0.75,0.7779,Budino / CloudStrikee / Ryujin / SkaR / xHikama,0.059,0.664,1.37,0.803,3526.005,7.263,1.056,1430.03,261.444,917.885,470.484,8.468,0.514,0.395,0.734,0.422,0.497,0.168,0.468,-0.051,0.349,2.166,4.762,31.603
Otter Side,oe:team:42c66b75a01e703aa898e9c22ad6ce1,EM,2,33,11.85,2026-06-08,12,0.7273,0.7716,Camana / Cimpo / Lulas / TheGreatGary / kkero,0.087,2.337,1.181,0.771,3210.773,8.081,1.039,1424.002,1924.961,2889.615,1810.488,39.315,0.826,0.73,0.691,0.691,0.573,0.94,0.382,0.656,0.243,3.888,11.992,28.577
Karmine Corp Blue Stars,oe:team:343268a42863e8fc2767e02e4042de8,NL,2,26,13.89,2026-06-07,13,0.7692,0.7707,Alaric / Koala / Looki / Oleg / Panda2,0.065,1.598,1.036,0.675,3347.292,8.669,1.153,1394.537,1027.494,1913.923,1958.179,33.215,0.669,0.766,0.791,0.816,0.641,2.02,0.582,0.38,0.367,4.313,14.145,32.83
Partizan Sangal,oe:team:a66e91a2f91dd5b797328cdebf35039,EM,2,51,20.99,2026-06-11,9,0.8431,0.7673,Chan / Erdote / Ferret / Ruby / Shy Carry,0.102,1.954,1.305,0.864,3387.429,8.323,1.154,1461.17,1174.984,2638.536,1815.228,44.503,0.634,0.626,0.71,0.747,0.596,0.726,0.437,0.051,0.33,4.479,16.039,28.695
Team Heretics Academy,oe:team:2dfc66b98002c5afad2a98dbf86e350,EM,2,48,21.86,2026-06-13,7,0.75,0.7587,Batuuu / Lure / Lurox / Mercy9 / Papiteero,0.102,1.849,0.9,0.588,3065.976,9.001,1.332,1403.933,979.713,2118.426,1724.759,44.871,0.725,0.609,0.551,0.724,0.738,1.153,0.116,1.006,0.668,4.339,14.604,33.408
FURIA,oe:team:87e3e1e75839f75a10bbc66e894d806,CBLOL,2,58,18.02,2026-06-06,14,0.7241,0.7515,Ayu / Guigo / JoJo / Tatu / Tutsz,0.051,0.738,0.765,0.482,2743.189,10.118,1.751,1342.39,-123.536,263.528,-37.099,-8.871,0.485,0.62,0.734,0.657,0.731,0.706,0.468,0.074,0.769,3.613,12.275,34.204
T1 Esports Academy Rookies,oe:team:32cd49a197bd08d99b16fe354e1f758,LAS,1,64,17.64,2026-05-17,34,0.7812,0.7505,Aether / Carim / Jinbeom / Solbon / Weather,0.097,1.121,1.006,0.653,3151.073,9.042,1.392,1435.082,264.572,1167.282,1341.556,9.583,0.542,0.498,0.653,0.661,0.731,0.711,0.306,0.916,0.476,4.149,14.115,30.329
Team Secret,oe:team:ee140e8e9d6abd0bfd2b7bc94639d43,EWC,1,4,2.44,2026-05-20,31,0.75,0.7499,Bie / Dire / Eddie / Hizto / Pun,0.085,1.505,0.871,0.52,2541.789,9.899,1.394,1388.069,655.108,1547.272,1457.905,10.49,1.0,0.5,0.75,0.75,0.5,1.0,0.5,-0.25,0.25,3.249,11.246,30.779
Bilibili Gaming,oe:team:d356a144644879dabb5f34cd99c886d,LPL,2,109,40.48,2026-06-14,7,0.7248,0.7468,Bin / Knight / ON / Viper / Xun,0.076,1.714,0.974,0.593,3065.398,10.082,1.635,1394.448,693.13,1357.943,616.179,16.819,0.507,0.419,0.069,0.642,0.082,0.773,0.335,-0.154,0.527,4.236,19.34,33.119
Hanwha Life Esports,oe:team:3a1d18f46bcb3716ebcfcf4ef068934,LCK,2,73,32.22,2026-06-12,9,0.6849,0.7454,Delight / Gumayusi / Kanavi / Zeka / Zeus,0.055,0.784,1.087,0.625,3083.415,10.076,1.674,1415.507,161.513,523.275,507.297,14.27,0.557,0.399,0.6,0.629,0.702,0.466,0.245,1.272,0.698,3.575,11.359,30.666
Team Secret Whales,oe:team:740de582f50775c516c77ed7b923fd5,LCP,3,70,25.05,2026-06-07,13,0.7286,0.745,Bie / Dire / Eddie / Hizto / Pun,0.072,1.006,0.989,0.605,3012.999,10.241,1.542,1400.255,514.982,883.562,727.903,17.197,0.505,0.505,0.697,0.619,0.638,0.672,0.429,-0.236,0.473,3.457,11.447,31.581
Solary,oe:team:90938c428db11f6e372f5c6833b9743,EM,3,79,35.0,2026-06-15,5,0.7468,0.7367,Aetinoth / Jool / Kryze / Piero / Zicssi,0.063,1.009,1.082,0.614,3047.888,9.42,1.361,1424.694,349.541,1460.78,1240.153,19.306,0.419,0.41,0.498,0.75,0.677,0.654,0.014,1.309,0.665,3.742,12.958,31.415
Gen.G,oe:team:50f58982d91a36557ec8aec52ab014f,LCK,2,80,31.56,2026-06-14,7,0.7625,0.7321,Canyon / Chovy / Duro / Kiin / Ruler,0.083,1.125,0.906,0.558,3088.888,10.702,1.836,1399.198,491.586,874.244,581.281,14.921,0.61,0.538,0.541,0.598,0.773,1.181,0.104,0.637,0.582,3.618,11.583,32.448
Misa Esports,oe:team:196ea640b81c54e20e32b6294ab9769,EM,2,63,20.89,2026-06-13,7,0.7937,0.7256,113 / Carry / Kofte / Ragner / Ruep,0.073,1.558,0.914,0.526,2825.495,8.873,1.234,1385.533,1017.747,1826.172,1569.401,36.224,0.515,0.675,0.613,0.82,0.555,0.639,0.234,0.855,0.506,4.408,15.346,30.817
Conviction,oe:team:ed026f019f5d0091c44014578ed7a8f,NACL,1,32,14.48,2026-06-05,15,0.6562,0.7218,Bounty / Insanity / Sniper / Tactical / Tomio,0.055,0.747,0.767,0.469,2963.091,9.328,1.487,1315.706,120.484,359.545,97.028,1.139,0.49,0.658,0.532,0.548,0.589,1.196,0.064,0.297,0.335,2.831,8.932,34.658
CITA Kaizen,oe:team:13542a31d4dadc538d24058317fded8,EM,3,61,16.02,2026-06-09,11,0.6557,0.7188,Afriibi / Anonymouss / J3rkie / Nan0 / Robocop,0.055,1.13,1.174,0.675,3314.998,8.136,1.059,1397.132,519.852,1684.951,1232.186,11.033,0.609,0.678,0.785,0.628,0.713,0.364,0.642,0.152,0.54,3.289,10.517,30.904
G2 Esports,oe:team:7d6673d3a9d00363c6bebc1a630da6e,LEC,3,81,29.27,2026-06-07,13,0.7037,0.7183,BrokenBlade / Caps / Hans Sama / Labrov / SkewMond,0.035,0.898,0.879,0.524,2831.295,10.169,1.669,1366.908,384.214,1164.958,1406.72,18.414,0.469,0.488,0.593,0.679,0.714,0.67,0.194,-0.001,0.593,3.348,10.516,32.301
Vasco E-Sports,oe:team:3286be18afd5d1c3d89cc9a7024a0cf,CD,1,12,4.4,2026-05-22,29,0.6667,0.7118,Cristal / Hoben / IsDEAD / Leba / Oxala,0.078,1.926,1.291,0.8,3495.65,7.952,1.238,1448.413,1499.384,2998.936,2171.644,42.854,0.712,0.858,0.428,0.712,0.856,0.99,-0.144,-1.709,0.852,2.822,9.461,29.465
Saigon Warriors,oe:team:ae60cc9a2621d479d88fb39258c8e44,VCS,2,56,26.54,2026-06-20,0,0.6429,0.7086,AisyL / Aomine / Nern / j1n5 / kairi,0.075,0.86,1.107,0.657,3117.739,9.461,1.474,1436.464,68.246,608.797,678.734,10.387,0.492,0.645,0.391,0.556,0.681,0.259,-0.219,-0.572,0.393,2.847,9.953,30.378
P11 Esports,oe:team:51815048971b363597530c6d350a27f,LIT,1,34,10.54,2026-05-24,27,0.5294,0.7085,Budino / Huubiii / P11 Demo / P11 Keyross / Pinguino,0.031,0.578,1.207,0.647,3105.76,6.733,0.943,1339.385,306.617,615.43,841.349,8.278,0.409,0.528,0.58,0.645,0.647,0.722,0.222,-0.298,0.832,2.216,5.561,32.389
Dplus Kia Academy,oe:team:503cf7645c53c8f084b5cbdec6744a7,LAS,1,65,22.47,2026-05-17,34,0.6923,0.7077,CARFE / Despair / Kitten / Nevid / Solid,0.054,1.07,1.28,0.687,3308.906,8.647,1.383,1450.033,564.364,1591.389,1396.557,34.531,0.509,0.508,0.581,0.795,0.605,0.313,0.188,0.042,0.358,3.795,14.631,29.208
Verdant,oe:team:b33646d7b7b14dd6da17a88f6ddb592,EM,2,43,17.16,2026-06-09,11,0.7209,0.7047,Furuy / Guggu / Mishi / NoName / bobista,0.064,1.409,1.212,0.746,3281.497,7.85,1.108,1415.824,804.931,2018.687,1365.444,25.279,0.599,0.542,0.554,0.567,0.682,1.018,0.155,-0.026,0.449,2.828,8.126,30.179
Galions,oe:team:e0143514c5de64f62eb418004ca2751,EM,3,94,40.99,2026-06-15,5,0.6702,0.704,Carlsen / HARPOON / OMON / Thayger / Zoelys,0.066,1.035,1.076,0.674,3096.255,8.794,1.418,1447.906,362.096,1363.862,1194.01,16.747,0.596,0.532,0.707,0.623,0.633,0.924,0.414,0.489,0.258,3.193,10.409,30.313
Super Stars,,AL,1,10,2.82,2026-04-01,80,0.7,0.7022,DANKI / Fallen / Leo s Man / SS Kuroko / Sayn,0.085,1.401,1.339,0.794,3344.508,7.235,0.913,1413.976,819.235,2760.773,2363.278,50.722,0.406,0.701,0.6,0.705,0.603,0.226,0.2,1.779,0.409,3.343,12.443,29.141
T1,oe:team:ce499dea30cfce118f4fe85da0227e8,LCK,2,80,34.46,2026-06-14,7,0.6875,0.7012,Doran / Faker / Keria / Oner / Peyz,0.028,0.264,0.996,0.551,2947.92,10.001,1.609,1370.593,-48.362,370.611,45.873,0.113,0.507,0.54,0.466,0.495,0.499,0.21,-0.017,-1.317,0.08,1.974,5.814,32.543
DECOY 21,,LIT,1,10,5.91,2026-05-21,30,0.7,0.6914,Casablanca / DC21 Aarrow / DC21 Mozzi / Showman / Solfurion,-0.054,-0.883,1.246,0.592,3020.105,7.839,1.035,1282.648,-691.786,-960.487,-678.689,-16.225,0.4,0.603,0.69,0.388,0.397,0.359,0.38,0.122,-0.516,0.202,-1.652,33.628
Anubis Gaming,oe:team:f2094ae60f9b1f3b6a17ad88ad75fc1,EM,2,62,18.02,2026-06-12,8,0.6129,0.6886,Aeru / B Butcher / Boda / Giyuu / Theocacs,0.097,1.561,1.202,0.749,3329.467,8.486,1.211,1473.822,859.425,2002.679,1721.2,26.137,0.699,0.472,0.605,0.676,0.678,0.315,0.228,0.522,0.111,3.499,12.461,30.493
HMBLE,oe:team:ede699f8c483a571a32fc493ce8c41e,EM,2,46,15.19,2026-06-11,9,0.7609,0.6871,APP / Click / Tyrone / Vigil / adi1,0.088,1.504,1.28,0.756,3451.056,8.418,1.066,1429.958,741.003,1724.494,1739.46,34.049,0.574,0.67,0.736,0.773,0.617,0.748,0.529,0.975,0.205,3.16,12.18,27.999
FENNEL,oe:team:d418f5db39c1766ac692224837b3c24,LJL,2,41,20.12,2026-06-14,6,0.8049,0.6825,Bruce / DICE / Ellim / MayR / kkkkkkkkk,0.08,1.328,1.223,0.69,3063.284,8.868,1.342,1427.036,528.114,1500.562,1608.569,34.567,0.531,0.615,0.578,0.632,0.552,1.097,0.155,1.146,0.326,3.728,13.404,29.317
French Flair,oe:team:3898fd39b2d31e0d0c2449e5b8eefba,EM,2,40,7.71,2026-04-07,74,0.7,0.6824,3XA / Adam / NattyNatt / SAKEN / Targamas,0.058,0.888,0.976,0.575,3163.313,9.038,1.336,1406.676,330.221,1110.01,986.667,32.386,0.554,0.667,0.522,0.719,0.633,1.376,0.085,-0.258,0.57,3.074,11.258,32.389
Dplus Kia Challengers,oe:team:64f78960f955a6b659025e38b4f0a18,Asia Master,2,74,35.44,2026-06-21,0,0.6216,0.6787,Garden / Jaehyuk / Loopy / Sharvel / Wayne,0.044,0.732,0.952,0.555,2943.128,9.635,1.533,1386.33,263.394,785.041,808.833,11.063,0.612,0.587,0.676,0.387,0.571,0.64,0.353,-0.203,0.291,2.394,8.043,31.491
LYON,oe:team:da1143bf9a245b78a8dc86417de85b3,LCS,3,71,25.22,2026-06-14,6,0.6197,0.6786,Berserker / Dhokla / Inspired / Isles / Saint,0.035,0.427,0.775,0.44,2703.811,9.543,1.572,1305.869,148.772,179.201,329.226,0.212,0.515,0.615,0.378,0.446,0.597,0.399,-0.206,0.7,0.387,2.912,9.217,34.151
Volticons,oe:team:67d7a8e8cc3a0d4ec738f98be54e3a7,LRS,1,33,14.78,2026-06-09,11,0.6667,0.6759,Camilo / Chordy / DiDi / Martote / ianshaka,-0.01,0.226,1.069,0.582,2995.222,8.681,1.323,1308.845,181.526,376.946,103.48,-5.489,0.593,0.499,0.838,0.393,0.528,0.048,0.69,0.626,0.086,1.711,4.388,31.676
Inferno Drive Tokyo,oe:team:bfd673ec1d007cbdf359307ef6f4416,LJL,1,40,8.78,2026-04-19,63,0.7,0.6724,Enapon / Imagine / JustFocus / Pinnnk / wanan,0.082,2.105,0.994,0.614,2875.477,8.671,1.266,1359.962,1525.798,2795.257,1693.457,33.696,0.686,0.654,0.618,0.705,0.507,0.794,0.278,0.369,0.076,2.684,9.026,32.179
SDM Tigres,oe:team:804b7284c54110d826f11a5a521ab69,LRN,1,30,12.31,2026-06-02,19,0.7333,0.6685,Jauny / Madblade / Mataz / Skyy / VirusFx,0.055,0.83,1.011,0.574,2897.409,8.755,1.303,1349.298,663.549,991.839,352.444,21.339,0.659,0.777,0.614,0.646,0.71,0.279,0.337,1.142,0.488,2.669,9.048,32.952
Hanwha Life Esports Academy,oe:team:2acbd6362cc5096e13641bd088a72a6,LAS,1,55,18.48,2026-05-16,36,0.6909,0.6649,Achael / Buddy / Eclipse / Flint / Hailstone,0.024,0.763,1.332,0.753,3503.39,9.655,1.496,1399.73,558.667,774.458,494.835,14.536,0.552,0.847,0.565,0.481,0.666,1.534,0.13,-0.424,0.496,1.464,3.781,29.206
Nightbirds,oe:team:785213aebf3ebc4bf4e9aeef665d698,EM,3,57,24.33,2026-06-08,12,0.7368,0.6606,SLT / Savero / Strode / Vasco / denyk,0.091,1.574,1.249,0.755,3415.599,7.753,1.035,1440.927,980.154,1959.55,1971.713,48.687,0.5,0.473,0.559,0.727,0.609,0.77,0.193,1.504,0.289,3.327,12.917,30.347
Project Conquerors,oe:team:ad003d7f74930eeab29a6029c3b9f52,NL,2,28,15.46,2026-06-07,13,0.6071,0.6494,Avarice / Bambi / Frost / Sunfry / UniqueCORN,-0.001,0.513,1.058,0.554,3088.884,8.366,1.323,1331.757,531.143,949.072,383.612,22.716,0.383,0.308,0.484,0.616,0.57,-0.126,-0.033,0.149,0.326,1.877,5.577,32.986
Rising Gaming,oe:team:aa1ddb996190d827c23e751513f9e73,LJL,1,56,21.47,2026-06-14,6,0.6607,0.6447,Archer / Patch / Ramune / YellowYoshi / ankochan,0.045,0.935,1.168,0.69,3086.415,9.589,1.508,1361.887,755.974,1211.014,149.698,10.087,0.585,0.56,0.719,0.535,0.587,0.667,0.438,0.178,0.249,1.525,4.526,31.26
LNG Esports,oe:team:a9145b7711873f53e610fbba0493484,LPL,1,39,11.47,2026-05-23,29,0.6923,0.6364,1xn / BuLLDoG / Croco / MISSING / sheer,0.028,,0.802,0.445,2812.463,10.431,1.75,1322.648,,,,,0.727,0.649,0.0,0.499,0.0,0.468,0.365,-0.248,0.516,2.045,,33.001
WLGaming Esports,oe:team:b19ab22267512e77945cd498106dcf1,EM,2,62,20.56,2026-06-12,8,0.6935,0.6354,Pallet / Smurfe / Speedy1 / Tsiper / Unkn0wn,0.012,0.317,1.062,0.562,3147.303,8.52,1.224,1338.317,208.806,381.006,81.082,3.317,0.559,0.492,0.588,0.596,0.511,0.226,0.176,0.735,0.264,1.388,3.567,31.731
Vivo Keyd Stars Academy,oe:team:bf6f1cbd7a25bd88bbfdaf1c20366c1,CD,1,23,11.1,2026-06-01,19,0.6087,0.6332,Buero / Disamis / Qats / scamber / zekas,0.019,0.483,0.793,0.445,2793.283,10.421,1.732,1284.416,262.96,692.311,635.632,18.146,0.406,0.619,0.652,0.574,0.558,0.456,0.303,-0.318,0.323,2.104,6.268,33.393
Karmine Corp,oe:team:f3aa9bbd924ce3af42ac53f8326bc7c,LEC,2,84,34.49,2026-06-07,13,0.6429,0.6296,Busio / Caliste / Canna / Yike / kyeahoo,0.026,0.427,0.866,0.471,2951.404,9.836,1.593,1346.758,137.757,-8.358,-11.403,2.585,0.527,0.565,0.561,0.449,0.579,0.592,0.129,-0.969,0.291,1.594,4.865,32.559
Priority,oe:team:502996d9790340c5fd7b86a5b93b1c9,HC,2,55,22.29,2026-06-14,6,0.5818,0.6252,Arp / Envy / Kaka / VOPI / Woda,0.026,0.362,1.441,0.82,3308.202,7.038,0.929,1396.524,80.191,207.434,63.602,-19.626,0.605,0.512,0.393,0.475,0.481,0.32,-0.209,-0.882,0.045,0.903,1.36,28.989
KaBuM! Ilha das Lendas,oe:team:a36eecb3eab2d2a79f411e462878d26,CD,1,26,13.96,2026-06-01,19,0.6923,0.6248,Grevthar / Guigs / Kojima / SCARY / Yupps,0.032,0.51,0.836,0.467,2666.521,9.968,1.561,1295.73,290.553,122.762,43.247,-4.666,0.666,0.434,0.454,0.529,0.518,0.698,-0.093,1.595,0.208,1.78,6.742,33.663
LØS,oe:team:ea65e6cc48a9be50fc5334369a5fca5,EWC,2,71,35.87,2026-06-14,6,0.5915,0.6215,Ackerman / Curse / Duduhh / Feisty / Zest,0.05,0.757,0.869,0.492,2891.13,9.774,1.646,1303.125,333.607,819.127,437.181,18.585,0.535,0.384,0.444,0.611,0.566,-0.556,-0.06,0.059,0.093,2.115,7.062,32.443
G2 NORD,oe:team:1f1ed22b8cadc3bd717b2fbf0b63e62,EM,3,86,33.43,2026-06-13,7,0.6395,0.6209,Markoon / Rin / Shelfmade / Toasty / Tockimo,0.023,0.372,1.054,0.575,2966.697,8.646,1.218,1340.837,79.386,154.947,308.525,8.151,0.551,0.451,0.462,0.465,0.548,0.061,-0.077,-1.179,0.322,1.394,3.456,31.147
VARREL YOUTH,oe:team:11f71a8417e4fd5046fd34c56e219fa,LJL,1,25,6.27,2026-04-19,63,0.52,0.6199,Karaage / Ryo / Vox / antana / f4ke,0.037,0.486,1.199,0.689,3220.668,8.356,1.276,1343.071,134.657,861.302,403.44,4.008,0.52,0.602,0.632,0.482,0.561,1.013,0.265,-1.049,0.335,1.726,6.114,30.872
Estral Esports,oe:team:1c81857b6ce6a3c1cd9220fd97e077f,CD,1,26,10.73,2026-05-26,25,0.6923,0.6192,Brance / Kisee / Sinatra / SuperCleber / Telas,0.103,1.993,1.045,0.646,3152.805,9.541,1.482,1412.013,1294.292,2890.711,1860.467,49.968,0.584,0.675,0.766,0.801,0.802,0.859,0.531,1.013,0.696,3.831,14.628,31.275
Berlin International Gaming,oe:team:3de935df8f40fbb4d0e564d4a20e6cb,PRM,3,81,22.43,2026-05-28,23,0.679,0.6168,Habubu / Irrelevant / Kaiser / Patrik / Reeker,0.027,0.661,1.108,0.59,3292.679,8.557,1.175,1350.008,353.159,885.138,863.088,19.011,0.494,0.513,0.671,0.638,0.641,0.178,0.372,-0.123,0.341,2.497,9.047,31.553
Golden Lions,oe:team:dbea9378f0ff4aec096cd27745d47da,LRS,1,26,10.58,2026-06-09,11,0.7308,0.6127,Ganks / Gastruks / Saifer / Strensh / Wamu,0.055,0.756,1.11,0.661,3131.63,8.581,1.147,1352.784,225.191,389.921,665.195,1.277,0.593,0.559,0.351,0.766,0.674,0.974,-0.299,0.701,0.435,2.349,8.245,31.329
DN SOOPers Challengers,oe:team:f78d56f289804906a627706f330ee06,LCKC,1,67,21.18,2026-05-29,23,0.5821,0.6112,DDoiV / Enosh / Flip / Lancer / Quantum,0.021,0.231,1.003,0.532,2943.939,9.579,1.522,1332.101,150.259,19.54,-58.633,5.642,0.504,0.52,0.501,0.564,0.588,0.884,0.003,0.285,0.325,1.897,5.955,31.32
KT Rolster Challengers,oe:team:b9733b8e8aa341319bbaf1035198a28,Asia Master,2,92,42.84,2026-06-19,1,0.6087,0.6108,FenRir / Hwichan / Pollu / Sero / Sylvie,0.034,0.644,1.199,0.675,3084.307,9.182,1.427,1377.89,269.965,1023.791,858.099,6.654,0.598,0.437,0.581,0.529,0.566,0.48,0.162,0.094,0.32,1.473,4.827,30.413
paiN Gaming Academy,oe:team:3cb9dbe9618f5c61765f4ff189e79a9,CD,1,30,14.42,2026-05-27,24,0.5667,0.6092,Gatovisck / Marvin / Namiru / Samkz / Zoen,-0.035,-0.746,0.949,0.449,2812.613,9.295,1.449,1268.418,-787.481,-906.775,-494.109,-11.344,0.383,0.523,0.326,0.442,0.365,-0.173,-0.349,-0.279,-0.428,-0.598,-4.605,32.32
T1 Esports Academy,oe:team:731b7a9fd004cdbe2bcb3da795bce47,Asia Master,2,101,43.47,2026-06-21,0,0.6238,0.6078,Cloud / Cypher / Guti / Haetae / Painter,0.029,0.47,1.146,0.599,3111.979,10.144,1.57,1378.587,269.191,587.752,503.68,12.64,0.425,0.561,0.419,0.724,0.489,-0.069,-0.155,0.105,-0.121,2.459,8.901,30.612
Team Solid,oe:team:417b52ed11031f54e82d5b16592957e,CD,1,21,11.02,2026-06-09,11,0.4286,0.607,Aegis / Cavalo / Dioge / Forlin / bipi,0.026,0.138,0.905,0.478,2764.883,8.994,1.412,1275.158,-311.34,-36.047,362.305,15.509,0.208,0.39,0.545,0.635,0.501,-0.542,0.159,-1.057,0.112,1.216,3.54,30.889
Bomba Team,oe:team:7e0ec25b58b2ec01b75aacd41dac2c2,EM,2,57,26.59,2026-06-11,9,0.6316,0.6065,Guli / Mrozku / Odi11 / frajgo / minemaciek,0.045,0.866,1.101,0.597,3121.617,7.92,1.169,1363.568,432.579,943.378,562.215,15.191,0.644,0.459,0.602,0.656,0.613,0.558,0.205,0.484,0.197,1.497,5.619,30.116
Movistar KOI Fénix,oe:team:86dbb7cea91eaf08738bdc93a8442ce,LES,2,41,16.64,2026-06-05,15,0.6341,0.6059,13 / Fresskowy / Myrtus / NightSlayer / Time,0.039,0.831,1.047,0.565,3056.344,8.653,1.319,1338.164,378.095,1467.108,931.794,24.127,0.424,0.492,0.595,0.646,0.553,-0.239,0.198,-0.508,0.058,1.806,6.459,32.12
Team Liquid,oe:team:8eb884e168f28402ce685bedebb5250,LCS,2,63,28.54,2026-06-14,6,0.6032,0.6019,CoreJJ / Josedeodo / Morgan / Quid / Yeon,0.017,0.424,0.761,0.43,2702.756,9.451,1.585,1278.161,152.939,529.346,334.701,5.023,0.56,0.483,0.663,0.663,0.608,0.296,0.347,-0.166,0.247,1.385,4.854,32.887
9z Globant,oe:team:88438eabe047ccf143696ed57b23942,LRS,1,26,9.79,2026-06-02,18,0.5385,0.6,Aloned / Apoka / Fix / Nate / Uxie,0.048,0.182,1.059,0.567,3067.635,8.711,1.414,1330.056,-219.245,-208.351,25.66,-1.503,0.477,0.513,0.269,0.62,0.742,0.16,-0.396,0.308,0.69,1.89,6.312,33.115
emBRAZA! Esports,oe:team:9f5c2c8be0ddf6080f5ffc5892c8f9b,CD,1,5,3.12,2026-05-22,30,0.6,0.5997,Beta32 / Genos / Maathe / Yusuke / nanashi,0.057,1.827,1.159,0.69,3139.579,8.062,1.054,1259.445,1374.011,2610.363,1956.276,43.973,0.6,0.6,0.6,0.8,0.4,1.399,0.199,-0.598,-0.201,1.795,6.581,28.716
Maryville University,oe:team:9336ce46babf314b50e3a103506ae0a,NACL,1,29,12.74,2026-05-21,30,0.6552,0.5995,Keii / Obstinatus / ScaryJerry / Spirax / Yuuji,0.081,1.646,1.019,0.609,3183.255,9.873,1.5,1393.822,1026.96,2149.414,2221.071,58.643,0.505,0.56,0.819,0.859,0.719,0.597,0.637,1.128,0.276,3.464,14.244,33.074
Top Esports,oe:team:fcec508e780bbd1ad493852640f5b36,LPL,1,86,25.1,2026-06-14,7,0.5581,0.5986,Creme / JackeyLove / Tian / ZUIAN / fengyue,0.004,,0.963,0.494,2815.269,9.899,1.603,1306.504,,,,,0.585,0.532,0.0,0.336,0.0,0.225,0.047,-0.6,0.338,1.545,,30.959
Witchcraft,oe:team:b3d0c1165f50354bd46c863cf9b0f04,EM,1,10,2.13,2026-03-14,98,0.6,0.5961,Bwipo / Crownie / Nemesis / Rekkles / Velja,0.041,0.785,1.015,0.563,2966.494,9.361,1.474,1416.852,110.557,172.993,-12.166,13.767,0.499,0.604,0.202,0.798,0.697,-0.016,-0.596,-0.795,-0.112,1.52,7.63,34.869
Eintracht Spandau,oe:team:980ab072663574c2e4fca71f275d302,EM,3,73,31.33,2026-06-14,6,0.6164,0.5956,JNX / Keduii / PowerOfEvil / Xagog / seaz,-0.003,-0.13,1.026,0.507,3095.689,9.4,1.431,1324.496,-158.878,-403.855,-680.954,-7.183,0.478,0.658,0.643,0.487,0.497,0.058,0.287,0.024,0.138,0.95,2.458,33.123
CTBC Flying Oyster Academy,oe:team:2d2d70decb08dfb9bd23327e33e4198,Asia Master,2,18,12.57,2026-06-11,10,0.6111,0.5921,2274 / Leaky / Tracy / Yuhe / Zkai,-0.032,0.021,1.036,0.502,3046.137,9.685,1.538,1262.862,76.729,142.203,-517.94,4.465,0.42,0.416,0.321,0.387,0.504,-0.6,-0.358,-1.061,0.193,0.342,0.033,31.322
eSuba,oe:team:3faefd9245a4ef6ba347fbcf2a51515,HM,2,46,18.03,2026-06-02,18,0.6087,0.5867,Adyyy / Bobsik / Mita / qualzy / raining,0.064,1.266,1.685,0.933,3683.618,7.01,0.892,1480.823,924.083,2137.366,1980.478,35.594,0.66,0.748,0.512,0.588,0.568,0.938,0.067,-0.1,0.128,2.41,9.202,27.784
Invokers,oe:team:d3cbf48f8ad154a3f517f8b1f79d16e,CD,1,19,13.73,2026-06-09,11,0.5789,0.5866,Elkinho / Guga / Kairos / Rosa / Yozan,0.021,0.271,1.113,0.615,2875.537,8.614,1.211,1278.924,111.25,261.201,-269.161,-14.064,0.582,0.744,0.53,0.459,0.483,0.991,0.06,1.0,0.144,0.6,2.313,30.5
Frank Esports,oe:team:957a0b20bb6ce6491d39eb82e5fcb17,PCS,1,23,14.41,2026-06-03,17,0.6087,0.5832,Holo / MnM / Pretender / YSKM / kingpo54,0.053,0.525,1.135,0.658,3020.317,8.698,1.352,1357.727,76.062,733.442,473.606,9.829,0.524,0.528,0.498,0.769,0.605,0.541,-0.003,0.729,0.151,2.231,8.241,29.012
Nerd's Gangster's Carecas,,CD,1,12,2.12,2026-03-01,111,0.5833,0.5797,Juliera / Krastyel / Levizin / Pilot / jmz,-0.004,0.139,1.269,0.642,2969.609,8.459,1.222,1362.476,403.485,-157.837,-543.255,-0.473,0.582,0.666,0.499,0.415,0.499,-0.262,-0.003,1.309,0.409,0.604,1.379,30.474
Team Insidious,oe:team:9bd7ce113c5d4ff95b1c75205356a3f,HLL,1,36,8.8,2026-05-14,37,0.5833,0.5794,Addusto / Drofan / Lekcyc / Nikiyas / alix,0.071,1.729,1.03,0.577,2969.897,8.523,1.181,1405.613,1074.1,2486.741,2351.135,54.085,0.556,0.616,0.587,0.633,0.573,0.004,0.174,-1.065,0.162,2.353,9.013,30.931
GAM Esports,oe:team:9cae7677cd0dbcc1cd86653870b73c2,LCP,2,66,27.33,2026-06-06,14,0.5606,0.5725,Aress / Artemis / Draktharr / Kiaya / Taki,0.018,0.312,0.889,0.476,2552.642,10.145,1.545,1305.805,75.521,270.345,121.311,6.898,0.488,0.453,0.38,0.504,0.566,-0.483,-0.24,-0.81,0.152,1.171,3.774,31.766
Dragons Esports,oe:team:7f7029733ab4c308a8207fb80714b5f,AL,1,49,9.31,2026-05-13,38,0.6531,0.5721,Akashi / CoBiT / Maged / Slayder / moe,0.042,1.133,1.366,0.734,3309.339,8.01,1.106,1429.577,884.709,2097.338,999.145,18.583,0.462,0.755,0.628,0.81,0.552,0.69,0.315,0.551,0.318,1.756,6.406,29.334
TeamOrangeGaming,oe:team:e6423e34fc74500296fbaa43fac025d,PRM,2,35,11.61,2026-05-20,31,0.5429,0.5686,Lilipp / Ryuk / SAJATOR / Woldjo / zorenous,0.054,1.177,1.043,0.585,3030.808,9.393,1.484,1398.363,464.539,1419.938,834.39,27.709,0.429,0.617,0.611,0.637,0.627,0.585,0.222,1.351,0.422,1.915,7.223,32.603
Epitomy Esports,,LIT,1,20,6.03,2026-05-24,27,0.55,0.5671,Aledice / EPT HackerPanda / Kappa1 / Pecora / Sala,0.033,0.837,1.167,0.633,3089.536,8.354,1.111,1317.374,447.85,816.493,757.257,25.474,0.686,0.261,0.489,0.651,0.545,0.135,0.142,1.579,0.018,1.32,5.384,33.229
NRG,oe:team:e758ebe9a5a2cc81b9c8078479c2d87,NACL,1,29,12.53,2026-05-28,23,0.6207,0.5663,Kisno / PhyMini / Spica / Sushee / Zamudo,0.036,1.095,0.848,0.446,2942.332,9.316,1.433,1296.233,939.913,1215.447,972.895,35.801,0.537,0.447,0.576,0.736,0.564,0.424,0.151,-0.109,0.105,1.897,7.828,33.301
Malvinas Gaming,oe:team:d5772fdb1ae7fcc8046fa2e056a8715,LRS,1,27,9.62,2026-05-19,32,0.6296,0.5648,AlluK / Fortu / Lac / Nobody / nvillada,0.022,0.497,1.095,0.571,3150.523,8.549,1.183,1307.727,455.87,797.098,546.037,23.019,0.457,0.716,0.54,0.62,0.468,0.984,0.081,-1.638,-0.159,1.075,4.553,30.8
Winthrop University,oe:team:333ba9fefa87eda14bd32c5420d7002,NACL,1,40,22.02,2026-06-04,16,0.55,0.5645,Denathor / Kim Down / Mobility / Wilson / Zach,0.003,-0.027,0.914,0.474,3093.247,9.373,1.36,1257.695,-133.779,-579.255,-622.449,-13.132,0.513,0.634,0.556,0.448,0.557,0.481,0.121,-0.802,0.358,0.695,0.572,36.042
TLN Pirates,oe:team:1ed6b03efea53b635f14a490c45756f,LFL,1,41,13.82,2026-05-28,23,0.5854,0.5635,Axelent / Spooder / Stefan / Thomas / Toffe,-0.021,-0.264,0.876,0.427,2776.568,8.834,1.349,1266.147,-168.875,-595.424,-761.788,-6.635,0.456,0.522,0.375,0.402,0.51,0.013,-0.205,-0.477,0.054,-0.033,-1.589,32.163
E WIE EINFACH E-SPORTS,oe:team:26ff1a9f7fb8e976fbdcc5d2a8ac397,EM,3,59,26.55,2026-06-12,8,0.5254,0.563,Afroboi / Noz2k / Relative / Vizicsacsi / Wildenbruch,0.009,0.095,1.101,0.597,2986.956,9.449,1.359,1327.471,250.904,222.313,385.309,-4.367,0.538,0.536,0.339,0.376,0.475,1.136,-0.242,-0.945,-0.058,0.019,-1.699,31.831
Team Phantasma,oe:team:75a4d34e4afac036d164b0f1a580486,HLL,2,49,9.29,2026-05-13,38,0.5918,0.562,CRoNiiK / Color / Peppe / REAVER / Vaynedeta,0.036,0.588,0.996,0.559,3045.044,8.287,1.186,1357.021,-93.717,520.932,665.159,22.905,0.364,0.638,0.475,0.597,0.581,0.565,-0.026,-0.341,0.065,1.591,6.239,32.433
Shadow Keepers Esports,oe:team:f35108ed5676ca98cb22aea66e5d7d7,PCS,1,11,6.89,2026-06-01,19,0.5455,0.5615,1116 / Ashlomailma / Cedric / Prage / Weizhe,0.047,0.54,1.482,0.79,3370.856,7.507,1.075,1465.778,7.001,964.323,302.625,-2.476,0.464,0.455,0.332,0.527,0.731,0.183,-0.337,-2.174,0.463,1.848,7.647,28.363
S2G Esports,oe:team:581b95c3b11bbb543bdcf385aa2a23d,EM,2,29,4.84,2026-03-15,97,0.5862,0.5608,Bonnie / DnDn / Kofte / Mersa / Scorth,0.047,1.13,0.801,0.455,2785.203,9.25,1.395,1340.144,864.543,1406.189,1375.454,25.462,0.751,0.63,0.609,0.684,0.501,0.643,0.219,-0.424,0.0,1.837,5.704,34.36
Arneb,oe:team:11cfb3d7b3bb56e0f4b90b3af775701,LJL,2,51,21.81,2026-06-13,8,0.5882,0.5589,Daemi / Kania / Taiyaki / dresscode / leaf,-0.003,0.192,1.162,0.646,3039.274,8.767,1.33,1283.61,93.073,52.389,318.961,-14.132,0.579,0.54,0.54,0.478,0.559,0.836,0.098,0.703,0.122,1.233,3.995,31.1
Karmine Corp Blue,oe:team:42bf6c1040db8f2221ff017fa4d34e4,EM,3,59,24.51,2026-06-13,7,0.5085,0.5585,Kamiloo / Looki / Prime / Tao / Yukino,0.006,0.192,1.049,0.555,3107.325,9.412,1.336,1304.615,199.403,201.332,440.93,13.049,0.545,0.669,0.588,0.566,0.49,0.653,0.195,-0.029,-0.055,0.627,1.838,31.971
FN Esports,oe:team:402e5fe9cbc5ebb9548e90fa7ffbf87,EM,2,70,14.36,2026-06-08,12,0.6571,0.5532,OWLONSKY / Random / Sayn / Xicor / Însane,0.014,0.276,1.267,0.637,3298.723,8.159,1.134,1383.46,209.876,163.981,-153.623,17.171,0.516,0.391,0.306,0.549,0.408,-0.384,-0.341,-0.62,-0.135,0.735,3.249,30.459
SillySilly Gaming,oe:team:d1e1650f1deb26015830265d2bcf479,Asia Master,2,21,11.17,2026-06-05,16,0.619,0.5529,En / Hasu7 / Tianzhen / Wako / Xzz,0.044,0.915,1.302,0.726,2973.4,8.409,1.288,1389.475,801.53,1193.639,1303.846,24.8,0.676,0.789,0.746,0.522,0.365,0.97,0.491,1.521,-0.252,0.904,2.475,27.597
UCAM Esports,oe:team:746e6715fc4295c54954be5efc385af,EM,2,55,28.66,2026-06-14,6,0.5636,0.5525,ANDARIEL / ESCIK / Kozi / bluerzor / iLEVI,0.011,0.03,0.94,0.51,2844.295,8.765,1.198,1280.641,67.056,-196.722,5.727,-2.211,0.447,0.555,0.45,0.446,0.666,0.558,-0.1,-1.767,0.302,0.366,0.713,31.445
RED Canids,oe:team:67169969ecc058b307edfa9c6b7a3c0,EWC,3,62,21.59,2026-06-14,6,0.5645,0.5522,Kaze / Morttheus / STEPZ / frosty / zynts,0.033,0.589,0.815,0.457,2856.916,10.35,1.617,1303.249,379.143,991.928,806.431,17.68,0.504,0.67,0.447,0.494,0.492,1.008,-0.072,-0.425,0.129,0.743,3.716,33.257
Kiwoom DRX Challengers,oe:team:d2e8948728f7e4aeb9ee27e753315bc,LCKC,1,79,23.18,2026-05-28,24,0.519,0.5503,AKaJe / Frog / Jiwoo / Minous / Winner,-0.017,-0.27,0.877,0.444,2675.266,9.688,1.496,1265.244,-160.19,-580.168,-353.164,-22.991,0.536,0.582,0.512,0.534,0.432,-0.129,0.024,0.527,-0.09,0.164,-0.27,32.285
Deep Cross Gaming,oe:team:7e56e9367c023df96cc8257ff4e16c0,LCP,2,85,33.38,2026-06-07,13,0.5529,0.5498,Feng / Flauren / HongSuo / Pop9 / ShiauC,0.011,0.221,1.025,0.523,2858.894,10.728,1.736,1328.948,-10.006,89.034,84.709,-2.135,0.517,0.641,0.528,0.534,0.546,0.697,0.113,0.767,0.119,0.85,3.435,30.86
Supernova,oe:team:8776b7033f1bc10634e50d90f861c1d,NACL,1,30,14.18,2026-05-28,24,0.5667,0.547,Horder / Levitate / Music / Zyko / shochi,-0.008,0.185,0.91,0.462,2731.452,8.939,1.472,1264.188,128.578,663.098,412.078,12.748,0.459,0.337,0.426,0.502,0.448,-0.364,-0.149,0.419,-0.085,0.218,-0.201,34.006
SU Esports,oe:team:550d8628f0abbb58e80290de49c50c5,TCL,1,45,12.61,2026-05-22,29,0.5111,0.5436,Leks / RAMES / Secrett / Seneca / Vespa,0.019,0.08,1.004,0.504,2744.183,7.886,1.132,1303.725,-104.514,68.336,0.958,10.655,0.537,0.636,0.646,0.505,0.7,0.4,0.318,0.594,0.485,1.277,3.435,30.782
Movistar KOI,oe:team:4acc40654379b4da680be1bd3129dfa,LEC,2,70,27.22,2026-06-06,14,0.5571,0.5417,Alvaro / Elyoya / Jojopyun / Myrwn / Supa,0.014,0.025,0.897,0.471,2739.381,10.287,1.693,1328.785,-307.483,-204.58,-355.86,-1.913,0.471,0.576,0.461,0.524,0.508,0.418,-0.077,1.063,0.098,0.942,4.144,33.39
Saigon Dino,oe:team:b5e47225b5e13f4d8fc673c8ade41fb,VCS,2,55,26.5,2026-06-20,0,0.4909,0.5402,Easylove / Elio / Emo / Virgo / rayq,0.003,0.179,1.103,0.574,2907.509,9.291,1.483,1328.799,91.102,36.283,50.7,7.755,0.517,0.521,0.418,0.522,0.529,0.005,-0.164,-0.992,0.103,0.388,1.387,31.546
Dplus Kia,oe:team:ef69efa6acebe94107f0cf1ba716806,LCK,2,97,38.04,2026-06-07,13,0.5361,0.54,Career / Lucid / ShowMaker / Siwoo / Smash,0.025,0.726,0.867,0.457,2819.252,10.277,1.686,1330.398,453.436,1001.71,862.823,19.026,0.521,0.573,0.647,0.661,0.427,0.051,0.322,-0.746,-0.199,0.917,4.175,31.746
Anyone's Legend,oe:team:ed28f87f0cfdba0a2a8f183cebae73a,LPL,1,86,28.32,2026-06-08,13,0.5814,0.5386,Flandre / Hope / Kael / Shanks / Tarzan,-0.004,,0.865,0.473,2718.633,10.352,1.628,1280.679,,,,,0.524,0.524,0.0,0.437,0.0,0.139,0.049,-0.317,0.183,0.43,,32.605
The Secret Club,oe:team:82a01ce538c539d0c25e85a336b70c1,EBL,1,41,12.96,2026-05-27,24,0.4634,0.537,Falleo / Mihai / Passzi / Ryuzaki / STANIK,-0.011,0.006,1.064,0.561,3104.925,8.445,1.127,1288.552,-120.099,-322.922,-21.399,-11.65,0.486,0.365,0.103,0.387,0.567,-0.191,-0.699,-0.293,0.106,0.037,-1.468,32.219
Forsaken,oe:team:9e12a15ab90a0a26c7e4e5308d3924c,EM,2,50,17.59,2026-06-12,8,0.58,0.5364,Bwipo / Decay / Lucker / Scorth / iBo,0.0,0.134,1.284,0.599,3410.882,8.172,1.158,1369.309,50.147,-290.377,55.129,14.199,0.47,0.519,0.445,0.501,0.437,0.027,-0.109,0.412,0.041,0.596,2.499,32.697
Nongshim Esports Academy,oe:team:7c64febcd5ccff13dcd035dc6867a00,Asia Master,2,89,35.1,2026-06-18,2,0.5955,0.5358,Janus / Lucy / Mihawk / Pleata / SeTab,0.006,0.617,1.05,0.565,2908.122,10.28,1.637,1314.271,472.444,851.114,427.701,13.55,0.568,0.569,0.652,0.568,0.535,0.477,0.304,-0.094,0.157,0.624,2.669,31.242
Barcząca Esports,oe:team:a9a549afd3c38f0864a297b85751395,RL,2,56,17.35,2026-05-30,21,0.5714,0.5308,Agresivoo / Artoria / Jactroll / Woolite / mikusik,0.03,0.806,1.219,0.651,3270.659,7.823,1.043,1367.494,524.148,1083.714,439.455,12.667,0.483,0.562,0.53,0.655,0.515,-0.097,0.091,-0.145,0.059,1.569,6.307,30.142
Uwinks,oe:team:342d21aef61df511e384bea62cc7304,LJL,1,52,16.89,2026-06-13,8,0.5577,0.53,Elative / Gimi / Jericho / f4ke / tol2,0.009,-0.051,1.076,0.512,2764.79,8.905,1.263,1293.862,-69.509,-450.397,-235.297,-2.505,0.408,0.359,0.409,0.499,0.328,-0.494,-0.181,-0.34,-0.167,0.088,-0.899,30.934
Aeterna Esports,oe:team:495bf19e203ebbdfbbc8cfc07d01e64,LIT,1,16,4.59,2026-05-01,50,0.4375,0.5282,Alvanai / Banino / Pericolo / Strava / naau,0.002,0.041,1.064,0.543,3076.105,7.698,1.181,1301.559,-389.99,-628.543,-523.505,6.53,0.291,0.464,0.35,0.32,0.558,0.468,-0.23,0.244,0.056,0.496,2.01,30.417
Arctic Pandas,oe:team:7a67af533c794adc567663f9512946e,NLC,2,35,12.3,2026-06-01,19,0.6,0.5281,Boltox / Nille / Simpli / dibu / kehvo,0.023,0.552,1.172,0.597,3142.219,8.275,1.057,1321.461,508.301,599.005,103.928,13.1,0.591,0.56,0.598,0.562,0.555,-0.582,0.197,-0.441,0.17,0.423,1.528,31.216
Zena Esports,oe:team:01d50b1de5bdc717131b31c64378a5b,LIT,1,25,6.56,2026-05-08,43,0.44,0.5268,Jekko / MeMo1 / OrthoZero / Raffy / ilyy,0.021,0.043,1.035,0.53,3072.409,7.766,1.027,1289.55,-153.378,559.085,523.217,0.91,0.573,0.46,0.368,0.6,0.448,-0.02,-0.264,-1.134,0.074,0.206,0.107,32.259
BeFive,oe:team:548579194cfbf70ae730c1f1c24a013,EBL,1,19,2.64,2026-03-03,109,0.5263,0.5231,Coli / Diva / DoubleAiM / Falleo / bakisa,0.007,-0.022,1.55,0.72,3351.904,7.733,1.0,1408.078,-561.073,-175.205,-66.752,7.689,0.453,0.436,0.517,0.517,0.593,0.123,0.122,0.629,0.244,0.965,3.61,29.038
The Bandits,oe:team:ea67a3acb12836582b459a2f6790e5b,ROL,2,56,16.63,2026-06-02,18,0.5536,0.5189,AwerpiS / Bisk / CaviaVampier / Luncafoer / bbmuffin,0.008,-0.067,1.243,0.623,3087.135,6.232,0.885,1346.823,-122.511,-11.373,108.546,-3.403,0.518,0.378,0.33,0.423,0.506,-0.558,-0.315,-0.782,-0.056,-0.21,-0.787,29.756
GOAL,oe:team:007a3c4175ca4f86d9dc49e4f2e9cf8,EM,2,48,17.67,2026-06-09,11,0.5625,0.5184,Abagnale / Druxy / Elix1r / Kuroneel / kPr,0.022,0.234,1.093,0.598,2910.896,8.102,1.092,1345.287,107.507,285.146,-51.321,-7.358,0.668,0.445,0.567,0.494,0.452,-0.655,0.18,0.764,-0.112,0.165,0.694,30.831
FlyQuest,oe:team:2e66da41dc460dd378e3bcc57042d31,LCS,2,60,24.9,2026-06-06,14,0.5,0.517,Cryogen / Gakgos / Gryffinn / Massu / Quad,0.018,0.184,0.847,0.443,2797.326,9.184,1.403,1257.316,135.631,453.249,758.833,9.114,0.482,0.475,0.531,0.434,0.567,-0.229,0.081,0.146,0.171,-0.152,-0.75,32.359
Once Upon A Team,oe:team:e1cbefa2c9766f5deaa96d958a31e89,ROL,1,38,10.33,2026-05-28,23,0.4474,0.5154,Baumeef / Colomblbl / Owpi / Space / rym,0.014,0.055,1.34,0.656,3400.251,7.015,0.923,1315.465,87.859,53.336,-83.036,-0.226,0.568,0.706,0.533,0.623,0.665,0.266,0.065,-0.954,0.363,0.419,1.518,30.474
New Meta,oe:team:b8cbf95996f731f1a69e7b713b81542,LJL,1,57,13.45,2026-06-03,17,0.5965,0.5141,Alps / HRK / UKyo / advance / suyahime,0.022,0.201,1.067,0.512,2935.46,8.736,1.371,1294.313,59.793,454.872,500.592,18.741,0.582,0.339,0.501,0.57,0.527,-0.825,0.047,0.358,0.043,0.152,0.613,32.83
JD Gaming,oe:team:b42d0f31f2727621b963042276817c4,LPL,2,108,34.17,2026-06-06,14,0.5185,0.511,GALA / HongQ / JunJia / Vampire / Xiaoxu,0.008,0.123,0.851,0.451,2695.411,10.611,1.675,1282.719,-41.599,169.975,-76.295,6.087,0.543,0.671,0.048,0.596,0.035,0.86,0.221,0.658,-0.08,-0.197,-2.877,32.074
Unicorns of Love Sexy Edition,oe:team:6a060bd74c9041bf0aa89adf9d15d12,PRM,3,64,17.42,2026-05-21,30,0.5469,0.509,DenVoksne / Fornoreason / RoyalKanin / Twiizt / White,-0.017,-0.822,0.955,0.436,2908.147,7.638,1.126,1316.779,-679.14,-1222.715,-799.046,-10.158,0.285,0.451,0.322,0.37,0.458,-0.311,-0.279,-0.532,0.011,-0.169,-0.215,31.893
Sentinels,oe:team:f90422f1cbcb24bc2a855202582ec29,LCS,3,61,18.71,2026-05-30,21,0.4918,0.5047,DARKWINGS / HamBak / Impact / Rahel / huhi,-0.006,-0.077,0.793,0.394,2715.369,10.028,1.469,1237.742,-112.572,-176.485,-142.961,-2.246,0.445,0.584,0.415,0.515,0.444,0.486,-0.12,-0.727,-0.059,0.401,0.955,34.265
Lille Esport,oe:team:f9d5cf621532c5ac51e0947d7098b7f,NL,2,29,8.86,2026-05-31,20,0.4483,0.504,MélyaP / Satto / Sukru / shidolovell / Évangelyne,0.028,-0.029,1.054,0.567,2801.562,8.178,1.21,1288.459,-495.387,-69.487,29.029,-15.946,0.43,0.378,0.682,0.316,0.496,0.096,0.364,0.04,-0.021,-0.086,0.428,32.28
INTZ,oe:team:bcb21457414eb9be1d27489ff7e8e59,CD,1,20,8.75,2026-05-19,32,0.5,0.5027,Kiari / Leleko / StineR / konseki / scuro,0.015,0.312,0.947,0.501,2923.807,9.522,1.486,1295.181,221.796,-237.358,-272.323,-8.161,0.627,0.288,0.446,0.456,0.48,0.402,-0.107,0.152,0.385,1.408,6.283,32.534
JSK Esports,oe:team:dd631b69f8b10f77cca43d43d01afc1,AL,1,40,15.73,2026-06-04,16,0.425,0.5013,Dean / Juggernaut / Lokmays / Skream / Tayron,-0.017,-0.336,1.251,0.606,3140.867,7.23,1.057,1316.908,-237.943,-358.968,36.653,0.68,0.526,0.353,0.406,0.49,0.378,-0.423,-0.16,0.425,-0.26,-0.058,-0.565,31.324
A One Man Army,oe:team:8e2b0d0cd75672565eb80d7e5beaa92,CCWS,1,2,0.2,2026-01-23,148,0.5,0.5003,Artoria / Dome / Smurfe / Urban / Xay,0.006,-0.619,0.759,0.444,2638.843,9.077,1.675,1284.377,-2199.201,-1045.179,-898.623,-41.499,0.0,0.0,0.5,0.5,0.5,0.502,0.001,0.999,0.001,-1.996,-5.988,34.925
Trupe dos Falange,,CD,1,4,2.5,2026-05-22,30,0.5,0.4997,Bugi / Fetty / Mikasa / Moeeb / Slint,0.011,-0.796,1.443,0.709,3335.398,7.688,1.004,1410.519,-1073.886,-1758.276,-1481.465,-22.014,0.0,0.0,0.75,0.25,0.5,-1.502,0.5,2.5,-0.501,0.746,1.737,29.702
Top Esports Challenger,oe:team:eaeaad6cbcd022d2b872d4776aae2e6,Asia Master,1,10,8.74,2026-06-15,6,0.5,0.498,Bolt / SYWJJ / XBY / hanghang / pool,-0.055,-1.278,1.128,0.51,2604.581,8.8,1.446,1239.134,-886.978,-2346.205,-1067.32,-29.393,0.391,0.792,0.602,0.504,0.498,1.291,0.205,0.615,0.186,-0.261,-3.772,27.57
Cloud9,oe:team:fc8e90107dabb9a35c490b0d86adea0,LCS,3,66,23.45,2026-06-13,7,0.5758,0.4955,APA / Blaber / Thanatos / Vulcan / Zven,-0.013,0.097,0.774,0.374,2661.458,9.229,1.412,1253.88,175.093,-34.237,-251.407,6.862,0.585,0.431,0.509,0.561,0.463,0.076,0.043,-0.075,-0.093,-0.236,-0.771,32.341
PCIFIC Esports,oe:team:7ba6ff95bd253626fa2956aef446720,EM,2,50,21.68,2026-06-11,9,0.48,0.4946,Aytekn / Beplush / FireAscept / Nawa / Stalken,0.031,0.426,0.968,0.519,2658.719,8.235,1.12,1312.403,260.833,482.472,241.618,5.429,0.581,0.45,0.494,0.472,0.499,-0.289,0.047,0.116,0.013,0.033,0.395,31.168
ALMO Players,oe:team:d887f959651ea0a6cc518138d1e2d06,HLL,1,35,6.87,2026-05-19,32,0.3714,0.4944,Ambush / Azu / Cripple / Raizy / Tochas,-0.038,-1.024,1.316,0.596,3128.661,7.344,1.042,1304.414,-719.431,-1985.242,-1954.284,-30.332,0.374,0.665,0.398,0.393,0.403,0.463,-0.187,-0.217,0.079,-0.493,-1.384,28.947
Lenovo Legion Honvéd,oe:team:f099ce1a14c9b88426484eea075e093,EBL,1,23,7.44,2026-05-21,30,0.4783,0.4943,Bala / Blueboar / Endless / Lagolinas / Mood,0.013,0.157,1.528,0.772,3090.418,6.844,0.888,1348.395,-111.086,138.054,-383.076,-4.354,0.562,0.42,0.65,0.624,0.409,0.269,0.299,1.556,0.092,-0.092,-0.014,27.102
Cães de Água,,LPLOL,1,6,0.96,2026-02-26,115,0.5,0.4911,CDA Chambel / D4rtaine / RealR / Semide / Wuis,-0.046,-0.552,0.992,0.519,2626.179,6.98,1.06,1240.297,-617.3,-635.09,-226.515,-20.465,0.667,0.333,0.0,0.315,0.491,-0.387,-0.685,-1.071,-0.018,-1.336,-6.131,30.356
Barça eSports,oe:team:2d1b8a518ba70fe8352fb0fdd8aec1a,LES,2,43,16.18,2026-06-05,15,0.5116,0.489,Koldo / Legolas / Macaquinho / Oscure / selenex,0.003,0.005,1.097,0.584,2957.147,8.869,1.182,1310.976,-105.09,-228.601,-524.31,-19.123,0.56,0.583,0.548,0.41,0.369,0.608,0.104,-0.153,-0.023,0.051,2.064,32.339
Ultra Prime,oe:team:8d09428f093dfbf3c488bce350af0b1,LPL,1,25,6.38,2026-05-15,37,0.36,0.4879,Climber / Hena / Saber / Xiaoxia / sasi,-0.041,,0.767,0.381,2483.074,9.833,1.579,1237.388,,,,,0.413,0.336,0.0,0.354,0.0,0.022,-0.016,-0.807,0.066,-0.976,,34.124
Weibo Gaming,oe:team:606c6ac695907af3823ee6405c58ff1,LPL,1,84,20.65,2026-05-24,27,0.4762,0.4845,Elk / Jiejie / TheHank / Xiaohu / Zika,-0.013,,0.817,0.382,2700.743,9.875,1.75,1238.012,,,,,0.423,0.451,0.0,0.363,0.0,-0.247,-0.309,-0.86,-0.02,-1.192,,33.218
Colossal Gaming,oe:team:35d740411d9f9072f939b1faf33a6e2,LIT,2,43,8.82,2026-05-15,36,0.5349,0.4843,Fragola / Nash / PiskHello / Sharon / lobellan,-0.032,-0.478,1.035,0.451,2812.918,7.788,1.142,1276.163,-259.871,-686.305,-662.083,-0.303,0.351,0.365,0.576,0.479,0.418,-0.859,0.222,1.452,-0.199,0.277,1.601,29.158
KT Rolster,oe:team:d723992568441c6bafa2658129eade7,LCK,2,70,29.23,2026-06-13,8,0.5,0.4838,Aiming / Bdd / Cuzz / Effort / PerfecT,-0.027,-0.27,0.887,0.432,2777.741,10.237,1.694,1251.898,14.093,-47.795,-304.556,-3.744,0.503,0.496,0.47,0.521,0.383,-0.417,-0.058,0.616,-0.315,-0.347,-1.681,33.266
LOUD,oe:team:658a021a796aa5501503220adb38cf4,EWC,3,64,22.54,2026-06-11,9,0.5156,0.4835,Bull / Envy / YoungJae / uZent / xyno,-0.022,-0.324,0.841,0.378,2676.692,9.431,1.47,1239.821,-42.868,-283.888,-293.438,-4.975,0.43,0.514,0.391,0.571,0.467,0.08,-0.123,0.822,0.076,-0.416,-1.918,33.694
CCG Esports,oe:team:048e91c09583c84485494a087471c3f,NACL,1,35,18.67,2026-06-05,15,0.5429,0.4833,Aojune / Cody Sun / Dardoch / Fiji / Only35,-0.025,-0.934,0.793,0.358,2651.942,8.641,1.343,1207.503,-573.392,-872.89,-799.097,-26.974,0.431,0.377,0.386,0.333,0.429,-0.808,-0.215,0.512,-0.055,-1.196,-5.058,34.502
NOVEX,oe:team:712397f5e921b372b59b907a485387e,LJL,1,37,5.43,2026-04-19,63,0.5676,0.4833,Aquila / Cryo / Ls / PonG / Sunleaf,-0.023,-0.559,1.24,0.619,2841.822,7.954,1.102,1277.859,-297.686,-416.625,-129.947,-4.684,0.462,0.533,0.332,0.501,0.335,-0.926,-0.336,0.005,-0.103,-0.518,-1.779,29.989
DN SOOPers Academy,oe:team:00ae39840233a9dc8db235166c32ba7,LAS,1,55,16.94,2026-05-09,43,0.4909,0.4815,AKIRA / Elbow / Junu / Revenge / Soft,-0.014,-0.265,1.057,0.505,2896.675,9.015,1.442,1291.306,-237.759,-334.697,-367.527,-14.071,0.504,0.473,0.538,0.436,0.454,0.328,0.077,0.34,0.119,-0.391,-2.369,31.643
BK ROG Esports,oe:team:c40f6d0d20a7a718c60342e48c144a2,LFL,1,12,1.54,2026-02-19,121,0.5,0.4793,Boda / Doss / Jeykup / Sayn / UNF0RGIVEN,-0.003,-0.096,0.847,0.406,2668.934,8.692,1.278,1301.766,11.546,76.749,816.087,13.419,0.345,0.581,0.4,0.471,0.326,0.19,-0.2,0.649,-0.286,-0.383,-0.256,31.864
LODIS,oe:team:6d98739f80c37e5b5c2431950983a05,RL,1,24,6.81,2026-05-20,31,0.4167,0.478,Blesia / Klorell / Kokos / Syrpy / lee sang,0.016,0.371,1.163,0.66,3245.433,7.901,1.099,1363.332,142.935,427.905,425.032,8.844,0.396,0.33,0.328,0.557,0.556,0.654,-0.344,0.55,-0.039,0.215,2.253,34.999
Barulhinhos,,CD,1,19,12.25,2026-06-05,15,0.5263,0.4774,Mewkyo / Sant / Snalt / Vahvel / random,-0.016,0.101,1.095,0.529,2858.029,8.169,1.179,1277.104,16.309,-108.571,364.186,14.139,0.602,0.435,0.395,0.584,0.518,-0.204,-0.147,0.245,0.096,0.45,1.606,31.512
ThunderTalk Gaming,oe:team:df80f468a3f9a722df056fe9104f052,LPL,1,42,16.15,2026-06-02,18,0.3571,0.477,Ahn / Feather / Heru / Junhao / Keshi,-0.009,,0.902,0.439,2632.884,9.739,1.563,1263.997,,,,,0.388,0.344,0.0,0.492,0.0,-0.973,-0.086,-1.203,-0.108,-0.782,,31.006
Fast8,oe:team:390730735824ec635b22c708a522a9d,LJL,1,31,4.89,2026-04-19,63,0.4516,0.4746,F8 aspire / F8 hanya / Fubuki / MayR / raku,0.016,0.628,0.953,0.489,2776.856,8.414,1.305,1271.306,521.193,481.57,676.1,12.951,0.486,0.439,0.631,0.323,0.538,0.446,0.263,0.369,0.125,-0.242,1.074,31.678
Los Ratones,oe:team:2d096df29ab7e32950c86e0d72fc986,LEC,1,11,1.2,2026-02-08,132,0.4545,0.4741,Baus / Crownie / Nemesis / Rekkles / Velja,-0.043,-0.855,0.72,0.326,2591.739,10.03,1.707,1274.869,-966.242,-1430.92,-1483.008,-19.472,0.361,0.563,0.28,0.483,0.29,-0.111,-0.44,-1.779,-0.411,-1.393,-5.573,34.0
Epitomy Masters,,LIT,1,10,1.14,2026-02-14,126,0.5,0.4711,EPTM Aarrow / EPTM Mozziii / Lesranct / Wall / mirza,-0.004,0.583,1.202,0.645,3154.869,7.897,1.09,1315.218,89.051,1384.197,1721.311,11.834,0.482,0.56,0.399,0.526,0.596,0.272,-0.202,-0.689,0.388,-0.128,-1.141,32.008
Deer Gaming,oe:team:a8bceda2a1b90c65a5e07513244ee6e,NLC,1,26,12.79,2026-06-03,17,0.5,0.4708,Hankat / Kakarot / Scuffed / Virtuso / uden,0.0,-0.077,1.071,0.507,3023.671,7.873,1.082,1235.229,221.963,-46.774,-379.546,3.93,0.527,0.543,0.695,0.642,0.422,-0.627,0.39,1.615,-0.233,0.023,0.908,32.717
Ruddy Corporation,oe:team:b1db6fe70c0141676d7a2e2660bd869,EM,2,34,17.61,2026-06-08,12,0.3529,0.4697,Ag0nyPain / FredSpaghet / MadsF / Markus / ugandan fighter,-0.058,-1.226,1.127,0.489,2920.47,7.808,1.081,1232.323,-884.715,-1755.466,-974.923,-39.966,0.514,0.478,0.22,0.305,0.392,0.696,-0.561,-1.243,-0.064,-1.86,-7.58,31.997
Natus Vincere,oe:team:d2ba9f92d85cff67d60aaad88e61048,LEC,2,56,19.21,2026-05-30,21,0.5179,0.4695,Maynter / Parus / Poby / Rhilech / SamD,-0.003,-0.207,0.836,0.394,2486.62,10.344,1.68,1301.909,-203.029,100.811,359.529,-2.03,0.425,0.508,0.598,0.539,0.469,-0.102,0.195,0.977,0.06,-0.171,-0.307,33.583
Ninjas in Pyjamas,oe:team:48d7941ccbd5b89aca46c57b0c2f8fb,LPL,1,67,21.33,2026-05-24,28,0.5075,0.4688,Assum / Care / Guwon / HOYA / Zhuo,0.007,,0.846,0.42,2629.214,10.401,1.685,1278.441,,,,,0.434,0.607,0.0,0.579,0.0,-0.225,-0.309,0.119,-0.046,-0.204,,33.428
GiantX,oe:team:6cd05f0ac20bfb965a59dc8bcc4f184,LEC,2,58,19.96,2026-06-01,19,0.4828,0.4686,ISMA / Jackies / Jun / Lot / Noah,-0.038,-0.65,0.838,0.377,2600.652,10.134,1.653,1240.605,-203.12,-785.872,-449.493,-7.858,0.527,0.469,0.456,0.353,0.293,-0.01,-0.089,-0.34,-0.366,-1.461,-6.175,33.311
EXILE esports Academy,oe:team:f2e3e9070901904770f03d30d8b2c25,HC,1,28,13.53,2026-06-13,7,0.5357,0.4681,Dzejno / Lexendo / Lukyss / Xanfii / starkyy,-0.034,-0.184,1.56,0.707,3428.924,6.171,0.77,1339.594,229.379,-363.824,-100.807,19.19,0.304,0.623,0.592,0.444,0.461,0.429,0.183,0.177,-0.031,-0.385,-1.503,28.848
Team Vitality,oe:team:e8d8ae992fe72acb7adc7bfcee31dbb,LEC,2,56,18.5,2026-05-31,20,0.5357,0.4667,Carzzy / Fleshy / Humanoid / Lyncas / Naak Nako,0.015,0.39,0.848,0.43,2923.304,9.887,1.65,1295.225,398.898,708.152,214.792,3.56,0.487,0.396,0.513,0.618,0.526,-0.397,0.091,0.465,0.012,0.063,0.977,35.39
Senshi eSports,oe:team:9b09acb83880c52f76efbb9b6d17c2d,ROL,1,37,10.23,2026-05-21,30,0.4865,0.4661,Enkil / Guertas / Ilyxøu / Numandiel / Sidav,-0.006,-0.089,1.132,0.558,2965.957,7.838,1.039,1259.465,47.963,-186.149,-358.049,-16.27,0.487,0.506,0.518,0.476,0.372,0.374,0.116,-0.477,0.01,0.52,1.902,33.155
Vantex Esports,oe:team:461a03a938047113d47b401e54c4499,EM,2,16,2.96,2026-03-12,100,0.5,0.4653,Ace / Inzuh / Renewal / TheGreatGary / Tochas,-0.015,-0.493,1.224,0.552,2957.048,7.373,1.075,1291.314,-439.714,-256.611,16.623,6.395,0.353,0.499,0.469,0.659,0.408,-0.139,-0.061,1.474,-0.299,-0.419,-2.11,29.176
Dream Esports,oe:team:c1251b4b5ed379516bc6f58808924d7,LPLOL,1,7,3.4,2026-05-22,29,0.4286,0.4647,Aspect / BANKAI / Flashpowa / Hamsi / Varin,-0.052,-0.686,1.152,0.571,2899.003,7.465,1.033,1238.892,292.433,-999.621,-131.599,-20.632,0.569,0.554,0.227,0.501,0.465,0.607,-0.412,-1.724,-0.071,-1.661,-7.05,27.1
3BL Esports,oe:team:bfd5446b1eba9098e03dfaa63a1c391,AL,2,68,13.44,2026-05-08,43,0.4118,0.4641,Frozen / Jalleba / ShizuOo / Sotsy / c0st0m,-0.014,-0.564,1.181,0.578,3072.032,7.827,1.137,1284.239,-321.014,-936.282,-683.64,-14.46,0.658,0.515,0.356,0.335,0.397,-0.108,-0.226,-0.721,-0.202,-1.319,-4.566,30.439
CITA Kaizen Academy,oe:team:bfea0f3778fe0a0a1d74fef09e5bce6,HC,1,25,12.21,2026-06-03,17,0.48,0.4622,Blek / Maty / Młody G / Vorkis / dylux,0.033,0.267,1.127,0.596,3013.172,7.012,0.834,1304.808,110.855,-106.058,202.936,-0.763,0.464,0.519,0.375,0.46,0.551,-0.099,-0.25,-1.168,-0.033,0.15,0.365,31.597
Caldya Esport,oe:team:91b412c563fc3316ad48e31547a3143,NL,2,23,11.74,2026-06-06,14,0.4783,0.4617,Drali / Gordinho / Jeskla / Kiki / Marbirius,0.017,-0.019,0.913,0.42,3005.964,8.627,1.249,1280.621,-296.717,23.241,-73.391,-4.345,0.482,0.66,0.387,0.512,0.505,-0.658,-0.22,0.475,-0.156,-0.194,0.135,34.083
Blue Otter,oe:team:009345cfebfe411229f8fad11210219,NACL,1,35,20.99,2026-06-20,0,0.3714,0.4614,Ariana / Munchy / Rovex / Samikin / Spawn,-0.01,0.196,0.898,0.483,2839.612,8.689,1.216,1232.594,345.117,510.034,584.794,13.512,0.623,0.602,0.385,0.458,0.431,0.88,-0.186,-0.491,-0.154,-0.629,-1.838,32.856
GMBLERS Esports,oe:team:eb2f7366b23f654102ef78cfbd9ab56,EM,2,57,18.56,2026-06-08,12,0.5088,0.4606,DejaVu / Mario / Rharesh / Shredder / SkaR,-0.05,-0.846,1.082,0.516,2873.231,8.168,1.195,1227.466,-399.292,-1140.627,-1010.394,-25.113,0.43,0.64,0.245,0.323,0.441,0.614,-0.468,-1.128,-0.037,-1.647,-7.387,30.033
Vitality.Bee,oe:team:ccd089bf173a5fff1063eb0576201a7,LFL,1,29,9.09,2026-05-21,30,0.4138,0.4594,Czajek / Dawciu / Dekap / Potent / Yakkey,0.003,0.235,0.964,0.467,2777.881,8.942,1.293,1270.76,354.371,58.351,-144.711,9.332,0.533,0.479,0.654,0.624,0.411,-0.537,0.309,0.141,-0.348,-0.378,-1.012,35.044
BAAM Esports,oe:team:b1a205489742f1e0600c6489b5d15a8,AL,2,71,15.75,2026-05-20,31,0.493,0.4563,Improver / choego / handm / sas / shibi,-0.022,-0.381,1.231,0.578,2891.774,7.898,1.125,1302.543,-133.029,-468.697,-395.432,-14.392,0.37,0.683,0.59,0.375,0.372,0.395,0.205,0.497,0.04,-1.028,-4.629,30.197
GnG Amazigh,oe:team:c9d247506c051256fff4babbcfcab82,AL,1,65,17.9,2026-06-05,15,0.4154,0.4562,Enoch / Exan / Jasten / Shourdy / Soufiane,-0.007,-0.422,1.139,0.522,3087.541,8.65,1.1,1308.136,-265.115,-841.36,-728.809,-7.263,0.49,0.241,0.25,0.498,0.377,-0.22,-0.436,-0.293,-0.227,-0.254,0.109,31.788
Fukuoka SoftBank HAWKS gaming,oe:team:d8ca3fc1f0827ec76369af7b70d43e3,LCP,2,62,19.02,2026-05-24,28,0.4839,0.4556,Aria / Evi / Marble / Van1 / Vsta,-0.022,-0.071,0.766,0.379,2592.324,9.75,1.66,1227.442,21.606,197.623,-19.436,-4.791,0.463,0.4,0.25,0.419,0.493,0.08,-0.4,0.147,-0.023,-0.536,-1.587,32.867
Bulldog Esports,oe:team:4ccccd4b7c3dba7d799d52c4b78634d,NLC,1,23,7.84,2026-05-29,22,0.4783,0.4546,KKT / Kasing / Ronaldo / Szygenda / reje,0.03,0.526,1.155,0.591,2924.965,7.763,1.104,1337.194,171.757,787.51,295.022,17.016,0.552,0.369,0.797,0.55,0.369,-0.364,0.594,1.626,-0.097,2.072,9.777,30.554
RAYN Clocks,oe:team:d8e5b2802083135d9056d7d02d92f73,LJL,1,46,14.02,2026-06-04,17,0.5,0.4522,Fluid / Gecko / Kangkuk / Razer / chico,-0.011,-0.606,1.189,0.599,3059.613,9.271,1.432,1275.733,-669.538,-709.941,-151.078,-22.242,0.354,0.543,0.458,0.453,0.461,-0.004,-0.052,-0.431,0.026,-0.967,-3.051,31.929
GIANTX iTero,oe:team:4349ed857362135b73b20e8b27c4114,LES,1,21,7.71,2026-05-21,30,0.4762,0.4521,Attila / Flakked / ManoloGap / Miniduke / Th3Antonio,-0.012,-0.421,1.046,0.505,2771.742,8.338,1.365,1268.629,-283.722,-609.607,-698.72,-17.5,0.451,0.47,0.623,0.534,0.516,-0.255,0.247,-0.084,-0.009,-0.076,-0.9,31.181
Andromeda Gaming,oe:team:35b8b37ab87d44db8717e12c2164e2e,HC,2,35,13.23,2026-06-07,13,0.4286,0.452,Cherry / Palco / Pongo / TalentLess / skakavka,-0.028,-0.561,1.231,0.563,2852.393,6.63,0.842,1275.997,-30.917,-203.325,-111.098,-2.616,0.595,0.373,0.591,0.435,0.405,-0.801,0.205,0.608,0.052,-1.453,-5.433,30.28
ZEN Esports,oe:team:2b8caed4d341367e34ba037b911adb0,VCS,1,24,18.37,2026-06-19,1,0.4583,0.4512,Charlington / GiaQui / SCP / Solis / Zin,-0.004,0.688,1.115,0.579,2850.832,9.035,1.377,1336.588,828.524,1168.105,528.708,4.419,0.743,0.426,0.803,0.607,0.318,0.284,0.607,2.057,-0.248,-0.424,-1.645,31.283
Periquitos Zangados Gaming,,LPLOL,1,4,0.62,2026-02-26,114,0.5,0.4506,PZG ALPX / PZG Furukisu / PZG KappaKarma / PZG Luckmeow / PZG Vibzz,-0.11,-2.301,1.065,0.392,2317.866,6.781,0.844,1121.657,-1763.306,-3647.877,-1614.084,-56.807,0.5,0.775,0.225,0.0,0.451,0.45,-0.324,-0.297,0.127,-2.593,-13.432,32.234
DeathMark E-Sports,oe:team:b470f55106006bfa391ec1beeecf214,NACL,1,13,9.53,2026-06-20,0,0.4615,0.4466,Good Boi / Karsiak / Potato / SirZepre / Verdict,-0.011,-0.905,1.158,0.515,2742.1,8.096,1.385,1265.891,-779.258,-1540.783,-1536.807,-26.515,0.403,0.388,0.223,0.403,0.387,-0.91,-0.494,-0.311,-0.392,-1.156,-6.706,31.8
Lotus,oe:team:068598211100000c050b32c63748313,NACL,1,9,8.66,2026-06-19,1,0.4444,0.4436,Geiger / Mixtsure / Reppy / Shernfire / Shogo,0.013,-0.218,0.895,0.431,2807.07,8.828,1.415,1294.666,-258.181,-574.908,-163.307,-12.307,0.336,0.556,0.78,0.56,0.556,-1.211,0.56,-0.307,0.228,-0.122,0.98,32.428
Francesinhas,,LPLOL,1,13,4.36,2026-05-22,29,0.4615,0.4429,Favorito / LVS / NOMA / Ze Luis / costy,0.062,0.202,1.204,0.612,3026.448,7.773,1.069,1317.821,-75.208,135.969,306.23,13.016,0.443,0.472,0.693,0.528,0.466,0.668,0.387,0.823,0.268,1.395,7.966,28.542
Ozarox Esports,oe:team:4279656a6e1da347d3f03d61764ee2f,TCL,1,20,10.17,2026-05-26,25,0.5,0.4427,Cape / Fade / Grave / StarScreen / monkaS,-0.072,-0.577,0.992,0.419,2581.624,7.447,1.147,1230.144,-155.967,-496.962,-186.711,13.435,0.602,0.488,0.485,0.532,0.322,0.067,0.037,-1.212,-0.312,-1.285,-4.243,30.83
wangting,oe:team:ff6d6552ee3ce383d533d88a5901d23,PCS,1,8,4.33,2026-05-27,25,0.5,0.4421,Cid / Dotmm / Feng55 / Killer2 / Rbow,-0.036,-0.333,1.4,0.623,3005.283,7.775,1.118,1324.448,104.514,-222.767,219.503,2.673,0.279,0.361,0.599,0.442,0.279,0.379,0.198,1.779,-0.198,-1.431,-3.844,27.661
Spartans EU,oe:team:47b42682b2e385ccdd4ad721b279c86,HLL,1,14,4.48,2026-05-07,44,0.3571,0.439,Alex / Lagas / SM / Septico1 / Xeonerr,-0.024,-1.039,1.184,0.532,3047.025,7.101,0.948,1273.993,-895.276,-1429.645,-1225.916,-23.996,0.47,0.509,0.635,0.407,0.439,0.422,0.271,0.625,-0.195,-0.945,-3.428,29.094
Magaza Esports,oe:team:8b7f6ca4d6c6251072fa4044da4d8b3,EM,2,27,15.06,2026-06-08,12,0.4815,0.4386,Archfiend / Crem / FSZ / Metroflox / justcan,-0.006,0.343,1.079,0.517,2822.312,8.134,1.269,1286.482,344.358,980.645,653.219,14.48,0.593,0.469,0.593,0.673,0.367,-0.384,0.213,-1.239,0.038,0.128,2.075,30.422
Anonymo Esports,oe:team:63ae9b77e466107d6e94d22f956a48a,RL,1,34,10.94,2026-05-26,25,0.5,0.4383,HeSSZero / Joki37 / Raxxo / Sobek / ejsner,-0.046,-0.709,0.959,0.464,2818.467,7.427,1.078,1220.518,-271.042,-688.071,-525.21,-11.584,0.418,0.584,0.422,0.358,0.389,-0.087,-0.12,-0.313,-0.057,-1.378,-5.653,31.969
mCon esports,oe:team:ee662fa8580ced6fb87aa4ca5b1fe7b,EM,2,57,18.91,2026-06-08,12,0.4035,0.4353,Aliplane / MaiYuk / Pipibaat / ScienTrist / Tibor,-0.023,-0.339,1.12,0.515,2895.928,7.476,1.049,1248.969,-219.529,-453.784,-338.491,-0.938,0.427,0.441,0.478,0.396,0.405,0.221,-0.04,0.958,-0.046,-0.465,-1.323,30.049
G3V E-sports,oe:team:cc8042c0abb3ae4594c102aef13bfe3,LRN,1,31,11.55,2026-06-09,12,0.4839,0.4341,Challenq / Crecre / Gato / Piqueos / Scenario,-0.055,-0.727,1.038,0.451,2724.276,8.457,1.264,1217.266,-568.95,-873.765,-590.992,-18.497,0.293,0.28,0.475,0.431,0.297,-0.356,0.001,-1.162,-0.25,-1.61,-6.513,31.598
Ronaldo Team,,LPLOL,1,11,6.6,2026-05-29,22,0.4545,0.4329,Dreampull / FallenBandit / Nomanz / RDT raisu / Shiganari,0.019,0.298,1.343,0.631,3529.79,7.067,1.015,1362.491,128.326,551.574,-27.492,36.219,0.259,0.607,0.203,0.646,0.433,0.087,-0.488,0.274,-0.323,-0.819,-0.52,29.566
BNK FEARX Youth,oe:team:20edec57649c30e1ed81e4b42634ac1,LCKC,1,64,23.68,2026-05-28,24,0.4219,0.4321,FIESTA / Kangin / Luon / Slayer / Zephyr,-0.017,-0.182,1.088,0.486,3001.898,9.372,1.61,1282.797,67.813,-157.162,-416.991,16.741,0.386,0.424,0.401,0.568,0.401,-0.658,-0.199,0.775,-0.132,-0.512,-0.838,30.734
Vivo Keyd Stars,oe:team:b9e44c69c1a70fb35df9be96f9eafea,EWC,2,50,14.8,2026-06-13,7,0.42,0.4276,Disamis / Mireu / ceo / scamber / zekas,-0.07,-0.965,0.919,0.403,2885.456,9.223,1.429,1203.11,-274.28,-1038.279,-345.472,-17.052,0.415,0.358,0.572,0.292,0.4,-0.423,0.171,-0.476,-0.218,-1.685,-5.774,33.605
Yang Yang Gaming,oe:team:4c8ce94c32c391c558644af9a3cd884,LJL,1,17,3.88,2026-04-19,63,0.3529,0.424,YYG NONO / YYG Nafta / iu / kumuo / wada1,-0.038,-1.076,1.118,0.482,2564.187,7.753,1.0,1183.64,-967.763,-1700.119,-1254.174,-22.515,0.474,0.33,0.365,0.622,0.482,-0.951,-0.269,1.235,0.11,-0.893,-3.68,28.555
Citadel Gaming,oe:team:e87c7d57b92c16e76f7e040342a4bc3,NACL,1,20,7.37,2026-05-15,36,0.4,0.4219,Array / Bradley / Griffin / Keel / Stray,-0.008,-0.135,1.009,0.468,3137.791,8.099,1.23,1237.317,-23.558,3.773,-697.734,-5.991,0.494,0.428,0.491,0.616,0.493,-0.385,0.021,0.82,0.106,-1.039,-2.266,32.803
Galions Sharks,oe:team:70930cb6eb35f5c8f86248c4ea2a454,NL,2,16,6.71,2026-05-24,28,0.375,0.42,Dream / Infoneral / Marty / SwiT / jokaa,-0.017,-0.075,0.98,0.456,2744.37,8.164,1.22,1229.732,-213.971,-214.607,-339.793,1.054,0.493,0.309,0.434,0.497,0.339,-0.511,-0.132,-0.231,-0.175,-1.06,-2.676,31.498
Bushido Wildcats,oe:team:105f13a20172b3dbd963c7738617873,TCL,2,48,10.44,2026-05-20,31,0.5,0.4195,Ersin / Jeyrus / Kurama / Virgo / Warner,-0.02,-0.579,1.118,0.55,2861.625,8.715,1.29,1307.199,-244.294,-292.169,-176.874,-18.233,0.539,0.519,0.363,0.467,0.548,0.027,-0.215,-0.841,-0.158,-1.129,-3.475,33.753
Bubliki,oe:team:bf162bab8e051f463d8b675dba0639e,EM,2,21,12.43,2026-06-08,12,0.4762,0.4187,CrabLord / D4SH / Demonadc / Sankaizer / ardaffler,-0.082,-1.579,1.259,0.544,2623.431,7.69,1.092,1220.203,-1261.441,-1880.58,-687.025,-34.874,0.344,0.444,0.323,0.268,0.48,-0.224,-0.309,-1.26,0.088,-2.17,-8.651,28.587
Fluxo W7M,oe:team:45c362a0cfc4b81f597b5ab89250df5,EWC,2,46,20.76,2026-06-10,10,0.413,0.4168,BAO / Momochi / Peach / cody / curty,-0.011,-0.408,0.837,0.401,2689.988,10.445,1.554,1231.209,-353.954,-621.114,28.509,-10.459,0.576,0.56,0.604,0.35,0.425,0.263,0.209,0.724,-0.139,-0.982,-3.646,33.112
ZennIT,oe:team:79fc65ce199f2e4fe97e277bdef6695,ROL,1,43,12.85,2026-06-11,9,0.3721,0.4094,Dolis / Hatred / Jamie / Smart / Sïgma,-0.039,-0.151,1.036,0.485,2738.288,8.291,1.194,1233.522,131.916,1.007,-413.667,-7.016,0.653,0.503,0.462,0.479,0.396,-0.663,-0.067,0.283,-0.307,-1.635,-7.336,33.485
Meavedron,oe:team:3ab1da3e7d4f6beb00abafe38746ebd,HM,2,41,12.37,2026-05-31,21,0.4634,0.4093,Albi / Baro / Dyego / Royeq / SiroN1,-0.064,-0.895,1.508,0.682,3165.58,7.055,0.865,1298.555,-300.419,-1337.208,-1520.782,-37.348,0.555,0.578,0.31,0.386,0.394,0.08,-0.298,-1.602,-0.016,-2.181,-8.252,28.172
BNK FEARX,oe:team:5c2e7e9ea8dfcba0150d9a5619baecf,LCK,3,90,25.94,2026-05-30,22,0.4444,0.407,Clear / Kellin / Raptor / Taeyoon / VicLa,-0.038,-0.506,1.013,0.461,2862.769,9.616,1.585,1254.706,-207.45,-628.973,-294.211,-3.112,0.362,0.424,0.45,0.553,0.398,-0.364,-0.097,-0.086,-0.099,-0.711,-2.447,31.876
Gen.G Scholars,oe:team:86318836d208e1ac7c6cc6ae0d4afbe,LAS,1,67,25.32,2026-05-17,35,0.4179,0.4061,Bean / Harusary / Hayes / Hypnos / Lancelot,-0.018,-0.118,1.211,0.565,3065.824,8.602,1.345,1308.958,-3.096,-100.863,-366.991,2.11,0.471,0.36,0.459,0.485,0.393,-0.5,-0.05,0.037,-0.319,-0.961,-2.901,29.692
LGD Gaming,oe:team:5f401785b6b78326f9a46b3c6b206ed,LPL,1,45,17.99,2026-06-05,16,0.4444,0.4019,Burdol / Heng / Shaoye / Tangyuan / Ycx,-0.003,,0.754,0.349,2431.799,10.377,1.664,1235.88,,,,,0.419,0.444,0.0,0.62,0.0,-0.409,0.043,1.871,-0.27,-0.45,,32.742
Hanwha Life Esports Challengers,oe:team:2a5e5fceaa40b335ebc6b49359abf62,LCKC,1,68,22.03,2026-05-28,24,0.3971,0.3997,Bluffing / Cracker / Jackal / Panther / Pyeonsik,-0.013,-0.473,0.946,0.456,2681.078,9.571,1.609,1243.303,-245.438,-539.959,-384.087,-15.057,0.453,0.482,0.414,0.419,0.36,-0.085,-0.158,-0.872,-0.181,-2.126,-8.266,32.336
Lupus Esports,oe:team:1b4462a50541e063fc148be4082fd0b,EBL,2,41,7.18,2026-04-28,53,0.4634,0.3971,Lotuss / PatkicaA / Pesho / Rayito / Tasteless,-0.019,-0.521,1.349,0.622,3128.506,7.008,0.946,1319.214,-348.046,-430.839,-631.144,-14.542,0.437,0.386,0.369,0.417,0.372,-0.694,-0.182,1.546,-0.384,-1.445,-4.217,28.254
NCG Esports,oe:team:011189a0eb0a0e2c68c95fe91a98f70,LRN,1,18,3.79,2026-04-14,68,0.3333,0.3967,Alitan / BetoEZ / Raysito / Tuercas / Vares,-0.052,-0.63,1.098,0.443,2858.328,8.288,1.167,1233.162,-173.095,-935.935,-380.596,4.695,0.322,0.171,0.561,0.431,0.371,-1.614,0.122,-0.092,0.001,-0.828,-1.464,31.019
The ParadOx,oe:team:ff925b247a8de0ab10b2cf71d298ffc,HLL,1,33,7.92,2026-05-19,32,0.2424,0.3959,D4rtaine / Jimsnop / Leon / Mahonix / Prosty,-0.051,-0.985,1.167,0.502,2994.105,7.092,0.929,1267.016,-356.715,-947.488,-973.304,-23.779,0.335,0.356,0.462,0.288,0.517,-0.799,-0.075,-0.295,0.078,-3.089,-10.473,31.275
Pyramid IV Esports,oe:team:7a2fa3a580667f65f07b88bbc00d31e,AL,1,10,7.73,2026-06-05,15,0.4,0.3954,Biskoo / Caner / Nireo / Silva2 / VAEII,-0.03,0.419,1.115,0.557,2785.369,8.067,1.181,1268.79,239.299,1055.451,1058.911,11.61,0.497,0.799,0.702,0.597,0.697,0.682,0.5,0.205,0.293,-1.462,-4.863,31.961
Divernex,oe:team:0a7053bdd5648d8ffb85d0847224110,HW,1,8,0.9,2026-02-06,134,0.375,0.3953,AAdaMM / Dawerko / Lays / Pulzer / SGooB,-0.026,-0.189,1.075,0.501,2796.772,8.115,1.212,1265.379,246.543,233.176,10.247,-2.288,0.861,0.121,0.485,0.121,0.397,-1.126,-0.029,0.39,-0.332,-2.886,-11.259,33.53
MVK Esports,oe:team:bc3824b0bbb8139d16109178faa4822,LCP,2,53,15.73,2026-06-05,16,0.4528,0.3938,Gury / Harky / Kratos / Seany / SiuLoong,0.013,0.113,0.827,0.396,2623.275,10.304,1.667,1258.062,344.388,142.556,347.074,4.773,0.652,0.627,0.562,0.605,0.457,0.574,0.123,-0.542,-0.096,-0.417,-1.317,33.321
Fnatic,oe:team:78f183fa5a7d8ecb22b9ad272c3abd7,LEC,2,45,13.59,2026-05-04,47,0.3778,0.393,Empyros / Lospa / Razork / Upset / Vladi,0.002,-0.478,0.774,0.393,2578.352,10.17,1.558,1269.372,-195.736,-529.089,-985.526,-23.785,0.708,0.529,0.409,0.338,0.362,-0.189,-0.174,-1.007,-0.388,-2.354,-8.198,34.834
CTBC Flying Oyster,oe:team:0916b3c324c8577b0c6344f3e067f62,LCP,2,52,15.86,2026-05-23,28,0.4038,0.3925,Doggo / Kino / Pout / Rest / Shad0w,-0.042,-0.617,0.997,0.443,2654.176,9.601,1.475,1250.855,-322.536,-494.551,-635.438,-13.771,0.586,0.508,0.441,0.459,0.378,-0.621,-0.083,0.649,-0.336,-2.307,-7.77,32.179
EXILE esports,oe:team:dba2e551039e079ceae513ba7386109,HM,2,37,11.67,2026-05-26,25,0.4324,0.3913,DVLK / Deepe / Dzeffry / KNEZA / Marco,-0.018,-0.669,1.595,0.699,3363.963,6.906,0.907,1366.286,-382.619,-1311.499,-1444.249,-2.382,0.266,0.247,0.371,0.461,0.383,-0.863,-0.246,0.102,-0.334,-1.689,-5.394,28.832
Kiwoom DRX,oe:team:1d0389df0c5eea93b04122ba167c010,LCK,2,80,22.74,2026-05-29,23,0.4,0.3894,Andil / Jiwoo / Rich / Ucal / Willer,-0.043,-0.621,0.965,0.44,2744.322,9.604,1.512,1241.484,-302.243,-863.752,-429.987,-16.132,0.45,0.503,0.451,0.392,0.408,0.195,-0.088,-0.09,-0.027,-2.125,-7.201,31.494
devils.one inStreamly,oe:team:92e22c0b203c93b7d25c3a07b68575c,RL,1,23,8.45,2026-05-21,30,0.3043,0.3888,Calmsky / Faetski / Goldmen / belit / fantomisto,-0.033,-0.689,1.177,0.56,3001.541,8.255,1.111,1244.261,-484.42,-784.854,-663.823,-20.501,0.674,0.414,0.376,0.46,0.355,-0.716,-0.248,-1.877,-0.138,-1.318,-5.996,31.228
One More Esports,oe:team:ca663b1c89065ae6491db8e9cd5c305,AL,1,53,6.2,2026-05-06,45,0.3019,0.3884,IHEBIC / Peaker / Silva2 / Syzyfek / Zero0o,-0.068,-1.02,1.178,0.548,2847.496,7.755,1.121,1259.151,-766.752,-1401.804,-1021.578,-40.917,0.402,0.335,0.42,0.369,0.414,-0.747,0.056,-0.062,-0.059,-2.05,-8.859,31.379
Dynasty,oe:team:5c1d767e4c02111f0def3b6691b4851,ROL,1,35,9.51,2026-05-21,30,0.4,0.3872,Fishue / MathisV / Twendddy / Void / Wuis,-0.046,-0.872,1.066,0.52,3031.225,7.695,0.993,1234.706,-445.806,-970.619,-203.137,-14.906,0.35,0.453,0.444,0.4,0.407,-0.682,-0.112,-1.283,-0.406,-1.943,-6.547,33.243
Team WE,oe:team:62c1cd9465dc63824593ee5046f5aa8,LPL,1,84,32.43,2026-06-13,7,0.369,0.3803,About / Cube / Erha / Karis / Monki,-0.039,,0.904,0.382,2475.839,10.116,1.687,1228.383,,,,,0.502,0.393,0.0,0.526,0.0,-0.81,-0.423,0.129,-0.401,-2.26,,32.577
DOCISK,oe:team:39542800e26e148906d1b2ec4cebc75,RL,1,28,8.67,2026-05-21,30,0.3929,0.3779,Anyone / Birkyy / FullClear / PmK / kubagoat,-0.057,-1.06,1.127,0.494,2903.048,7.389,1.053,1236.475,-700.579,-811.157,-433.583,-28.218,0.263,0.3,0.521,0.339,0.325,-0.767,0.041,0.52,-0.483,-3.25,-10.938,31.333
7REX,oe:team:d939caa94947133c4537be5e931980c,CD,1,14,5.58,2026-05-12,39,0.4286,0.3763,Beenie / Hakari / Nero / bulas / lolo,-0.003,-0.07,0.916,0.46,2691.613,9.034,1.281,1211.985,90.985,-18.543,-617.537,-12.421,0.801,0.765,0.606,0.679,0.468,0.328,0.213,-0.708,-0.028,-1.628,-5.64,30.604
Zerolag Esports,oe:team:6a68fff9fc521e2fbcab2fc19978d24,HLL,1,8,3.21,2026-05-19,32,0.25,0.3753,DANKI / EUNE / Fallen / IceBreaker / TwoN,-0.019,-0.152,1.134,0.553,3218.765,7.536,1.076,1277.78,-226.198,-401.227,599.321,4.696,0.563,0.583,0.563,0.604,0.208,0.502,0.126,0.127,-0.604,0.006,0.668,33.958
RAMPAGE,oe:team:842089a35482792bc4fb80de7cc5d56,CD,1,8,5.05,2026-05-23,29,0.375,0.375,KRATOS / Peco / Stoneses / Vinite / xyu,-0.032,-0.439,1.14,0.491,3278.176,8.841,1.088,1221.464,31.95,-478.637,-537.239,-9.636,0.625,0.124,0.501,0.499,0.252,-0.747,0.002,0.005,-0.245,-1.618,-4.591,32.376
paiN Gaming,oe:team:61450737f7b683db4da7b3e0bf0dced,EWC,2,37,9.72,2026-06-10,10,0.2973,0.3737,Boal / CarioK / Keine / Kuri / Marvin,-0.014,-0.126,0.91,0.421,2572.44,9.633,1.518,1252.338,112.238,-480.883,-412.068,-4.057,0.659,0.531,0.204,0.62,0.423,0.303,-0.587,-0.173,-0.172,-1.99,-6.45,31.133
DMG Esports,oe:team:147e28c0910250269fbc430f9f42010,NLC,2,33,5.38,2026-05-27,24,0.4242,0.373,Bust / CLEARS / JayJay / Kamito / Soul,-0.035,-0.624,1.239,0.621,3086.346,7.142,0.997,1248.407,-177.231,-454.751,414.91,-21.931,0.627,0.75,0.123,0.377,0.377,0.234,-0.754,-0.761,-0.377,-3.032,-11.599,32.33
Crusaders,oe:team:a97f0277badd5512c40d3f1f8e56909,LPLOL,1,21,8.83,2026-06-02,18,0.4762,0.3723,Glimpse / Kadir / Kaplica / Lostboy / Sahira,0.011,0.344,1.224,0.583,3106.291,7.333,1.032,1289.603,137.729,368.919,-434.004,12.752,0.396,0.353,0.777,0.681,0.373,-1.088,0.554,1.78,-0.355,-0.174,1.301,30.681
EDward Gaming,oe:team:056c3140a119e44a03d462e2c832f27,LPL,1,44,14.31,2026-06-03,18,0.4545,0.3696,Jwei / Leave / Xiaohao / Zdz / sinian,-0.017,,0.777,0.35,2451.099,9.984,1.613,1233.131,,,,,0.506,0.541,0.0,0.354,0.0,-0.087,-0.003,-0.079,-0.212,-1.524,,34.969
Zeu5 Esports,oe:team:10b956b9c5ac7a1d0bf3ded8a12a78a,LRN,1,28,7.92,2026-05-19,33,0.3929,0.3683,Blind Walker / Foxy / Kita / Maiquiyo / Sweeho,-0.051,-0.393,1.05,0.507,2905.181,8.191,1.222,1185.105,-228.421,217.806,786.082,-13.54,0.409,0.568,0.355,0.445,0.288,0.119,-0.215,0.234,-0.445,-2.805,-9.236,32.115
Croatian Flair,oe:team:9415028abedc9e368cb933f3903b4c4,EBL,1,21,5.13,2026-04-28,53,0.4286,0.3664,CF Igloodan / CROmpir / Danilo / Sikterr / Yuki,-0.017,-0.608,1.241,0.553,2990.736,7.31,1.07,1296.474,-368.321,-504.228,-340.005,-7.243,0.482,0.371,0.45,0.457,0.425,-0.636,-0.045,-2.028,-0.386,-2.212,-6.51,30.92
Elegance,,LPLOL,1,5,0.76,2026-02-26,114,0.4,0.3649,Demonadc / Dreampull / ELG tomaspal / Nomanz / Rozpier,-0.08,-0.478,1.047,0.431,2433.764,6.232,0.958,1200.074,-121.685,746.725,582.231,17.524,0.365,0.183,0.591,0.365,0.365,-1.854,0.182,0.547,-0.314,-2.344,-8.39,29.343
BoostGate Esports,oe:team:331c852427c61f82050b618c2b442c4,TCL,1,27,10.34,2026-05-19,32,0.2963,0.3648,Centu / Dionelux / Mean / bicas / iwanan,-0.026,-0.7,0.801,0.399,2487.88,7.916,1.085,1173.613,-452.987,-1020.969,-652.388,-21.085,0.242,0.22,0.364,0.216,0.373,-0.93,-0.22,-0.218,-0.395,-2.853,-9.562,31.106
Invictus Gaming,oe:team:53a258f289c26d94431c0496a54e151,LPL,1,81,16.15,2026-05-23,28,0.3704,0.3636,Breathe / JiaQi / Meiko / Renard / Wei,-0.038,,0.959,0.421,2682.316,9.872,1.556,1224.015,,,,,0.507,0.547,0.0,0.483,0.0,0.194,0.291,0.693,-0.269,-1.605,,31.181
CAG OSAKA,oe:team:11188f0fb9bb7092948eb3bafc6fb70,LJL,1,26,5.56,2026-04-19,63,0.3077,0.3617,CAG kaylie / OkerumoN / Racon / TenT / Yuu,-0.022,-0.354,1.268,0.573,3147.846,7.669,1.103,1277.586,14.287,-484.655,-228.003,5.772,0.393,0.62,0.395,0.477,0.464,-0.296,-0.143,-1.284,-0.251,-1.193,-3.44,30.129
Gamespace Mediterranean College Esports,oe:team:4410ecf1b88f1316b6e6c110120c896,HLL,1,32,8.23,2026-05-19,32,0.375,0.3611,Ace / Faded / Fame / Loading / escoX,-0.078,-1.091,1.283,0.519,3036.681,7.598,0.952,1247.569,-691.988,-1441.529,-1245.583,-29.67,0.331,0.165,0.346,0.446,0.367,-1.686,-0.307,-0.121,0.073,-1.723,-5.758,29.094
Deacoy,oe:team:7570144845b6016b78fbcb4eb5c9b31,LIT,1,15,1.47,2026-02-11,129,0.4,0.3586,Fratellin / Hamudis / Kyte / Sharon / Sheesh,-0.037,-0.689,1.014,0.398,2809.176,7.621,1.11,1212.724,7.414,-1272.23,-492.411,-9.919,0.537,0.385,0.451,0.499,0.38,-1.392,-0.043,-0.873,-0.262,-1.543,-5.708,32.111
SPIKE Syndicate,oe:team:21903b00a2d96c19ca87cb0e4b28527,EBL,1,29,7.62,2026-05-13,38,0.3793,0.3579,Candy / Exile1 / Kaylem / VeRu / vladichich,-0.074,-1.079,1.216,0.499,2861.329,7.177,0.866,1233.447,-488.6,-1400.415,-384.408,-3.049,0.463,0.831,0.607,0.366,0.366,-0.081,0.253,0.051,-0.243,-2.254,-7.877,30.733
Shifters,oe:team:a2065488a11a2c0a2403a7b347eec61,EWC,2,40,11.82,2026-05-14,37,0.35,0.3514,Paduck / Rooster / Sheo / Trymbi / nuc,-0.01,0.09,0.896,0.397,2750.976,9.427,1.559,1257.496,420.614,180.32,-28.503,7.479,0.531,0.534,0.391,0.646,0.346,-0.542,-0.211,-0.765,-0.302,-1.154,-3.922,35.034
SN CyberCore Esports,oe:team:4d7210b1c06aa728a46dc1aa2544830,VCS,1,32,14.48,2026-06-14,6,0.3125,0.3507,NtNt / Ryuk / Shogun / Vin / Vit,-0.022,-0.871,1.075,0.443,2843.234,9.266,1.413,1276.89,-555.015,-970.776,-1040.916,-16.672,0.364,0.348,0.348,0.292,0.41,-0.048,-0.304,-0.663,-0.014,-1.945,-5.249,32.41
LUA Gaming,oe:team:374ab80ad8c28c38cd170e188e4aca8,LES,1,19,7.75,2026-05-20,31,0.2632,0.3427,Dani / Hydra / Kaii / Pegaso / TIMR,-0.067,-1.057,1.006,0.43,2630.383,7.948,1.154,1195.112,-329.669,-1495.812,-1428.986,-11.832,0.464,0.41,0.426,0.354,0.406,-0.642,-0.148,1.163,-0.159,-3.076,-9.931,28.395
HANJIN BRION,oe:team:b77b3f6068e20a2b3edc0ecd3dc70d4,LCK,2,68,22.67,2026-06-06,15,0.3529,0.3405,Casting / GIDEON / Loki / Namgung / Teddy,-0.026,-0.477,0.883,0.404,2631.866,9.913,1.566,1247.034,-205.228,-504.713,-495.056,-15.579,0.496,0.464,0.359,0.394,0.4,-0.322,-0.261,0.241,-0.141,-2.003,-6.47,32.244
Kaufland Hangry Knights,oe:team:0410783728358f6e711de31a6f1e8f9,PRM,2,30,7.85,2026-05-11,40,0.3,0.3375,Abbedagge / Densi / Pyrka / UNF0RGIVEN / Venour,-0.027,-0.157,0.896,0.416,2751.037,8.731,1.225,1241.177,203.378,177.925,-201.74,-15.732,0.819,0.378,0.387,0.382,0.473,-1.027,-0.213,-0.481,-0.305,-2.515,-7.855,31.554
Viper Night Raider,oe:team:5918daeb8d8de07b34a8d46869cd2ca,PCS,1,6,3.18,2026-05-27,24,0.3333,0.337,BuLuKaKa / Keres / Listo / MadDogg9 / Zartheit1,-0.078,-0.82,0.893,0.378,2186.059,8.165,1.111,1166.263,-127.817,-1298.077,-996.16,-31.35,0.615,0.647,0.476,0.337,0.476,0.305,-0.048,-2.722,0.153,-3.697,-11.187,29.065
Rage Bait e-Sports,,LPLOL,1,3,0.41,2026-02-12,128,0.3333,0.3334,Adri / Cebolas / Mettalica / Misaki / Qu4rtzo,-0.063,-2.431,1.254,0.417,2754.864,7.2,1.019,1234.22,-1368.945,-4398.548,-2403.212,-38.685,0.333,0.666,0.0,0.333,0.333,-2.001,-1.0,-2.333,-0.666,-3.333,-12.999,30.854
Obsidian Oath,,LIT,1,6,3.43,2026-05-16,35,0.3333,0.3333,ArutnevJr / Colacioppo / Mercury / OO Raye / OO dari1,-0.018,-0.015,1.195,0.628,3111.722,7.004,0.986,1260.627,34.328,-351.795,-657.897,-32.593,0.835,0.667,0.166,0.168,0.669,-0.166,-0.669,-3.0,0.504,-1.985,-5.926,34.953
One Round Specialists,,PCS,1,6,2.31,2026-04-27,54,0.3333,0.3333,ORS K B / ORS Micinb / ORS RedamnTion / ORS ner4 / Sorrymbggff,-0.144,-3.031,1.4,0.497,2740.266,7.266,1.096,1160.324,-1791.001,-4200.157,-3739.802,-71.619,0.519,0.185,0.0,0.333,0.0,-1.704,-1.0,-0.63,-0.482,-4.593,-16.187,28.276
Cuban Raft Raiders,,LPLOL,1,3,0.45,2026-02-18,122,0.3333,0.3329,CRR DIablo / CRR Ricarderix / Chaos / Kingsley / Verdes,-0.013,-0.287,1.486,0.614,2856.105,6.578,0.805,1246.512,282.718,-611.024,-406.087,26.949,0.333,0.334,0.333,0.333,0.333,-1.002,-0.0,-3.0,-0.334,-2.006,-6.354,24.673
GD Esports,,LPLOL,1,3,0.46,2026-02-19,121,0.3333,0.3329,GDE Bmoooo / GDE HackerPanda / GDE Waliontann / Narttaker / ffernandes,-0.044,-0.844,1.141,0.518,3175.304,8.028,1.157,1269.7,-196.825,-328.13,189.875,-10.025,0.667,1.0,0.0,0.333,0.0,1.666,-1.0,-1.665,-1.001,-4.673,-10.348,35.449
Ei Nerd Esports,oe:team:e0c3a8d31bbf9f24227cfcfdf0bfd15,CD,1,14,5.45,2026-05-11,40,0.3571,0.3325,Dizin / Makes / Netuno / Pilot / zay,-0.071,-1.087,0.87,0.376,2444.55,8.609,1.31,1146.268,-486.727,-740.941,-155.263,-23.478,0.511,0.187,0.407,0.377,0.406,-0.916,-0.186,-1.451,-0.283,-3.494,-13.389,33.371
Nongshim RedForce,oe:team:5cd2cd09ec94296f605dd13a2924d6c,LCK,2,71,24.6,2026-05-31,21,0.3521,0.3309,Diable / Kingen / Lehends / Scout / Sponge,-0.012,-0.263,1.091,0.488,3006.314,9.329,1.538,1269.537,-25.174,-130.801,-116.631,-4.285,0.446,0.584,0.47,0.452,0.349,0.042,-0.059,-0.175,-0.247,-2.18,-5.521,31.12
Joblife,oe:team:7380b73561abdd86c2391e9481acd4b,LFL,1,28,5.49,2026-05-01,50,0.4286,0.3295,Comp / Czekolad / Mersa / Shift / Vertigo,-0.047,-0.829,0.957,0.416,2617.023,8.532,1.135,1263.832,-402.682,-946.664,-422.881,-5.669,0.319,0.536,0.323,0.307,0.33,-0.571,-0.354,-0.317,-0.6,-2.5,-8.678,31.33
MVK Esports Academy,oe:team:311b75248911cd31fe0c9cc0ba40215,VCS,1,32,6.75,2026-05-28,24,0.6875,0.3277,Callian / Copper / Hy / NPC / SkyK,-0.048,-0.571,1.114,0.515,2754.675,8.447,1.25,1240.31,-178.84,-775.144,17.795,-4.483,0.426,0.431,0.375,0.521,0.297,-0.045,-0.251,-0.011,-0.326,-2.0,-6.139,31.551
Esprit Shōnen,oe:team:df682d5adfed257780a68a85004ed27,LFL,1,18,6.35,2026-05-21,30,0.3333,0.3271,Booshi / Kobs / Leny / Mxe / xKenzuke,-0.053,-0.837,0.969,0.398,2910.527,8.722,1.235,1178.934,-558.769,-724.126,-214.433,-15.431,0.443,0.395,0.327,0.518,0.534,-0.748,-0.345,-0.185,-0.145,-2.487,-9.926,31.647
LYON Academy,oe:team:6a7a3de886a10bd30d57577290fb45e,LRN,1,16,3.76,2026-05-12,40,0.3125,0.3261,Deadly / Felkros / Kantoshi / Mitir / Ratth,-0.013,-0.876,1.01,0.494,2727.504,8.28,1.427,1198.02,-471.45,-1374.858,-1041.032,-46.899,0.666,0.16,0.296,0.133,0.45,-0.736,-0.407,-1.024,-0.305,-2.546,-10.275,32.697
Lausanne-Sport Esports,oe:team:d0d67d484dc965246efb5ad61417e55,NL,2,17,7.0,2026-05-24,28,0.3529,0.326,Hexom / Kallesyn / Louis / Moto / Yen,-0.048,-1.102,1.212,0.507,2938.266,8.54,1.176,1246.961,-312.871,-1560.266,-1139.913,-13.388,0.38,0.824,0.357,0.353,0.36,-0.449,-0.285,-0.682,0.148,-2.632,-8.059,34.504
VelbeliKaizokudan,oe:team:1592cdc9ca1a07dfedb1840f22b81c0,LJL,1,26,4.06,2026-04-19,63,0.3462,0.3246,Sassappel / VK NishinoHawk / VK jisyoku / udon / velbellys,-0.125,-1.784,1.187,0.453,2729.587,8.155,1.253,1159.808,-911.399,-2368.694,-2125.414,-44.06,0.323,0.749,0.39,0.232,0.149,0.322,-0.127,-0.154,-0.352,-3.569,-13.381,29.453
Axolotl,oe:team:e7121adad88546bce0ff2cc41c2d343,LIT,1,21,1.97,2026-02-21,119,0.3333,0.3238,AXL Kurumii / Cripple / Padawii / Shack / Tigrot,0.01,0.139,1.356,0.603,3401.189,7.435,1.0,1343.5,224.706,11.474,-474.877,8.116,0.517,0.349,0.553,0.666,0.5,-0.766,0.105,1.061,-0.341,0.077,4.093,32.191
Seven Dark,oe:team:2ab090cf81f9367248a25ca61a1568a,LRS,1,21,4.15,2026-05-05,46,0.3333,0.3226,Coow / GianKios / Neadz / Pyl / iso,-0.032,-0.152,1.051,0.451,3020.098,7.751,1.127,1237.155,51.305,270.689,-20.578,8.016,0.391,0.44,0.076,0.246,0.085,-0.3,-0.645,0.866,-0.948,-2.772,-8.307,30.58
SPAXFAMILY,oe:team:f8bda4438c61733a7b97b36633ee3a0,HW,1,14,1.51,2026-02-19,121,0.3571,0.3174,Busvicke / Dyego / Ludas Matyi / Malyrinn / Tyrant,-0.095,-2.34,1.325,0.482,3024.343,7.719,1.059,1204.299,-1369.101,-3620.991,-2673.313,-46.978,0.582,0.392,0.373,0.374,0.332,-0.415,-0.152,0.867,-0.524,-2.781,-9.696,31.42
SK Gaming,oe:team:75760dca486d4682426196b76bd1a54,LEC,2,38,10.49,2026-05-02,49,0.3158,0.3172,Jopa / LIDER / Mikyx / Skeanz / Wunder,-0.043,-0.957,0.918,0.368,2799.117,9.783,1.485,1235.545,-354.452,-1088.526,-1002.488,-16.264,0.492,0.356,0.356,0.424,0.346,-1.132,-0.166,0.061,-0.552,-2.239,-6.349,34.575
HANJIN BRION Challengers,oe:team:fa3d687a87bcae80362f784a7da571d,LCKC,1,60,21.21,2026-05-28,24,0.3333,0.3087,DDahyuk / Dinai / OddEye / PlanB / Tempester,-0.029,-0.567,0.907,0.407,2526.961,9.724,1.609,1210.994,-185.872,-292.04,-427.84,-9.039,0.427,0.482,0.398,0.29,0.411,-0.689,-0.205,0.001,-0.26,-3.585,-12.984,32.583
KT Rolster Academy,oe:team:14ef7370c4cbc9bc08a771e3f7cbb4d,LAS,1,53,18.3,2026-05-09,43,0.3208,0.3075,FLOW / Loid / Nerion / Precede / Zealot,-0.044,-0.801,1.097,0.493,2843.272,8.778,1.265,1236.554,-311.917,-886.141,-697.33,-13.815,0.491,0.589,0.332,0.369,0.256,-0.433,-0.336,-0.293,-0.486,-2.546,-9.044,31.203
Disguised,oe:team:289284911fb6f41c0ccaecc3a0c2891,LCS,2,38,8.94,2026-05-16,35,0.3421,0.3057,Callme / KryRa / Lyonz / Srtty / sajed,-0.027,-0.341,0.933,0.372,2662.644,8.668,1.399,1215.788,7.202,-25.472,-306.037,-0.985,0.602,0.51,0.434,0.455,0.398,-0.541,-0.131,-0.542,-0.428,-2.599,-7.505,32.135
Zephyr Esport,oe:team:2c6e7ebd2b826d217cd4987841bd899,NL,2,16,6.65,2026-05-24,28,0.25,0.3049,CHARMANDERBOT / Lixo / Yuros / ZPR Navi / denizzz,-0.032,-1.27,0.978,0.456,2859.532,8.142,1.096,1185.866,-612.611,-1640.539,-1388.607,-37.862,0.623,0.323,0.281,0.14,0.403,-0.358,-0.438,0.041,-0.38,-3.569,-14.145,34.511
EKO Esports,oe:team:d455b12f2d0ae8596211073fb17c14d,LIT,1,27,5.18,2026-05-14,37,0.3704,0.3049,Alessio / Corriragazzo / Izo / Luke / The Mountain,-0.062,-1.051,1.088,0.42,2683.814,6.756,0.916,1180.38,-401.293,-1364.747,-1393.558,-29.367,0.621,0.554,0.394,0.407,0.368,-0.337,-0.212,0.409,-0.309,-3.811,-13.678,28.746
StoneHenge Esports,oe:team:fd20ac20b75fae5aa368282baaf03d3,LIT,1,18,6.67,2026-05-23,28,0.2222,0.3018,Doxy / Leader / S1D / Wall / xHikama,-0.011,-0.033,1.104,0.51,2841.122,7.154,0.881,1248.2,165.414,224.296,-235.802,6.737,0.582,0.626,0.441,0.563,0.331,-0.569,-0.082,-0.235,-0.822,-1.319,-2.893,32.504
Lund Esports Organization,oe:team:0f47b3270fb312dca25d0e5c336646d,NLC,1,15,4.9,2026-05-27,24,0.4667,0.2991,Cha0s / Furby / Goldenpenny / Luis / Slice,-0.048,-1.837,1.075,0.405,2960.123,7.793,0.915,1216.961,-1245.228,-2354.13,-1167.399,-18.171,0.015,0.286,0.572,0.565,0.422,-2.102,0.145,1.274,-0.159,-2.326,-7.016,30.953
KIA.eSuba Academy,oe:team:c5819326ccf3b14446406bd7ac066c3,HC,2,21,8.04,2026-05-15,36,0.2857,0.2989,Doge / Etoo / Pulzer / Rajed / Vlaren,-0.026,0.062,1.188,0.572,3082.418,7.033,0.883,1271.327,247.523,973.278,1122.412,3.239,0.433,0.367,0.6,0.592,0.297,-0.434,0.268,1.088,-0.642,-2.015,-5.369,30.175
Nongshim RedForce Academy,oe:team:ff07fcf769a41fa17ded4746368d6c7,LAS,1,51,16.89,2026-05-03,49,0.3137,0.2985,Amelia / Ark / Crow / Namsi / White,-0.08,-1.568,1.245,0.484,2884.799,8.449,1.355,1228.449,-903.451,-2199.107,-1725.679,-26.952,0.564,0.406,0.431,0.299,0.313,-1.098,-0.139,0.978,-0.359,-3.896,-13.695,30.689
ZYB Esport,oe:team:0845e5e1dfba7d3865e8692152c1b52,LFL,1,26,7.02,2026-05-13,38,0.3462,0.2979,Jezu / Manaty / Nisqy / Riippp / Wao,-0.064,-0.959,1.154,0.488,2815.119,8.049,1.188,1227.549,-559.904,-1386.619,-1459.83,-38.998,0.52,0.434,0.387,0.234,0.315,-0.86,-0.227,-0.638,-0.18,-2.775,-8.957,31.193
Dorado Gaming,oe:team:37bd385fc057edaaa06e0aa102f6d74,NACL,1,22,8.84,2026-05-15,36,0.3182,0.2936,Dec0y / Hub / Lojaz / Redemption / aadam,-0.049,-1.029,0.991,0.409,2735.521,8.638,1.305,1179.588,-958.036,-1077.81,-816.957,-28.069,0.483,0.412,0.438,0.406,0.268,-0.174,-0.083,-0.69,-0.582,-2.601,-8.11,31.36
Team Phoenix,oe:team:445fca0316af5c74e06054968209184,TCL,1,23,7.27,2026-05-15,36,0.2174,0.2914,Bmoooo / Hecabrand / Raen1 / SmallBugi / meto,-0.068,-1.391,1.064,0.465,2605.18,7.801,1.059,1193.76,-796.539,-1612.206,-1073.74,-52.189,0.539,0.596,0.381,0.466,0.291,0.028,-0.164,-0.085,-0.501,-4.356,-14.78,30.353
9Gaming Esports,oe:team:9ad63060a92de427d03de8e72760690,VCS,1,30,8.59,2026-05-27,24,0.3667,0.2864,666 / BayMaxxx / Dara2 / Nanaue / Nuna,-0.069,-1.663,1.227,0.489,2919.255,8.896,1.309,1219.764,-1000.969,-1915.129,-1696.94,-28.797,0.315,0.495,0.538,0.325,0.244,-1.211,0.076,-0.402,-0.569,-3.358,-11.422,30.799
Team Spawn Peek,oe:team:846f31cf60dd80f084ae055c8ccd00d,EBL,1,7,3.88,2026-05-20,31,0.2857,0.2838,Krasito / Ludas Matyi / Luknom / Neczo / Partyfosil,-0.109,-2.201,1.606,0.615,2694.292,7.388,0.928,1211.375,-1160.157,-3571.705,-3161.4,-59.561,0.284,0.4,0.542,0.284,0.413,-0.757,0.085,-0.238,-0.016,-3.136,-10.157,27.681
Lundqvist Lightside,oe:team:91e745607dea86d98f6307553e0491d,NLC,1,15,4.7,2026-05-27,24,0.3333,0.2821,Bjoernen / Lyrokun / Mansterninja / Spiderlair / Unicow,-0.115,-1.609,1.052,0.395,2739.974,7.603,1.002,1195.845,-950.775,-1484.515,-1623.178,-22.437,0.286,0.286,0.286,0.0,0.141,-0.008,-0.427,-2.859,-1.0,-5.867,-20.01,32.52
Eintracht Frankfurt,oe:team:48199c3e87ac9d14cdf50169f8eaabc,PRM,2,35,8.91,2026-05-11,40,0.3143,0.2802,D4nKa / Farfetch / Mietek / Notiko / Sencux,-0.04,-0.534,1.152,0.509,3092.873,8.613,1.361,1268.568,-221.758,-945.013,-766.087,-6.005,0.459,0.476,0.505,0.431,0.404,-0.432,0.065,1.001,-0.238,-2.823,-8.308,32.696
Bamboo Juice,oe:team:a0360aac17e130e37f2d351cd95db75,LJL,1,26,2.78,2026-04-19,63,0.3462,0.2751,BOO MoriMori / Blender / Looter / RURURU / YonYon,-0.06,-1.499,1.55,0.657,3188.269,7.174,1.116,1247.314,-714.673,-2109.437,-1379.96,-21.315,0.522,0.466,0.155,0.15,0.299,-0.909,-0.681,-1.46,-0.291,-4.654,-17.268,30.162
Ground Zero Gaming,oe:team:788115a84f68bc65fa6d3a4e0f67a3e,LCP,2,53,13.22,2026-05-16,36,0.3774,0.2744,1Jiang / Husha / JimieN / Orca / Shunn,-0.046,-0.776,0.998,0.406,2650.228,10.076,1.599,1216.533,-278.352,-650.604,-287.155,1.409,0.393,0.326,0.528,0.469,0.322,-1.286,0.069,0.46,-0.552,-3.344,-10.793,32.492
Oh My God,oe:team:f4c4528c6981e104a11ea7548630c23,LPL,1,34,6.73,2026-05-15,37,0.3529,0.2742,Hery / Moham / Photic / haichao / re0,-0.037,,0.695,0.253,2362.853,10.736,1.683,1160.849,,,,,0.404,0.438,0.0,0.524,0.0,-1.364,-0.246,0.275,-0.565,-2.913,,33.023
Ici Japon Corp. Esport,oe:team:7d2c778dc03e3fe0db9e45a57895b88,LFL,1,16,5.74,2026-05-13,38,0.3125,0.2741,Badlulu / Dajor / Kaboom / Soldier / whiteinn,-0.011,-0.369,1.007,0.454,3016.069,8.522,1.255,1212.902,-131.823,-22.936,-391.204,-9.724,0.324,0.226,0.567,0.334,0.291,-1.95,0.134,0.598,-0.699,-2.8,-6.952,32.145
L Guide Gaming,oe:team:19c227daf7f7951e990a313a7af4245,LJL,1,42,9.35,2026-06-04,17,0.5238,0.2726,Karaage / Saver / SnowRabbit / p1ng / rre,-0.087,-1.47,1.276,0.485,2851.137,8.071,1.044,1166.395,-889.948,-1398.302,-1200.058,-17.429,0.231,0.311,0.447,0.273,0.294,-1.359,-0.106,-0.555,-0.34,-3.394,-10.987,29.287
RMD Gaming,oe:team:dda6ba75013b75ee7672f7baecc2b53,CD,1,15,5.6,2026-04-28,53,0.2667,0.2685,Blacky / Celo / Manel / Randal / cRa,-0.024,-0.788,0.873,0.343,2504.781,9.083,1.344,1179.623,-181.32,-717.991,-465.168,-9.075,0.392,0.586,0.577,0.332,0.319,-1.581,0.154,0.003,-0.564,-2.725,-7.395,32.831
TQ DURPA KASHLQ,oe:team:20690923362e7a51634f4d4b561d5c8,EBL,1,11,3.33,2026-05-20,31,0.1818,0.2641,Death / Draxo5 / Krisimaru / floreNNNz / mirza,-0.029,-1.083,1.254,0.523,2701.481,7.308,1.202,1238.555,-222.707,-1245.729,-1094.619,-27.87,0.509,0.365,0.356,0.316,0.284,-0.154,-0.288,1.911,-0.517,-3.486,-12.88,26.53
EKSI EPTA,,HLL,1,4,2.29,2026-05-19,32,0.25,0.2632,67 nephix  / Dafnis / J0J0C / Kartso / iTer,-0.02,-0.699,1.293,0.639,3055.094,6.607,0.899,1271.449,376.024,58.8,914.942,6.856,0.527,1.0,0.263,0.263,0.263,2.105,-0.474,2.159,-1.21,-3.735,-13.048,29.271
Huskies Esports,,LIT,1,15,3.49,2026-05-22,29,0.5333,0.2631,HKE AZE / HKE Malice / HKE Naskito / HKECicciopotetor / Sheshwa,-0.045,-1.471,1.123,0.481,2751.283,7.205,0.887,1216.297,-1082.51,-1750.509,-1504.508,-21.057,0.237,0.734,0.308,0.278,0.263,-0.337,-0.219,0.461,-0.506,-3.86,-10.283,32.924
Myth Esports,oe:team:04bb54d81b8d6daaaf0eee289e9eb03,ROL,1,30,7.26,2026-05-14,37,0.3,0.26,Boye / BunnyBeast / Dovendyr / Ferrari / Sprotte,-0.05,-1.486,1.063,0.428,2658.05,7.43,1.0,1190.467,-1077.538,-1934.663,-1295.576,-41.203,0.458,0.284,0.497,0.26,0.269,-0.843,-0.007,0.418,-0.463,-4.035,-13.548,33.501
A One Man Army Prime,oe:team:e48971339218173510419a40bc80080,PRM,2,10,1.31,2026-02-20,120,0.3,0.2545,Artoria / Dome / Smurfe / Urban / Xay,-0.061,-1.229,0.962,0.419,2571.051,8.652,1.347,1171.677,-677.699,-1362.396,-1042.521,-24.828,0.573,0.541,0.456,0.18,0.254,0.323,-0.088,0.113,-0.723,-4.12,-14.605,32.649
Polar Squad Esports,oe:team:28bd4f4351e19c337f79665da9d649c,LRN,1,19,4.4,2026-05-05,47,0.3684,0.2545,Catan / Cor / Manuelcap / MrLemon / Shavo,-0.089,-1.696,1.176,0.421,2985.861,7.88,1.116,1161.709,-999.623,-2333.029,-2327.771,-15.78,0.286,0.388,0.243,0.15,0.415,-1.546,-0.515,-1.952,0.102,-3.698,-12.803,32.754
Skillcamp,oe:team:b659295189ec2ddd1a30e39fd3a0bd8,LFL,1,23,5.26,2026-05-01,50,0.3478,0.2521,Deadly / Nafkelah / SPOOKY / Steeelback / Yeti,-0.052,-0.817,0.922,0.366,2656.455,8.927,1.311,1195.967,-389.639,-1073.177,-1179.636,-29.435,0.478,0.414,0.379,0.353,0.445,-0.404,-0.242,-0.624,0.122,-2.888,-7.932,32.59
Paranormal Invaders,,HLL,1,4,2.41,2026-05-19,32,0.25,0.2501,Heroic / Libra / Messclick / PAIN MagiSore / Undefined,-0.048,-0.332,1.177,0.509,2806.637,6.405,0.785,1188.391,233.451,258.1,467.815,1.007,0.75,0.0,0.25,0.5,0.25,-0.999,-0.5,0.5,-0.5,-3.499,-11.746,28.033
SNOOZE Esports,oe:team:d0cd5a00349efaf7a3b8df54e1357e2,ROL,1,4,3.44,2026-06-11,9,0.25,0.2501,D0kai / Guppy / Hatsu / Rising / Salaterka,-0.052,-1.195,0.837,0.307,2477.011,7.158,1.061,1183.285,-501.2,-1242.387,-1023.623,-9.738,0.0,0.5,0.75,0.5,0.25,-0.999,0.5,-0.0,-0.5,-4.749,-12.996,34.134
Onion Team,oe:team:7119e0d00f85f16ce1fc32c5862f3d6,HM,2,28,5.78,2026-05-17,35,0.25,0.2496,Drzemik / Inspire / ONT Barti / ONT nvidek / didie,-0.077,-1.562,1.376,0.541,2796.424,6.328,0.821,1224.702,-1431.35,-2356.971,-1877.463,-33.9,0.503,0.399,0.647,0.253,0.276,-0.916,0.295,-0.584,-0.449,-3.831,-12.552,27.34
Diversion Gaming,oe:team:8065dbb2f6c7eb09df70a55bea52136,HC,2,26,8.68,2026-06-04,16,0.3077,0.2478,Ad1s / GoDirr / Menďo / Skodix / miflond,-0.076,-0.953,1.313,0.526,3059.548,6.614,0.831,1216.216,-481.342,-544.989,-584.213,6.113,0.326,0.545,0.283,0.493,0.29,-0.353,-0.341,-0.418,-0.522,-3.918,-12.38,30.2
Inside Games,oe:team:c2bd1dd17a070dbbb8df9aefb634a41,HW,1,7,0.72,2026-02-04,136,0.2857,0.2467,Fejkýý / Kadlicek / Keksik / Koudys / Reddy,-0.137,-2.752,1.127,0.383,2788.334,7.675,1.152,1117.335,-1829.042,-3285.195,-2959.589,-52.879,0.51,0.602,0.0,0.169,0.123,-0.56,-1.0,-2.662,-0.552,-5.408,-20.742,32.306
Howl Esports,oe:team:0d770dff428cbc855c233b749e4016e,HLL,1,14,1.39,2026-02-18,122,0.2857,0.245,D1verse / Dafnis / Jovian / Nikolex / SM,-0.1,-1.917,1.282,0.501,2827.729,7.112,0.947,1173.31,-776.927,-2368.453,-1815.928,-43.493,0.361,0.426,0.364,0.29,0.354,-0.692,-0.272,0.482,-0.358,-4.518,-13.953,28.855
Ngựa Hí Esports,oe:team:8f0f0815d83d438e9a4f6df7b0c2d7c,VCS,1,11,1.88,2026-03-14,99,0.2727,0.242,Blue / NtNt / TiSaD / VietThanh / Vin,-0.12,-2.845,1.551,0.612,3192.753,8.458,1.266,1247.878,-2161.674,-4313.73,-2912.273,-59.984,0.349,0.323,0.158,0.181,0.4,-0.086,-0.685,0.192,-0.598,-4.786,-18.774,31.299
GTZ Esports,oe:team:3659b5cb3434354530c31ce71461fc1,LPLOL,1,9,3.38,2026-05-22,29,0.2222,0.2394,Chambel / RealR / Semide / Skypper / Zezin,-0.101,-2.375,1.074,0.411,2355.898,6.622,0.998,1119.506,-1234.217,-4376.046,-4351.77,-80.743,0.851,0.133,0.105,0.0,0.424,-2.19,-0.79,-2.359,-0.336,-6.174,-24.704,27.915
RED Academy,oe:team:391e50581a00cea9f06b2d845b4de05,CD,1,14,4.39,2026-05-18,33,0.4286,0.2297,Fuuu / Guizzy / Houndin / Rabelo / jmz,-0.072,-1.433,0.996,0.361,2633.823,8.78,1.323,1190.41,-739.762,-2236.818,-1765.759,-23.136,0.193,0.45,0.324,0.231,0.316,-0.669,-0.351,-1.474,-0.644,-3.808,-12.327,30.145
Washed Gaming,,EBL,1,5,2.46,2026-05-13,38,0.2,0.2244,Baki / Dzoni / KURBAX / Pivolj / Undertaker,-0.054,-1.85,1.006,0.37,2176.759,7.361,0.949,1188.473,-1321.244,-2713.591,-1660.804,-26.818,0.224,0.612,0.388,0.224,0.224,0.449,-0.224,-0.142,-0.715,-5.634,-20.126,30.085
The New Kings,oe:team:9a0fcd7399b6c2cdc8726c926996ea2,LRS,1,21,4.92,2026-05-12,39,0.3333,0.2224,Acce / KinGi / Shu Hari / SkyMind / Warangelus,-0.063,-1.165,1.064,0.365,2840.878,7.639,1.129,1164.81,-552.028,-978.044,-729.682,-8.462,0.374,0.281,0.523,0.338,0.301,-1.514,0.046,0.747,-0.411,-4.101,-13.497,31.131
Gity Meavedronu,oe:team:fa3baa5e705dd1689b792f9cd968dc6,HW,1,5,0.5,2026-01-29,142,0.2,0.2219,Dinchez / LoLpop / Slide / Swissking / Tada,0.011,0.222,1.172,0.589,2841.704,7.504,0.959,1247.372,260.248,919.387,1179.624,-3.442,0.334,0.619,0.841,0.666,0.444,-0.368,0.682,3.0,-0.779,-1.928,-2.402,35.002
Maze Gaming,oe:team:ec984a85fa876a52f448869c93cd93b,LRS,1,15,2.73,2026-04-14,67,0.2667,0.2133,CHK / Chapters / Dinastik / Neo / Venhamin,-0.025,-0.537,0.935,0.434,2722.059,8.064,1.158,1202.839,-189.422,-181.14,-141.647,-6.742,0.63,0.362,0.269,0.549,0.335,-0.768,-0.415,-1.971,-0.313,-3.422,-11.196,34.457
Icon Esports,oe:team:38c2ea4d918763cd207dc83af5b1f7f,LRN,1,12,1.91,2026-03-31,82,0.1667,0.2122,Berik / BetaTwinz / Feng / ICON Intioo / Shieldworm,-0.081,-1.701,0.889,0.307,2772.253,7.749,1.151,1088.482,-1108.767,-2005.142,-1281.563,-40.323,0.423,0.564,0.354,0.289,0.147,-0.704,-0.293,1.019,-0.852,-4.438,-13.346,33.613
La BOMBAS,oe:team:6221dfd4ed7dd55db56ecf9350c04fd,NLC,1,9,1.15,2026-02-26,114,0.2222,0.2107,Boatish / Cyclops / Luke / Miella / Sloppy Walrus,-0.123,-1.861,1.361,0.495,2404.459,6.716,0.849,1155.901,-767.304,-2363.816,-2120.074,-45.583,0.357,0.27,0.296,0.211,0.211,-0.965,-0.408,-0.635,-0.446,-5.147,-17.904,26.855
Shopify Rebellion,oe:team:b360f1d729b0a8e0f29a5243c4200fa,LCS,2,28,10.82,2026-05-31,20,0.1786,0.2075,Bvoy / Ceos / Contractz / Fudge / Zinie,-0.049,-0.906,0.866,0.324,2633.21,8.791,1.368,1134.157,-455.206,-796.905,-895.48,-13.729,0.387,0.529,0.488,0.476,0.208,-0.401,0.019,1.104,-0.617,-3.606,-10.406,31.81
HANJIN BRION Academy,oe:team:cea8093762c0842e5bb4a1c2a4f7d66,LAS,1,48,14.04,2026-05-03,49,0.1667,0.2067,Jesus / Pecia / Tobe / Wooper / nonnein,-0.077,-1.098,0.971,0.389,2580.237,8.658,1.344,1151.512,-254.01,-1135.36,-1185.164,-28.761,0.342,0.342,0.301,0.274,0.26,-1.424,-0.384,-1.976,-0.566,-4.855,-15.888,31.11
Macko Academy,oe:team:d325595c2dc6c201185ffd6dfd598ad,LIT,1,5,0.58,2026-02-02,138,0.2,0.2023,0ri / BeWhite / MCKA Hellandir / MCKA Hynti / MCKA JmPlayz,-0.147,-2.367,1.374,0.41,2646.05,6.654,0.625,1064.136,-1144.425,-3116.768,-2425.653,-51.421,0.399,0.601,0.0,0.202,0.202,-0.989,-1.0,-1.405,-0.399,-5.562,-21.448,27.133
DetonatioN FocusMe Academy,oe:team:845f7165c7cdaad9d2a2d764375d0df,LJL,1,22,10.52,2026-06-03,18,0.2273,0.1992,Damocles / Grit / Kurahuto / Potential / Ravvy,-0.082,-1.194,1.274,0.443,2803.237,8.918,1.392,1189.916,-268.309,-1129.551,-1419.354,-8.835,0.633,0.463,0.329,0.596,0.407,-1.074,-0.341,-0.182,-0.377,-3.779,-11.013,32.701
PREDIQT,,CD,1,5,3.14,2026-05-22,29,0.2,0.1988,Aikawa / Hidan / Look / Lynkez / Soweto,0.018,0.069,1.069,0.452,3292.394,8.679,1.329,1269.439,-159.821,194.385,-331.158,11.835,0.404,0.199,0.401,0.401,0.599,-1.409,-0.199,1.0,-0.202,-0.807,2.006,38.009
Nine Lives Esports,oe:team:e844ad0d1279650d14e86dce4e0876b,NACL,1,5,4.76,2026-06-18,2,0.2,0.1986,Ablazeolive / Clareetz / Meech / Philip / Will,-0.067,-0.798,1.094,0.411,3396.446,8.18,1.164,1139.812,-323.876,-725.673,-594.305,-5.859,0.4,0.603,0.199,0.199,0.199,-0.609,-0.602,0.204,-0.408,-3.418,-6.042,36.145
Kuma e-Sports,oe:team:de89a20ecdb5c54f17223834eac8c5c,CD,1,14,9.53,2026-06-04,16,0.2143,0.1975,DarkHarvest / TiRAn / Velthan / kenNedy / schastye,-0.061,-1.132,1.055,0.416,2750.224,8.253,1.104,1151.235,-43.188,-509.196,-612.404,-20.107,0.569,0.357,0.489,0.198,0.132,-1.133,-0.022,-1.285,-0.522,-4.651,-15.91,31.283
Weibo Gaming Youth Team,oe:team:557e2d6abd8a8896014e4351756c305,Asia Master,1,5,4.19,2026-06-11,10,0.2,0.1951,0909 / Later / Thor / Yanxiang / ZiYe,-0.099,-1.546,0.857,0.302,2151.379,9.329,1.539,1086.461,-254.327,-2111.986,-1533.827,-30.983,1.0,0.394,0.408,0.408,0.195,-1.216,-0.184,-0.179,-0.423,-3.848,-14.99,33.97
Bilibili Gaming Junior,oe:team:4dfc9a0f1a6e1f2fcd8169ad3cdc5da,Asia Master,1,5,4.19,2026-06-11,10,0.2,0.1949,Liangchen / Miyi / Sanling / chesterbb / luoyiyu,-0.137,-2.034,1.242,0.417,2588.978,8.954,1.282,1142.789,-1405.969,-2818.279,-1785.496,-29.022,0.195,0.195,0.198,0.399,0.399,-1.833,-0.604,-1.773,-0.406,-5.447,-18.949,28.474
Rugby Club Havířov,oe:team:9207ee887f39a2b40bc365f9bfb0942,HC,1,17,6.44,2026-05-14,37,0.1765,0.1889,Danden / GARADOR / Kaeru / Kargic / Kopec,-0.124,-2.395,1.45,0.541,3208.293,5.996,0.659,1177.807,-1629.735,-3324.189,-2653.087,-67.185,0.501,0.175,0.133,0.0,0.262,-0.998,-0.679,0.003,-0.177,-4.775,-15.084,30.151
Apex Mission Impossible,oe:team:fa12fb801e77d60b9fde291b93c5d3f,NACL,1,24,10.31,2026-06-18,2,0.1667,0.1869,Bazz / Bio / Pockus / Retrozing / arbrio,-0.079,-1.337,0.927,0.34,2525.629,8.655,1.23,1126.947,-576.293,-1137.674,-443.971,-17.589,0.381,0.205,0.417,0.317,0.209,-1.653,-0.166,-0.204,-0.659,-4.467,-14.181,31.271
Falke Esports,oe:team:50074114f4e5791ba2bda471c1baa3c,LES,1,18,7.04,2026-05-21,30,0.1667,0.1831,Clicker / Deleted / Ethe / Marcv1 / Midnight,-0.164,-2.183,1.255,0.376,2481.312,6.635,0.913,1138.381,-1169.97,-2602.03,-1915.17,-36.853,0.428,0.166,0.342,0.306,0.113,-1.611,-0.316,0.658,-0.838,-5.654,-19.52,27.971
TITANS,oe:team:597cba9d2d516f01c9fe294a7140127,LIT,1,10,3.62,2026-04-30,51,0.2,0.1829,Bubba / Daskhai / Lerax / Lesranct / RaptoSauros,-0.092,-1.3,1.017,0.369,2805.63,7.476,0.915,1101.335,-431.76,-617.417,-4.778,-28.638,0.694,0.183,0.624,0.41,0.102,-1.518,0.248,-1.713,-0.53,-4.784,-17.187,29.857
DN SOOPers,oe:team:b3c72a20aa56f5d28022ac04a7dc294,LCK,2,77,22.09,2026-05-30,22,0.2597,0.1756,Clozer / DuDu / Peter / Pyosik / deokdam,-0.084,-1.446,0.917,0.334,2487.183,9.406,1.516,1157.548,-531.561,-1244.742,-856.904,-16.467,0.47,0.458,0.313,0.194,0.243,-1.336,-0.373,-0.03,-0.562,-5.09,-17.783,30.34
BRUTE,oe:team:ddb6aa775eebeffd5cc41ba5c35c6a1,HM,3,44,6.54,2026-05-17,34,0.4091,0.1747,Downed / Dunzi / Interor / Munet / Skyp,-0.125,-2.752,1.65,0.619,2696.29,5.443,0.601,1180.245,-2013.93,-4641.369,-3408.761,-68.97,0.475,0.273,0.261,0.117,0.233,-1.625,-0.363,0.396,-0.451,-5.227,-18.738,25.55
DetonatioN FocusMe,oe:team:e435aa3ecb82a89e60544f5f5857a81,LCP,2,37,10.81,2026-05-17,35,0.1351,0.1732,Citrus / Fisher / Kakkun / Momo / Woody,-0.133,-2.255,0.91,0.292,2505.254,9.037,1.404,1094.999,-1141.06,-2279.097,-1633.068,-33.034,0.202,0.389,0.322,0.163,0.141,-1.282,-0.357,-0.73,-0.604,-5.903,-21.798,30.851
NextGeneration Esports,oe:team:adcf619d451ca4ce696d1fb0f83bd29,AL,1,34,4.54,2026-06-03,17,0.2941,0.1674,BipolarXD / Fr0m 0 2 Her0 / Kaine / MegaJ / Sundax,-0.004,0.01,1.299,0.579,3352.283,7.318,1.061,1274.507,821.867,439.725,-82.356,-6.811,0.5,0.832,0.665,0.5,0.335,-0.832,0.33,-2.006,0.002,-3.499,-9.518,34.043
Gen.G Global Academy,oe:team:4c9dd0212552afe76315b616b7891f5,LCKC,1,54,16.17,2026-05-29,23,0.1852,0.1669,Courage / Lumos / MUDAI / Ripple / SIRIUSS,-0.063,-1.284,1.128,0.419,2719.704,8.633,1.487,1203.237,-678.891,-1287.357,-812.996,-17.891,0.462,0.318,0.46,0.359,0.248,-1.238,-0.079,-0.334,-0.564,-4.811,-15.352,30.938
4 Swines & A Bum,oe:team:38c1e27a087858a6c62c3be33f9d66a,NLC,1,7,0.75,2026-02-19,121,0.1429,0.1637,Drututt / Forsen / Jackspektra / Pobelter / Rychly,-0.119,-2.407,1.103,0.306,2384.972,6.293,0.815,1149.331,-1547.638,-2496.665,-2028.847,-28.98,0.147,0.472,0.164,0.164,0.164,-1.571,-0.673,-1.255,-1.023,-5.501,-18.973,28.634
VfB eSports,oe:team:b23a51e14c53108a0de36eb92df2c5a,PRM,1,18,7.35,2026-05-12,39,0.1667,0.1616,Jakobobbi / Luke / Sven / Tazaku / ZWICKL,-0.097,-2.112,1.342,0.45,2771.233,7.661,1.128,1229.429,-1381.51,-2343.727,-1892.969,-43.128,0.318,0.312,0.147,0.347,0.235,-1.523,-0.588,0.376,-0.506,-4.952,-15.842,28.566
Leviatan,oe:team:53ef3d5a3ac5d88bc000eff7d87aeb3,EWC,2,41,10.87,2026-06-08,12,0.2927,0.1614,Booki / Devost / Enga / Snaker / TopLop,-0.105,-1.443,0.861,0.277,2415.105,9.297,1.481,1132.305,-436.478,-1062.838,-1204.27,-25.954,0.438,0.498,0.433,0.386,0.176,-1.15,-0.124,-1.086,-0.652,-5.121,-17.804,31.616
STAINED,,CD,1,6,0.88,2026-03-01,112,0.1667,0.1608,Byron / Eradan / Megas / Ryuu / STD Kerpp,-0.121,-1.919,1.158,0.358,2670.08,7.508,1.014,1137.683,-1450.029,-2074.604,-1211.987,-26.752,0.161,0.322,0.322,0.319,0.322,-0.553,-0.357,-1.408,-0.678,-5.063,-15.905,29.654
Dignitas,oe:team:0dbb780176ecad18f17292d1f5653af,LCS,2,28,9.41,2026-05-17,34,0.1786,0.1535,FBI / Ignar / Palafox / Photon / eXyu,-0.08,-1.558,0.776,0.278,2560.43,9.357,1.434,1073.898,-762.14,-1589.288,-1228.18,-23.569,0.284,0.236,0.27,0.192,0.145,-1.679,-0.459,-1.165,-0.947,-5.818,-20.579,32.769
Dark Passage,oe:team:a42600a99997fca0d35f2821662b997,TCL,1,28,6.44,2026-05-12,39,0.2143,0.1514,Joexy / KSAEZ / Kireas / Neramin / Six0x,-0.089,-1.611,1.127,0.408,2521.919,7.411,1.215,1187.575,-946.188,-1844.2,-1819.24,-33.633,0.357,0.37,0.189,0.238,0.263,-1.299,-0.58,-0.924,-0.709,-4.757,-15.734,30.622
Team Heretics,oe:team:1285e1c04d54de96502f12da4d49458,LEC,2,40,9.01,2026-05-03,48,0.25,0.1329,Daglas / Ice / Serin / Tracyn / Way,-0.076,-0.979,0.77,0.271,2476.656,9.122,1.426,1154.797,-258.775,-467.069,-175.465,-0.801,0.448,0.508,0.184,0.271,0.164,-1.345,-0.584,0.69,-0.887,-5.363,-17.083,32.845
V3 Esports,oe:team:af4b23d4634c4e6ecb5659fb1e689e9,LJL,1,26,5.02,2026-04-19,63,0.1154,0.0914,Asagao / V3 Luka / ezman / hinami / jejemua,-0.135,-3.22,1.305,0.374,2499.779,7.228,1.038,1076.238,-2245.454,-3744.049,-2742.491,-57.819,0.192,0.542,0.168,0.286,0.185,-1.084,-0.665,-2.111,-0.499,-6.566,-21.641,27.436
Crvena zvezda Esports,oe:team:f4b807048502e27f01499f06b235a9a,EBL,1,9,1.0,2026-02-11,129,0.1111,0.0873,Flif / Mali Mrav / Nazgul / Saintsu / Shone,-0.192,-3.572,1.622,0.463,2556.76,6.904,1.028,1118.454,-1707.222,-4297.174,-3017.682,-50.067,0.31,0.532,0.175,0.287,0.087,-1.849,-0.529,-1.577,-0.717,-7.755,-30.007,26.318
Revolution Victory X,,LJL,1,13,1.58,2026-02-08,133,0.0769,0.0813,Ham / Jericho / RVX Poro / RVX RefK / RVX jisyoku,-0.16,-2.661,1.472,0.409,2796.516,7.762,0.951,1105.776,-1094.945,-3210.563,-2564.431,-24.902,0.233,0.234,0.241,0.323,0.0,-1.307,-0.517,0.307,-0.854,-6.346,-22.092,26.474
UTeSports,,LJL,1,12,4.25,2026-04-19,63,0.0833,0.0796,UT Aware / UT Hase / UT K1ngNoth1ng / UT Louis / UT ringoriiii,-0.19,-2.89,1.108,0.343,2260.016,6.927,0.956,1014.062,-1173.814,-2904.408,-2569.21,-61.172,0.491,0.0,0.263,0.087,0.0,-2.599,-0.473,-0.436,-1.0,-7.281,-26.772,28.458
UEC eSports PlusPlus,,LJL,1,14,1.68,2026-02-08,133,0.0714,0.0764,UEC Fahren / UEC Fragrance / UEC Ruunan / UEC clodmattya / UEC ks76,-0.25,-4.312,1.187,0.273,2173.312,6.944,0.972,948.772,-2530.875,-5771.947,-3812.311,-94.816,0.355,0.423,0.228,0.143,0.153,-1.068,-0.544,-1.868,-0.482,-8.205,-32.383,25.921
Bohemian Guardians,oe:team:ab34660aa4f67f0fd1e8f6680b4bcc4,HM,1,18,6.92,2026-05-29,22,0.1667,0.0709,Enricfh / JJirkos / MyCash / Ray / Zeal,-0.166,-2.687,1.468,0.45,2762.925,6.831,0.901,1124.779,-1275.074,-2601.942,-1931.954,-44.101,0.198,0.238,0.269,0.195,0.049,-1.747,-0.435,-0.483,-0.966,-7.036,-23.656,26.75
ZeroZone Gaming,oe:team:ec830d79559b38ffe2dcda535fd2bac,LPLOL,1,14,3.87,2026-05-22,29,0.2857,0.0672,Coli / JoKozz / LONVEY / bakisa / salgueir0,-0.145,-2.607,1.361,0.404,2743.282,7.401,0.979,1089.126,-1274.365,-2207.53,-1035.494,-37.028,0.429,0.333,0.197,0.196,0.228,-1.737,-0.488,-0.023,-0.701,-6.834,-23.367,29.495
Crystal Rose,oe:team:80a7d231c8ee7231431423e6285e00a,NL,1,14,4.83,2026-05-24,27,0.0714,0.0422,Blazteurs / CR Gryf / Dym / FliiZee / Renewal,-0.118,-2.367,1.301,0.409,2787.485,7.195,0.988,1139.538,-1194.253,-3208.297,-2364.754,-47.054,0.523,0.251,0.32,0.256,0.094,-1.825,-0.36,-1.223,-0.979,-6.729,-22.048,30.718
UB Alma Mater,oe:team:6f2c9aa9d310fca2e24df32fe6071b7,LES,1,19,5.9,2026-05-20,31,0.1053,0.0287,Ivama / Pasameelcelo / Pauporter / Xixauxas / adrianlaneitor,-0.189,-3.576,1.121,0.294,2188.837,7.154,0.939,1019.089,-1917.078,-4402.143,-2627.509,-76.573,0.213,0.274,0.275,0.118,0.029,-1.96,-0.45,-0.243,-0.956,-7.852,-28.913,26.412
Tu Papá Esports,oe:team:3a39438dc5ffe5faeaf2360b0115079,LRS,1,13,1.68,2026-04-14,67,0.0769,0.025,Galileo / Gus / Iska / Renyu / TPA Piwo,-0.161,-2.651,1.372,0.452,2680.58,7.846,1.04,1084.551,-1105.614,-3001.427,-2454.061,-33.367,0.164,0.296,0.346,0.0,0.025,-1.853,-0.073,-0.774,-0.803,-8.412,-29.603,27.421
ROSSMANN Centaurs,oe:team:e46f2dda10740009ffb0c01498dc5ce,PRM,2,25,7.69,2026-05-12,39,0.04,0.0126,CPM / Devn / Fooneses / Pasu / Smarty,-0.144,-2.936,0.979,0.29,2311.996,7.246,1.127,1065.163,-1319.789,-3426.171,-2456.869,-63.994,0.345,0.154,0.214,0.148,0.068,-2.054,-0.455,0.015,-1.07,-8.23,-28.34,28.975
Rumble Victory eSports,,CD,1,2,1.25,2026-05-21,30,0.0,0.0,RV Kajary / RV Laure / RV Phase / RV Zate / RV honored,-0.229,-4.26,1.289,0.32,2545.952,6.588,1.181,912.878,-1592.721,-4766.602,-4184.82,-93.002,0.0,0.0,0.0,0.0,0.0,-3.5,-1.0,3.0,-1.0,-9.5,-33.0,26.595
Keypulse Esports,oe:team:d9f29b4eac8fd2a40f5a117e294316f,LPLOL,1,2,0.31,2026-02-19,121,0.0,0.0,Dezo / KYP Gh0st / KYP Korick / Maufest / saibotobias,-0.14,-2.313,1.11,0.323,2478.771,6.142,0.89,1065.277,-915.12,-4504.695,-3472.75,-54.047,0.499,0.0,0.499,0.0,0.499,-3.0,-0.001,3.0,-0.501,-6.503,-19.51,29.558
Pandinhas,,CD,1,2,1.25,2026-05-21,30,0.0,0.0,Charmander / Haze / PAN Any / PAN Dande / Thonny,-0.234,-4.885,1.368,0.318,2181.514,8.123,1.001,990.246,-3489.483,-6434.675,-4248.504,-119.004,0.0,0.5,0.5,0.0,0.0,-0.5,0.0,1.5,-1.0,-7.5,-25.002,25.325
EDG Youth Team,oe:team:6a04b6d8daa2cb0c623e81db686de40,Asia Master,1,3,2.17,2026-06-10,11,0.0,0.0,13day / Jerry / hui / qianshi / wild,-0.073,-0.966,0.821,0.265,2218.806,9.159,1.468,1069.862,-258.685,94.316,1041.554,-2.293,0.689,0.689,0.699,0.611,0.0,-0.409,0.399,1.757,-1.477,-6.554,-19.197,31.858
Kleyton Rhasta,,CD,1,2,1.25,2026-05-21,30,0.0,0.0,KTR DarkVentus / KTR RBX / KTR guizor / KTR monster / Redentor,-0.145,-1.305,1.427,0.434,2785.848,6.752,0.871,1136.751,225.373,-1533.578,-1092.761,11.005,1.0,1.0,0.0,0.5,0.0,-1.0,-1.0,-2.0,-1.0,-8.0,-24.001,30.13
Epitomy Warriors,,LIT,1,2,1.14,2026-05-15,36,0.0,0.0,EPTW Itchy / EPTW Lion / EPTW NIKO / EPTW Rob / EPTW moonlight,-0.049,-2.035,1.039,0.374,2383.152,7.328,0.848,1099.691,-348.629,-1997.969,-878.351,-70.995,0.5,0.5,0.0,0.0,0.0,-1.001,-1.0,-0.999,-1.0,-5.5,-21.5,29.483
Instituto Politécnico de Santarém,,LPLOL,1,2,0.25,2026-02-13,127,0.0,0.0,IPS Baymaxed / IPS Idrk1 / IPS Pato1109 / IPS Paulao / IPS Scarface1,-0.162,-3.851,1.151,0.217,1882.994,5.45,0.622,993.365,-2338.911,-6269.642,-5464.729,-86.043,0.556,0.556,0.0,0.556,0.0,-2.444,-1.0,-2.112,-1.0,-5.552,-14.866,25.94
StoneHenge Esports Academy,,LIT,1,4,2.31,2026-05-17,34,0.0,0.0,SHA Aki / SHA Kumi / SHA Radko / SHA Romytotate / Xero,-0.019,-0.407,1.212,0.484,3033.779,6.727,0.788,1235.312,135.581,-473.155,-1440.324,15.362,0.246,0.0,0.254,0.508,0.254,-3.008,-0.492,1.477,-0.239,-3.462,-7.101,31.094
Equinox Core,oe:team:3c0875a40b9966970b818d24ce4dcf1,PCS,1,4,1.9,2026-05-26,26,0.0,0.0,Epic / Lucifer / Mese / XI LAI / Zoey,-0.155,-1.581,1.215,0.346,2430.773,8.029,1.007,1110.137,-289.86,-1988.714,-1123.069,9.061,0.352,0.183,0.817,0.352,0.0,-2.563,0.633,1.196,-1.0,-7.352,-26.112,29.09
SabOOr T1,,CD,1,2,0.35,2026-02-27,113,0.0,0.0,Humi / Nukenin / Severo / kenNedy / vitin1,-0.032,-2.055,1.479,0.6,3059.227,7.93,1.326,1376.95,-2637.842,-2541.886,-397.286,-22.009,0.5,0.0,0.5,0.0,0.5,-0.501,0.0,-3.0,-1.5,-8.501,-26.005,34.063
Yumeea,oe:team:6add5ac306c225698bd2f8b170dcf36,LFL,1,2,0.19,2026-01-29,142,0.0,0.0,Colomblbl / Sashy / Sea / Shiina / Zeniv,-0.231,-3.683,1.125,0.277,2253.945,6.784,0.852,1051.491,-1862.61,-2559.761,-1823.296,-78.248,0.0,1.0,0.0,0.0,0.0,0.586,-1.0,-3.0,-1.586,-9.414,-34.242,26.114
Xu Ji Basalt,oe:team:f9f9d0a507079bd7008e21ea58533b9,PCS,1,4,1.37,2026-04-27,54,0.0,0.0,Acheron / Hedonist / Raon / Roger / X1aoCHiao,-0.063,-1.836,1.332,0.426,2674.376,8.842,1.344,1158.521,-1186.798,-3011.418,-2704.884,-33.172,0.0,0.313,0.625,0.0,0.625,-0.499,0.251,-3.0,-0.375,-4.749,-16.556,31.932
Ovos Moles eSports,,LPLOL,1,2,0.28,2026-02-13,127,0.0,0.0,OVO 11ofSpadeS / OVO Bola1 / OVO Daviii / OVO Jota1 / OVO Xerd,-0.208,-2.628,0.863,0.269,2459.784,6.677,0.933,1037.457,-1856.495,-3098.638,-2667.866,-87.951,0.0,0.0,0.0,0.5,0.0,0.0,-0.5,-3.0,-1.5,-8.498,-25.989,31.882
Way Gaming Esports,,LPLOL,1,2,0.22,2026-02-12,128,0.0,0.0,Leazor / WGE Dooma / WGE Lucas / WGE Moreiraoo / WGE Pyker,-0.098,-2.231,1.289,0.57,2578.931,7.121,0.981,1130.23,-1107.512,-2609.473,-2982.984,-86.212,0.625,0.0,0.625,0.0,0.0,-0.124,0.251,1.749,-1.0,-7.749,-24.743,28.528
Observant Force,oe:team:d4f88428cadf8b707ceefe540ffb048,HW,1,4,0.43,2026-01-30,141,0.0,0.0,Danos / Exiled Wolf / Gewrix / Lolkol / Mora,-0.105,-2.636,1.411,0.471,2641.049,7.194,0.938,1211.136,-2007.616,-4140.552,-2510.243,-41.463,0.507,0.233,0.0,0.248,0.248,-1.966,-1.0,-0.579,-0.53,-9.061,-27.544,31.252
Nugget enterprises,,CD,1,2,1.25,2026-05-21,30,0.0,0.0,HotPie / NUGS Lanches / Nukenin / Vidal / kaiks,-0.138,-1.801,1.41,0.459,2890.964,7.971,1.145,1130.081,-431.679,-3325.891,-1896.136,-27.499,1.0,0.5,0.5,0.0,0.0,-0.501,-0.0,-2.0,-1.0,-7.501,-20.505,30.669
The AstroDucks,,LIT,1,4,0.48,2026-02-07,133,0.0,0.0,AD Ciro QQ / AD Magneficents / Groudon / Junco / Zekrosk,-0.147,-2.289,1.128,0.313,2743.921,6.767,0.855,1031.333,-587.534,-2644.644,-2346.256,-24.637,0.263,0.737,0.0,0.236,0.0,-0.291,-1.0,-3.0,-1.263,-8.763,-30.871,28.611
Vitality Rising Bees,oe:team:6606d319df3ef6a3871af152550b35d,LFL,1,2,0.21,2026-01-29,142,0.0,0.0,Cosmïc / Delicate / Honda / Owpi / rym,-0.327,-4.889,1.104,0.212,2079.231,7.156,0.798,942.572,-3169.028,-5997.574,-3420.683,-100.529,0.0,0.0,0.0,0.0,0.0,-3.531,-1.0,0.184,-1.0,-9.469,-32.939,22.898
REDPack Esports,oe:team:314949f363d8e988f61dccc0cd7a121,EBL,1,4,0.58,2026-02-25,115,0.0,0.0,Alessio / Bizyze / Davyyy / Zarcon / flini,-0.103,-1.97,1.399,0.531,3095.556,6.544,1.032,1223.143,-585.475,-1333.888,-1916.561,-42.024,0.5,0.5,0.211,0.289,0.0,-1.132,-0.579,-1.843,-1.579,-8.367,-30.259,29.935
Ground Zero Academy,,PCS,1,4,2.05,2026-05-26,25,0.0,0.0,Adizai / Chain1 / GZA 0131 / GZA PeanutCoco / RenYe,-0.055,-1.983,1.1,0.391,2649.182,7.235,1.092,1126.864,-1310.844,-2276.383,-1999.109,-41.959,0.345,0.173,0.0,0.0,0.173,-4.482,-1.0,1.965,-0.637,-5.845,-19.536,33.21
GLORE,oe:team:5e86e312935ad545ee215e67adcee9c,RL,1,14,4.78,2026-05-20,31,0.0,0.0,Acorderr / Salami / ShazQ / Sorrow2 / Szafa,-0.108,-2.705,1.295,0.346,2756.328,7.044,0.986,1120.961,-1333.688,-2894.942,-2574.464,-46.774,0.246,0.436,0.256,0.059,0.141,-1.433,-0.488,-0.752,-0.537,-7.649,-25.96,29.826
Prodigy Invokers,,CD,1,2,0.35,2026-02-27,113,0.0,0.0,Gatovisck / Guga / Namiru / Yozan / patouu,-0.007,0.485,0.851,0.35,2699.575,9.296,1.468,1177.946,562.563,413.881,944.73,36.993,1.0,0.5,0.5,0.5,0.5,-2.001,-0.001,3.0,0.0,-4.0,-6.002,35.841
Epitomy Crash,,LIT,1,2,0.23,2026-02-01,139,0.0,0.0,EPTC Caspian / EPTC Doximusx / EPTC JustSam11 / EPTC Sventra / EPTC magnans,-0.121,-0.945,1.087,0.406,2360.671,7.581,1.083,1005.084,805.251,370.506,-566.424,-23.988,1.0,0.5,0.0,0.0,0.0,-0.5,-1.0,-0.0,-1.0,-7.999,-26.498,30.966
