series_id,date,league,playoffs,team_a,team_b,wins_a,wins_b,result,games,a_elo_before,a_elo_after,b_elo_before,b_elo_after,delta_a,swing,upset
LOLTMNT03_337058,2026-01-14 08:13:43,LCK,0,KT Rolster,DN SOOPers,2,1,win,DN SOOPers|KT Rolster|KT Rolster,1500.0,1516.2,1500.0,1483.8,16.2,16.2,False
13060-13060_game_1,2026-01-14 09:13:04,LPL,0,Weibo Gaming,Invictus Gaming,2,1,win,Invictus Gaming|Weibo Gaming|Weibo Gaming,1500.0,1516.2,1500.0,1483.8,16.2,16.2,False
LOLTMNT03_337109,2026-01-14 11:22:18,LCK,0,Dplus Kia,HANJIN BRION,2,0,win,Dplus Kia|Dplus Kia,1500.0,1528.7,1500.0,1471.3,28.7,28.7,False
13061-13061_game_1,2026-01-14 12:37:55,LPL,0,JD Gaming,Top Esports,2,0,win,JD Gaming|JD Gaming,1500.0,1528.7,1500.0,1471.3,28.7,28.7,False
13062-13062_game_1,2026-01-15 07:12:06,LPL,0,LGD Gaming,Ultra Prime,2,0,win,LGD Gaming|LGD Gaming,1500.0,1528.7,1500.0,1471.3,28.7,28.7,False
LOLTMNT03_336244,2026-01-15 08:05:23,LCK,0,Gen.G,Kiwoom DRX,2,0,win,Gen.G|Gen.G,1500.0,1528.7,1500.0,1471.3,28.7,28.7,False
13063-13063_game_1,2026-01-15 09:26:10,LPL,0,Anyone's Legend,Invictus Gaming,2,0,win,Anyone's Legend|Anyone's Legend,1500.0,1527.4,1483.8,1456.4,27.4,27.4,False
LOLTMNT03_337298,2026-01-15 10:15:24,LCK,0,BNK FEARX,Nongshim RedForce,2,0,win,BNK FEARX|BNK FEARX,1500.0,1528.7,1500.0,1471.3,28.7,28.7,False
13064-13064_game_1,2026-01-15 11:30:15,LPL,0,Bilibili Gaming,Weibo Gaming,2,1,win,Weibo Gaming|Bilibili Gaming|Bilibili Gaming,1500.0,1518.1,1516.2,1498.1,18.1,18.1,False
LOLTMNT01_320405,2026-01-16 06:23:26,LCP,0,Team Secret Whales,Ground Zero Gaming,2,1,win,Ground Zero Gaming|Team Secret Whales|Team Secret Whales,1500.0,1516.2,1500.0,1483.8,16.2,16.2,False
LOLTMNT03_336495,2026-01-16 08:05:40,LCK,0,Dplus Kia,DN SOOPers,2,0,win,Dplus Kia|Dplus Kia,1528.7,1553.8,1483.8,1458.8,25.0,25.0,False
13106-13106_game_1,2026-01-16 09:16:42,LPL,0,LNG Esports,Oh My God,2,0,win,LNG Esports|LNG Esports,1500.0,1528.7,1500.0,1471.3,28.7,28.7,False
LOLTMNT01_320481,2026-01-16 09:25:37,LCP,0,Deep Cross Gaming,Fukuoka SoftBank HAWKS gaming,2,0,win,Deep Cross Gaming|Deep Cross Gaming,1500.0,1528.7,1500.0,1471.3,28.7,28.7,False
LOLTMNT03_337590,2026-01-16 10:08:16,LCK,0,T1,Hanwha Life Esports,2,1,win,Hanwha Life Esports|T1|T1,1500.0,1516.2,1500.0,1483.8,16.2,16.2,False
13066-13066_game_1,2026-01-16 11:10:15,LPL,0,Team WE,EDward Gaming,2,0,win,Team WE|Team WE,1500.0,1528.7,1500.0,1471.3,28.7,28.7,False
LOLTMNT01_320768,2026-01-17 06:17:02,LCP,0,GAM Esports,CTBC Flying Oyster,2,0,win,GAM Esports|GAM Esports,1500.0,1528.7,1500.0,1471.3,28.7,28.7,False
LOLTMNT03_336667,2026-01-17 08:05:53,LCK,0,BNK FEARX,HANJIN BRION,2,1,win,BNK FEARX|HANJIN BRION|BNK FEARX,1528.7,1535.8,1471.3,1464.2,7.1,7.1,False
LOLTMNT01_321853,2026-01-17 08:21:31,LCP,0,MVK Esports,DetonatioN FocusMe,2,0,win,MVK Esports|MVK Esports,1500.0,1528.7,1500.0,1471.3,28.7,28.7,False
13067-13067_game_1,2026-01-17 09:15:53,LPL,0,Bilibili Gaming,Anyone's Legend,2,1,win,Anyone's Legend|Bilibili Gaming|Bilibili Gaming,1518.1,1535.4,1527.4,1510.1,17.3,17.3,False
LOLTMNT03_336695,2026-01-17 11:10:45,LCK,0,Gen.G,KT Rolster,2,0,win,Gen.G|Gen.G,1528.7,1556.4,1516.2,1488.5,27.7,27.7,False
13068-13068_game_1,2026-01-17 12:22:23,LPL,0,Invictus Gaming,JD Gaming,2,1,win,Invictus Gaming|JD Gaming|Invictus Gaming,1456.4,1478.8,1528.7,1506.4,22.3,22.3,True
LOLTMNT06_164200,2026-01-17 16:08:02,LEC,0,Fnatic,Los Ratones,1,0,win,Fnatic,1500.0,1515.0,1500.0,1485.0,15.0,15.0,False
LOLTMNT03_337813,2026-01-17 16:19:20,CBLOL,0,Vivo Keyd Stars,paiN Gaming,1,0,win,Vivo Keyd Stars,1500.0,1515.0,1500.0,1485.0,15.0,15.0,False
LOLTMNT06_163223,2026-01-17 17:06:08,LEC,0,GiantX,Shifters,1,0,win,GiantX,1500.0,1515.0,1500.0,1485.0,15.0,15.0,False
LOLTMNT03_336773,2026-01-17 17:20:13,CBLOL,0,RED Canids,Fluxo W7M,1,0,win,RED Canids,1500.0,1515.0,1500.0,1485.0,15.0,15.0,False
LOLTMNT06_164218,2026-01-17 18:08:00,LEC,0,Natus Vincere,Team Heretics,1,0,win,Natus Vincere,1500.0,1515.0,1500.0,1485.0,15.0,15.0,False
LOLTMNT03_337829,2026-01-17 18:27:20,CBLOL,0,FURIA,LOUD,1,0,win,FURIA,1500.0,1515.0,1500.0,1485.0,15.0,15.0,False
LOLTMNT06_164234,2026-01-17 19:07:52,LEC,0,Team Vitality,SK Gaming,1,0,win,Team Vitality,1500.0,1515.0,1500.0,1485.0,15.0,15.0,False
LOLTMNT03_337841,2026-01-17 19:25:07,CBLOL,0,LØS,Vivo Keyd Stars,1,0,win,LØS,1500.0,1515.6,1515.0,1499.4,15.6,15.6,False
LOLTMNT06_163258,2026-01-17 20:06:09,LEC,0,Karmine Corp,Karmine Corp Blue,1,0,win,Karmine Corp,1500.0,1515.0,1500.0,1485.0,15.0,15.0,False
LOLTMNT03_337847,2026-01-17 20:16:54,CBLOL,0,FURIA,Leviatan,1,0,win,FURIA,1515.0,1529.4,1500.0,1485.6,14.4,14.4,False
LOLTMNT06_163282,2026-01-17 21:08:03,LEC,0,Movistar KOI,G2 Esports,1,0,win,Movistar KOI,1500.0,1515.0,1500.0,1485.0,15.0,15.0,False
LOLTMNT01_322090,2026-01-18 06:23:21,LCP,0,Ground Zero Gaming,Deep Cross Gaming,2,1,win,Deep Cross Gaming|Ground Zero Gaming|Ground Zero Gaming,1483.8,1505.3,1528.7,1507.3,21.5,21.5,False
LOLTMNT03_336834,2026-01-18 08:05:24,LCK,0,Nongshim RedForce,Hanwha Life Esports,2,0,win,Nongshim RedForce|Nongshim RedForce,1471.3,1501.0,1483.8,1454.1,29.7,29.7,False
13069-13069_game_1,2026-01-18 09:12:53,LPL,0,Bilibili Gaming,Top Esports,2,0,win,Bilibili Gaming|Bilibili Gaming,1535.4,1558.9,1471.3,1447.8,23.5,23.5,False
LOLTMNT01_322115,2026-01-18 09:32:33,LCP,0,Team Secret Whales,Fukuoka SoftBank HAWKS gaming,2,0,win,Team Secret Whales|Team Secret Whales,1516.2,1541.2,1471.3,1446.2,25.0,25.0,False
LOLTMNT03_337890,2026-01-18 10:20:18,LCK,0,T1,Kiwoom DRX,2,1,win,T1|Kiwoom DRX|T1,1516.2,1524.7,1471.3,1462.7,8.5,8.5,False
13070-13070_game_1,2026-01-18 11:26:38,LPL,0,JD Gaming,Anyone's Legend,2,1,win,JD Gaming|Anyone's Legend|JD Gaming,1506.4,1520.6,1510.1,1495.8,14.3,14.3,False
LOLTMNT06_163306,2026-01-18 16:09:02,LEC,0,Shifters,Team Heretics,1,0,win,Shifters,1485.0,1500.0,1485.0,1470.0,15.0,15.0,False
LOLTMNT03_337955,2026-01-18 16:09:22,CBLOL,0,LØS,Fluxo W7M,1,0,win,LØS,1515.6,1529.3,1485.0,1471.3,13.7,13.7,False
LOLTMNT03_337968,2026-01-18 17:04:31,CBLOL,0,FURIA,paiN Gaming,1,0,win,FURIA,1529.4,1542.4,1485.0,1471.9,13.1,13.1,False
LOLTMNT06_163319,2026-01-18 17:13:41,LEC,0,Karmine Corp Blue,Los Ratones,1,0,win,Karmine Corp Blue,1485.0,1500.0,1485.0,1470.0,15.0,15.0,False
LOLTMNT03_336925,2026-01-18 17:55:02,CBLOL,0,Vivo Keyd Stars,Fluxo W7M,1,0,win,Vivo Keyd Stars,1499.4,1513.1,1471.3,1457.5,13.8,13.8,False
LOLTMNT06_164300,2026-01-18 18:16:21,LEC,0,Natus Vincere,Team Vitality,1,0,win,Natus Vincere,1515.0,1530.0,1515.0,1500.0,15.0,15.0,False
LOLTMNT03_337985,2026-01-18 18:43:16,CBLOL,0,LOUD,paiN Gaming,1,0,win,LOUD,1485.0,1499.4,1471.9,1457.5,14.4,14.4,False
LOLTMNT06_163332,2026-01-18 19:11:12,LEC,0,SK Gaming,Fnatic,1,0,win,SK Gaming,1485.0,1501.3,1515.0,1498.7,16.3,16.3,False
LOLTMNT03_337997,2026-01-18 19:36:10,CBLOL,0,RED Canids,Leviatan,1,0,win,RED Canids,1515.0,1528.7,1485.6,1471.9,13.7,13.7,False
LOLTMNT06_164317,2026-01-18 20:04:44,LEC,0,GiantX,G2 Esports,1,0,win,GiantX,1515.0,1528.7,1485.0,1471.3,13.7,13.7,False
LOLTMNT06_164335,2026-01-18 21:10:16,LEC,0,Movistar KOI,Karmine Corp,1,0,win,Movistar KOI,1515.0,1530.0,1515.0,1500.0,15.0,15.0,False
13071-13071_game_1,2026-01-19 07:13:41,LPL,0,Team WE,ThunderTalk Gaming,2,0,win,Team WE|Team WE,1528.7,1555.1,1500.0,1473.6,26.4,26.4,False
13072-13072_game_1,2026-01-19 09:14:21,LPL,0,Top Esports,Weibo Gaming,2,1,win,Top Esports|Weibo Gaming|Top Esports,1447.8,1467.5,1498.1,1478.3,19.8,19.8,False
13073-13073_game_1,2026-01-19 12:21:37,LPL,0,Ninjas in Pyjamas,EDward Gaming,2,1,win,EDward Gaming|Ninjas in Pyjamas|Ninjas in Pyjamas,1500.0,1512.8,1471.3,1458.5,12.8,12.8,False
LOLTMNT06_163405,2026-01-19 16:09:18,LEC,0,Fnatic,Natus Vincere,1,0,win,Fnatic,1498.7,1515.1,1530.0,1513.7,16.3,16.3,False
LOLTMNT06_164420,2026-01-19 17:13:34,LEC,0,Team Vitality,Karmine Corp Blue,1,0,win,Team Vitality,1500.0,1515.0,1500.0,1485.0,15.0,15.0,False
LOLTMNT06_163424,2026-01-19 18:14:25,LEC,0,Team Heretics,GiantX,1,0,win,Team Heretics,1470.0,1487.5,1528.7,1511.2,17.5,17.5,False
LOLTMNT06_164458,2026-01-19 19:30:22,LEC,0,Shifters,Movistar KOI,1,0,win,Shifters,1500.0,1516.3,1530.0,1513.7,16.3,16.3,False
LOLTMNT06_164476,2026-01-19 20:23:44,LEC,0,Karmine Corp,Los Ratones,1,0,win,Karmine Corp,1500.0,1513.7,1470.0,1456.3,13.7,13.7,False
LOLTMNT06_164483,2026-01-19 21:46:20,LEC,0,G2 Esports,SK Gaming,1,0,win,G2 Esports,1471.3,1487.6,1501.3,1485.0,16.3,16.3,False
13074-13074_game_1,2026-01-20 09:14:03,LPL,0,Anyone's Legend,Weibo Gaming,2,0,win,Anyone's Legend|Anyone's Legend,1495.8,1523.1,1478.3,1451.1,27.3,27.3,False
13075-13075_game_1,2026-01-20 11:17:22,LPL,0,Bilibili Gaming,Invictus Gaming,2,0,win,Bilibili Gaming|Bilibili Gaming,1558.9,1581.2,1478.8,1456.5,22.3,22.3,False
LOLTMNT03_338494,2026-01-21 08:05:24,LCK,0,Dplus Kia,Nongshim RedForce,2,1,win,Dplus Kia|Nongshim RedForce|Dplus Kia,1553.8,1561.4,1501.0,1493.4,7.6,7.6,False
13076-13076_game_1,2026-01-21 09:13:30,LPL,0,LNG Esports,LGD Gaming,2,1,win,LNG Esports|LGD Gaming|LNG Esports,1528.7,1542.5,1528.7,1514.9,13.8,13.8,False
LOLTMNT03_338517,2026-01-21 11:14:52,LCK,0,DN SOOPers,Kiwoom DRX,2,1,win,Kiwoom DRX|DN SOOPers|DN SOOPers,1458.8,1475.4,1462.7,1446.1,16.7,16.7,False
13077-13077_game_1,2026-01-21 12:26:03,LPL,0,Invictus Gaming,Top Esports,2,1,win,Top Esports|Invictus Gaming|Invictus Gaming,1456.5,1474.0,1467.5,1450.0,17.5,17.5,False
13078-13078_game_1,2026-01-22 07:11:47,LPL,0,Ultra Prime,Oh My God,2,0,win,Ultra Prime|Ultra Prime,1471.3,1500.0,1471.3,1442.6,28.7,28.7,False
LOLTMNT03_339583,2026-01-22 08:05:25,LCK,0,Hanwha Life Esports,HANJIN BRION,2,1,win,Hanwha Life Esports|HANJIN BRION|Hanwha Life Esports,1454.1,1469.1,1464.2,1449.2,15.0,15.0,False
13079-13079_game_1,2026-01-22 09:16:51,LPL,0,EDward Gaming,ThunderTalk Gaming,2,0,win,EDward Gaming|EDward Gaming,1458.5,1488.5,1473.6,1443.7,30.0,30.0,False
LOLTMNT03_339627,2026-01-22 11:14:53,LCK,0,Gen.G,BNK FEARX,2,0,win,Gen.G|Gen.G,1556.4,1583.4,1535.8,1508.8,27.0,27.0,False
13080-13080_game_1,2026-01-22 11:16:23,LPL,0,Ninjas in Pyjamas,Team WE,2,1,win,Team WE|Ninjas in Pyjamas|Ninjas in Pyjamas,1512.8,1533.9,1555.1,1533.9,21.2,21.2,False
LOLTMNT02_344078,2026-01-23 06:47:18,LCP,0,CTBC Flying Oyster,DetonatioN FocusMe,2,0,win,CTBC Flying Oyster|CTBC Flying Oyster,1471.3,1500.0,1471.3,1442.6,28.7,28.7,False
13081-13081_game_1,2026-01-23 07:11:20,LPL,0,Oh My God,LGD Gaming,2,1,win,Oh My God|LGD Gaming|Oh My God,1442.6,1464.9,1514.9,1492.6,22.3,22.3,True
LOLTMNT03_341143,2026-01-23 08:04:55,LCK,0,T1,KT Rolster,2,0,win,T1|T1,1524.7,1550.5,1488.5,1462.8,25.7,25.7,False
LOLTMNT02_343084,2026-01-23 08:41:06,LCP,0,MVK Esports,GAM Esports,2,1,win,GAM Esports|MVK Esports|MVK Esports,1528.7,1544.9,1528.7,1512.5,16.2,16.2,False
13082-13082_game_1,2026-01-23 10:20:25,LPL,0,EDward Gaming,ThunderTalk Gaming,2,1,win,ThunderTalk Gaming|EDward Gaming|EDward Gaming,1488.5,1499.4,1443.7,1432.8,10.9,10.9,False
LOLTMNT03_340138,2026-01-23 10:33:19,LCK,0,Kiwoom DRX,Nongshim RedForce,2,1,win,Kiwoom DRX|Nongshim RedForce|Kiwoom DRX,1446.1,1465.5,1493.4,1474.0,19.4,19.4,False
13083-13083_game_1,2026-01-23 13:26:53,LPL,0,JD Gaming,Bilibili Gaming,2,0,win,JD Gaming|JD Gaming,1520.6,1554.3,1581.2,1547.5,33.7,33.7,False
LOLTMNT02_344149,2026-01-24 06:21:12,LCP,0,Deep Cross Gaming,Team Secret Whales,2,1,win,Deep Cross Gaming|Team Secret Whales|Deep Cross Gaming,1507.3,1525.1,1541.2,1523.4,17.8,17.8,False
LOLTMNT03_341253,2026-01-24 08:04:56,LCK,0,Hanwha Life Esports,DN SOOPers,2,1,win,Hanwha Life Esports|DN SOOPers|Hanwha Life Esports,1469.1,1483.7,1475.4,1460.9,14.6,14.6,False
13084-13084_game_1,2026-01-24 09:15:02,LPL,0,Anyone's Legend,Top Esports,2,1,win,Anyone's Legend|Top Esports|Anyone's Legend,1523.1,1528.4,1450.0,1444.7,5.3,5.3,False
LOLTMNT02_343177,2026-01-24 09:19:54,LCP,0,Fukuoka SoftBank HAWKS gaming,Ground Zero Gaming,2,1,win,Fukuoka SoftBank HAWKS gaming|Ground Zero Gaming|Fukuoka SoftBank HAWKS gaming,1446.2,1467.0,1505.3,1484.5,20.8,20.8,False
LOLTMNT03_341342,2026-01-24 11:24:48,LCK,0,Gen.G,Dplus Kia,2,0,win,Gen.G|Gen.G,1583.4,1610.3,1561.4,1534.5,26.9,26.9,False
13085-13085_game_1,2026-01-24 12:22:10,LPL,0,Weibo Gaming,JD Gaming,2,0,win,Weibo Gaming|Weibo Gaming,1451.1,1488.1,1554.3,1517.2,37.1,37.1,True
LOLTMNT04_149111,2026-01-24 15:51:32,LEC,0,GiantX,Los Ratones,1,0,win,GiantX,1511.2,1523.8,1456.3,1443.6,12.6,12.6,False
LOLTMNT01_324576,2026-01-24 16:10:43,CBLOL,0,LØS,Leviatan,1,0,win,LØS,1529.3,1541.9,1471.9,1459.4,12.5,12.5,False
LOLTMNT04_149122,2026-01-24 16:36:30,LEC,0,Natus Vincere,Karmine Corp Blue,1,0,win,Natus Vincere,1513.7,1527.4,1485.0,1471.2,13.8,13.8,False
LOLTMNT01_324588,2026-01-24 17:01:45,CBLOL,0,RED Canids,FURIA,1,0,win,RED Canids,1528.7,1544.3,1542.4,1526.9,15.6,15.6,False
LOLTMNT04_149134,2026-01-24 17:34:22,LEC,0,Team Heretics,Team Vitality,1,0,win,Team Heretics,1487.5,1503.7,1515.0,1498.8,16.2,16.2,False
LOLTMNT01_325644,2026-01-24 17:59:45,CBLOL,0,Vivo Keyd Stars,Leviatan,1,0,win,Vivo Keyd Stars,1513.1,1525.8,1459.4,1446.7,12.7,12.7,False
LOLTMNT04_149143,2026-01-24 18:28:43,LEC,0,G2 Esports,Shifters,1,0,win,G2 Esports,1487.6,1503.8,1516.3,1500.1,16.2,16.2,False
LOLTMNT01_325655,2026-01-24 18:46:55,CBLOL,0,LØS,LOUD,1,0,win,LØS,1541.9,1555.0,1499.4,1486.3,13.2,13.2,False
LOLTMNT04_150134,2026-01-24 19:21:26,LEC,0,Karmine Corp,SK Gaming,1,0,win,Karmine Corp,1513.7,1527.5,1485.0,1471.2,13.8,13.8,False
LOLTMNT01_324613,2026-01-24 19:35:19,CBLOL,0,Fluxo W7M,paiN Gaming,1,0,win,Fluxo W7M,1457.5,1472.5,1457.5,1442.5,15.0,15.0,False
LOLTMNT04_149159,2026-01-24 20:19:05,LEC,0,Movistar KOI,Fnatic,1,0,win,Movistar KOI,1513.7,1528.8,1515.1,1500.0,15.1,15.1,False
LOLTMNT01_325708,2026-01-24 21:24:34,LCS,0,Cloud9,Team Liquid,2,0,win,Cloud9|Cloud9,1500.0,1528.7,1500.0,1471.3,28.7,28.7,False
LOLTMNT01_325749,2026-01-24 23:14:34,LCS,0,Disguised,Sentinels,2,1,win,Sentinels|Disguised|Disguised,1500.0,1516.2,1500.0,1483.8,16.2,16.2,False
LOLTMNT02_343221,2026-01-25 06:23:02,LCP,0,CTBC Flying Oyster,MVK Esports,2,1,win,CTBC Flying Oyster|MVK Esports|CTBC Flying Oyster,1500.0,1519.1,1544.9,1525.8,19.1,19.1,False
LOLTMNT03_341399,2026-01-25 08:05:39,LCK,0,T1,BNK FEARX,2,1,win,T1|BNK FEARX|T1,1550.5,1559.4,1508.8,1499.9,8.9,8.9,False
13086-13086_game_1,2026-01-25 09:14:08,LPL,0,Team WE,Ninjas in Pyjamas,2,1,win,Team WE|Ninjas in Pyjamas|Team WE,1533.9,1547.7,1533.9,1520.1,13.8,13.8,False
LOLTMNT02_344221,2026-01-25 09:25:06,LCP,0,GAM Esports,DetonatioN FocusMe,2,0,win,GAM Esports|GAM Esports,1512.5,1535.6,1442.6,1419.5,23.1,23.1,False
LOLTMNT03_341439,2026-01-25 11:28:02,LCK,0,KT Rolster,HANJIN BRION,2,1,win,HANJIN BRION|KT Rolster|KT Rolster,1462.8,1477.3,1449.2,1434.6,14.6,14.6,False
13087-13087_game_1,2026-01-25 12:44:41,LPL,0,Top Esports,Invictus Gaming,2,0,win,Top Esports|Top Esports,1444.7,1475.9,1474.0,1442.9,31.1,31.1,False
LOLTMNT04_150207,2026-01-25 15:52:48,LEC,0,Team Vitality,Shifters,1,0,win,Team Vitality,1498.8,1513.9,1500.1,1485.0,15.1,15.1,False
LOLTMNT01_325945,2026-01-25 16:11:37,CBLOL,0,LOUD,RED Canids,1,0,win,LOUD,1486.3,1503.7,1544.3,1526.8,17.5,17.5,False
LOLTMNT04_150214,2026-01-25 16:45:10,LEC,0,Natus Vincere,SK Gaming,1,0,win,Natus Vincere,1527.4,1540.0,1471.2,1458.6,12.6,12.6,False
LOLTMNT01_325969,2026-01-25 17:27:29,CBLOL,0,Leviatan,Fluxo W7M,1,0,win,Leviatan,1446.7,1462.8,1472.5,1456.4,16.1,16.1,False
LOLTMNT04_149225,2026-01-25 17:41:52,LEC,0,Los Ratones,Team Heretics,1,0,win,Los Ratones,1443.6,1461.2,1503.7,1486.1,17.6,17.6,False
LOLTMNT01_325989,2026-01-25 18:24:07,CBLOL,0,RED Canids,paiN Gaming,1,0,win,RED Canids,1526.8,1538.3,1442.5,1431.0,11.4,11.4,False
LOLTMNT04_150239,2026-01-25 18:34:50,LEC,0,Movistar KOI,Karmine Corp Blue,1,0,win,Movistar KOI,1528.8,1541.3,1471.2,1458.7,12.5,12.5,False
LOLTMNT01_324926,2026-01-25 19:16:09,CBLOL,0,LOUD,Vivo Keyd Stars,1,0,win,LOUD,1503.7,1519.7,1525.8,1509.9,16.0,16.0,False
LOLTMNT04_149245,2026-01-25 19:22:26,LEC,0,Fnatic,GiantX,1,0,win,Fnatic,1500.0,1516.0,1523.8,1507.8,16.0,16.0,False
LOLTMNT01_324952,2026-01-25 20:11:14,CBLOL,0,LØS,FURIA,1,0,win,LØS,1555.0,1568.8,1526.9,1513.1,13.8,13.8,False
LOLTMNT04_149251,2026-01-25 20:13:39,LEC,0,Karmine Corp,G2 Esports,1,0,win,Karmine Corp,1527.5,1541.5,1503.8,1489.8,14.0,14.0,False
LOLTMNT01_326052,2026-01-25 21:13:51,LCS,0,FlyQuest,Shopify Rebellion,2,0,win,FlyQuest|FlyQuest,1500.0,1528.7,1500.0,1471.3,28.7,28.7,False
LOLTMNT01_324980,2026-01-25 23:15:54,LCS,0,LYON,Dignitas,2,0,win,LYON|LYON,1500.0,1528.7,1500.0,1471.3,28.7,28.7,False
13088-13088_game_1,2026-01-26 09:13:55,LPL,0,Team WE,ThunderTalk Gaming,2,0,win,Team WE|Team WE,1547.7,1567.4,1432.8,1413.2,19.6,19.6,False
13089-13089_game_1,2026-01-26 11:24:45,LPL,0,JD Gaming,Bilibili Gaming,2,1,win,JD Gaming|Bilibili Gaming|JD Gaming,1517.2,1534.6,1547.5,1530.1,17.4,17.4,False
LOLTMNT04_150288,2026-01-26 15:56:02,LEC,0,SK Gaming,Karmine Corp Blue,1,0,win,SK Gaming,1458.6,1473.6,1458.7,1443.7,15.0,15.0,False
LOLTMNT04_149293,2026-01-26 16:40:33,LEC,0,Los Ratones,Shifters,1,0,win,Los Ratones,1461.2,1477.2,1485.0,1469.0,16.0,16.0,False
LOLTMNT04_149305,2026-01-26 17:39:01,LEC,0,Fnatic,Team Vitality,1,0,win,Fnatic,1516.0,1530.9,1513.9,1499.0,14.9,14.9,False
LOLTMNT04_149323,2026-01-26 18:30:36,LEC,0,G2 Esports,Team Heretics,1,0,win,G2 Esports,1489.8,1504.7,1486.1,1471.3,14.8,14.8,False
LOLTMNT04_150332,2026-01-26 19:21:50,LEC,0,Karmine Corp,Natus Vincere,1,0,win,Karmine Corp,1541.5,1556.4,1540.0,1525.1,14.9,14.9,False
LOLTMNT04_150342,2026-01-26 20:10:44,LEC,0,GiantX,Movistar KOI,1,0,win,GiantX,1507.8,1524.3,1541.3,1524.9,16.4,16.4,False
13090-13090_game_1,2026-01-27 07:13:52,LPL,0,LNG Esports,Ultra Prime,2,0,win,LNG Esports|LNG Esports,1542.5,1567.8,1500.0,1474.8,25.2,25.2,False
13091-13091_game_1,2026-01-27 09:06:42,LPL,0,Weibo Gaming,Top Esports,2,1,win,Weibo Gaming|Top Esports|Weibo Gaming,1488.1,1500.5,1475.9,1463.5,12.4,12.4,False
13092-13092_game_1,2026-01-27 11:56:02,LPL,0,Anyone's Legend,Invictus Gaming,2,1,win,Anyone's Legend|Invictus Gaming|Anyone's Legend,1528.4,1532.3,1442.9,1439.0,3.9,3.9,False
13093-13093_game_1,2026-01-28 07:12:22,LPL,0,LGD Gaming,Ultra Prime,2,1,win,Ultra Prime|LGD Gaming|LGD Gaming,1492.6,1506.6,1474.8,1460.7,14.1,14.1,False
LOLTMNT01_326821,2026-01-28 08:04:54,LCK,0,Kiwoom DRX,HANJIN BRION,3,2,win,Kiwoom DRX|HANJIN BRION|HANJIN BRION|Kiwoom DRX|Kiwoom DRX,1465.5,1475.1,1434.6,1425.0,9.6,9.6,False
13094-13094_game_1,2026-01-28 10:04:00,LPL,0,LNG Esports,Oh My God,2,0,win,LNG Esports|LNG Esports,1567.8,1588.3,1464.9,1444.4,20.5,20.5,False
13095-13095_game_1,2026-01-28 12:05:42,LPL,0,EDward Gaming,Ninjas in Pyjamas,2,1,win,Ninjas in Pyjamas|EDward Gaming|EDward Gaming,1499.4,1518.0,1520.1,1501.5,18.6,18.6,False
LOLTMNT01_331067,2026-01-29 06:17:45,LCP,0,Deep Cross Gaming,MVK Esports,2,1,win,Deep Cross Gaming|MVK Esports|Deep Cross Gaming,1525.1,1539.0,1525.8,1511.9,13.9,13.9,False
LOLTMNT01_331103,2026-01-29 08:07:19,LCK,0,BNK FEARX,DN SOOPers,3,1,win,BNK FEARX|BNK FEARX|DN SOOPers|BNK FEARX,1499.9,1519.3,1460.9,1441.4,19.5,19.5,False
LOLTMNT01_332135,2026-01-29 09:13:50,LCP,0,CTBC Flying Oyster,Fukuoka SoftBank HAWKS gaming,2,0,win,CTBC Flying Oyster|CTBC Flying Oyster,1519.1,1543.6,1467.0,1442.6,24.5,24.5,False
13096-13096_game_1,2026-01-29 09:14:37,LPL,0,Ninjas in Pyjamas,ThunderTalk Gaming,2,0,win,Ninjas in Pyjamas|Ninjas in Pyjamas,1501.5,1523.1,1413.2,1391.5,21.6,21.6,False
13097-13097_game_1,2026-01-29 11:08:40,LPL,0,Weibo Gaming,JD Gaming,2,1,win,Weibo Gaming|JD Gaming|Weibo Gaming,1500.5,1518.4,1534.6,1516.8,17.9,17.9,False
LOLTMNT01_331550,2026-01-30 06:18:03,LCP,0,Team Secret Whales,DetonatioN FocusMe,2,0,win,Team Secret Whales|Team Secret Whales,1523.4,1543.9,1419.5,1399.1,20.5,20.5,False
LOLTMNT01_331607,2026-01-30 08:05:48,LCK,0,Nongshim RedForce,KT Rolster,3,2,win,Nongshim RedForce|Nongshim RedForce|KT Rolster|KT Rolster|Nongshim RedForce,1474.0,1485.3,1477.3,1466.0,11.3,11.3,False
LOLTMNT01_331609,2026-01-30 08:11:03,LCP,0,GAM Esports,Ground Zero Gaming,2,1,win,Ground Zero Gaming|GAM Esports|GAM Esports,1535.6,1545.7,1484.5,1474.3,10.1,10.1,False
13098-13098_game_1,2026-01-30 09:11:00,LPL,0,Oh My God,Ultra Prime,2,0,win,Oh My God|Oh My God,1444.4,1474.4,1460.7,1430.6,30.1,30.1,False
13099-13099_game_1,2026-01-30 11:11:36,LPL,0,Top Esports,Bilibili Gaming,2,1,win,Bilibili Gaming|Top Esports|Top Esports,1463.5,1487.5,1530.1,1506.1,24.0,24.0,False
LOLTMNT01_334140,2026-01-31 01:38:58,LJL,0,Fast8,Arneb,1,0,win,Fast8,1500.0,1515.0,1500.0,1485.0,15.0,15.0,False
LOLTMNT01_333251,2026-01-31 01:39:49,LJL,0,Uwinks,VelbeliKaizokudan,1,0,win,Uwinks,1500.0,1515.0,1500.0,1485.0,15.0,15.0,False
LOLTMNT01_333250,2026-01-31 01:39:58,LJL,0,RAYN Clocks,CAG OSAKA,1,0,win,RAYN Clocks,1500.0,1515.0,1500.0,1485.0,15.0,15.0,False
LOLTMNT01_334139,2026-01-31 01:40:50,LJL,0,Bamboo Juice,UEC eSports PlusPlus,1,0,win,Bamboo Juice,1500.0,1515.0,1500.0,1485.0,15.0,15.0,False
LOLTMNT01_333254,2026-01-31 01:43:46,LJL,0,NOVEX,New Meta,1,0,win,NOVEX,1500.0,1515.0,1500.0,1485.0,15.0,15.0,False
LOLTMNT01_334145,2026-01-31 01:47:36,LJL,0,Inferno Drive Tokyo,V3 Esports,1,0,win,Inferno Drive Tokyo,1500.0,1515.0,1500.0,1485.0,15.0,15.0,False
LOLTMNT01_334153,2026-01-31 02:38:49,LJL,0,Rising Gaming,NOVEX,1,0,win,Rising Gaming,1500.0,1515.6,1515.0,1499.4,15.6,15.6,False
LOLTMNT01_333270,2026-01-31 02:40:16,LJL,0,Uwinks,V3 Esports,1,0,win,Uwinks,1515.0,1528.7,1485.0,1471.3,13.7,13.7,False
LOLTMNT01_334154,2026-01-31 02:41:21,LJL,0,Arneb,CAG OSAKA,1,0,win,Arneb,1485.0,1500.0,1485.0,1470.0,15.0,15.0,False
LOLTMNT01_333268,2026-01-31 02:41:50,LJL,0,RAYN Clocks,UEC eSports PlusPlus,1,0,win,RAYN Clocks,1515.0,1528.7,1485.0,1471.3,13.7,13.7,False
LOLTMNT01_333272,2026-01-31 02:42:25,LJL,0,L Guide Gaming,Fast8,1,0,win,L Guide Gaming,1500.0,1515.6,1515.0,1499.4,15.6,15.6,False
LOLTMNT01_334155,2026-01-31 02:42:39,LJL,0,New Meta,Bamboo Juice,1,0,win,New Meta,1485.0,1501.3,1515.0,1498.7,16.3,16.3,False
LOLTMNT01_334156,2026-01-31 02:48:39,LJL,0,Inferno Drive Tokyo,Revolution Victory X,1,0,win,Inferno Drive Tokyo,1515.0,1529.4,1500.0,1485.6,14.4,14.4,False
LOLTMNT01_334166,2026-01-31 03:37:12,LJL,0,Rising Gaming,Bamboo Juice,1,0,win,Rising Gaming,1515.6,1529.9,1498.7,1484.4,14.3,14.3,False
LOLTMNT01_333286,2026-01-31 03:37:38,LJL,0,Fast8,CAG OSAKA,1,0,win,Fast8,1499.4,1513.1,1470.0,1456.3,13.7,13.7,False
LOLTMNT01_334168,2026-01-31 03:39:08,LJL,0,L Guide Gaming,VelbeliKaizokudan,1,0,win,L Guide Gaming,1515.6,1529.3,1485.0,1471.3,13.7,13.7,False
LOLTMNT01_333287,2026-01-31 03:39:36,LJL,0,Arneb,UEC eSports PlusPlus,1,0,win,Arneb,1500.0,1513.8,1471.3,1457.5,13.8,13.8,False
LOLTMNT01_334169,2026-01-31 03:39:36,LJL,0,New Meta,RAYN Clocks,1,0,win,New Meta,1501.3,1517.5,1528.7,1512.5,16.2,16.2,False
LOLTMNT01_333289,2026-01-31 03:41:56,LJL,0,Inferno Drive Tokyo,NOVEX,1,0,win,Inferno Drive Tokyo,1529.4,1543.1,1499.4,1485.6,13.7,13.7,False
LOLTMNT01_334173,2026-01-31 03:42:24,LJL,0,Uwinks,Revolution Victory X,1,0,win,Uwinks,1528.7,1541.9,1485.6,1472.5,13.2,13.2,False
LOLTMNT01_334193,2026-01-31 04:41:33,LJL,0,Rising Gaming,RAYN Clocks,1,0,win,Rising Gaming,1529.9,1544.2,1512.5,1498.3,14.2,14.2,False
LOLTMNT01_334194,2026-01-31 04:41:35,LJL,0,NOVEX,Uwinks,1,0,win,NOVEX,1485.6,1503.1,1541.9,1524.5,17.4,17.4,False
LOLTMNT01_333293,2026-01-31 04:42:20,LJL,0,L Guide Gaming,CAG OSAKA,1,0,win,L Guide Gaming,1529.3,1541.2,1456.3,1444.4,11.9,11.9,False
LOLTMNT01_334195,2026-01-31 04:43:17,LJL,0,VelbeliKaizokudan,V3 Esports,1,0,win,VelbeliKaizokudan,1471.3,1486.3,1471.3,1456.3,15.0,15.0,False
LOLTMNT01_334197,2026-01-31 04:44:30,LJL,0,Inferno Drive Tokyo,Bamboo Juice,1,0,win,Inferno Drive Tokyo,1543.1,1555.6,1484.4,1471.9,12.5,12.5,False
LOLTMNT01_333295,2026-01-31 04:44:46,LJL,0,Fast8,UEC eSports PlusPlus,1,0,win,Fast8,1513.1,1525.7,1457.5,1444.9,12.6,12.6,False
LOLTMNT01_334199,2026-01-31 04:46:07,LJL,0,New Meta,Arneb,1,0,win,New Meta,1517.5,1532.3,1513.8,1498.9,14.8,14.8,False
LOLTMNT01_333338,2026-01-31 06:19:16,LCP,0,Deep Cross Gaming,CTBC Flying Oyster,2,1,win,CTBC Flying Oyster|Deep Cross Gaming|Deep Cross Gaming,1539.0,1555.7,1543.6,1526.9,16.7,16.7,False
LOLTMNT01_334295,2026-01-31 08:17:53,LCK,0,T1,Dplus Kia,3,0,win,T1|T1|T1,1559.4,1597.7,1534.5,1496.1,38.3,38.3,False
13100-13100_game_1,2026-01-31 09:15:46,LPL,0,Anyone's Legend,JD Gaming,2,1,win,Anyone's Legend|JD Gaming|Anyone's Legend,1532.3,1544.3,1516.8,1504.8,12.0,12.0,False
LOLTMNT04_151244,2026-01-31 10:06:15,LCP,0,Fukuoka SoftBank HAWKS gaming,MVK Esports,2,1,win,Fukuoka SoftBank HAWKS gaming|MVK Esports|Fukuoka SoftBank HAWKS gaming,1442.6,1464.5,1511.9,1489.9,22.0,22.0,False
13101-13101_game_1,2026-01-31 12:28:44,LPL,0,Bilibili Gaming,Invictus Gaming,2,0,win,Bilibili Gaming|Bilibili Gaming,1506.1,1529.4,1439.0,1415.7,23.3,23.3,False
LOLTMNT04_152292,2026-01-31 15:51:21,LEC,0,SK Gaming,Team Heretics,1,0,win,SK Gaming,1473.6,1488.5,1471.3,1456.4,14.9,14.9,False
LOLTMNT01_333622,2026-01-31 16:09:50,CBLOL,0,RED Canids,Vivo Keyd Stars,1,0,win,RED Canids,1538.3,1552.0,1509.9,1496.1,13.8,13.8,False
LOLTMNT04_152324,2026-01-31 16:52:38,LEC,0,GiantX,Natus Vincere,1,0,win,GiantX,1524.3,1539.3,1525.1,1510.0,15.0,15.0,False
LOLTMNT01_334569,2026-01-31 17:02:39,CBLOL,0,FURIA,Fluxo W7M,1,0,win,FURIA,1513.1,1525.6,1456.4,1443.8,12.6,12.6,False
LOLTMNT04_151290,2026-01-31 17:45:57,LEC,0,Shifters,Fnatic,1,0,win,Shifters,1469.0,1486.6,1530.9,1513.3,17.6,17.6,False
LOLTMNT01_333675,2026-01-31 17:59:58,CBLOL,0,paiN Gaming,LØS,1,0,win,paiN Gaming,1431.0,1451.7,1568.8,1548.2,20.7,20.7,True
LOLTMNT04_151303,2026-01-31 18:41:14,LEC,0,G2 Esports,Karmine Corp Blue,1,0,win,G2 Esports,1504.7,1517.1,1443.7,1431.3,12.4,12.4,False
LOLTMNT01_334665,2026-01-31 18:50:43,CBLOL,0,Leviatan,LOUD,1,0,win,Leviatan,1462.8,1480.2,1519.7,1502.3,17.4,17.4,False
LOLTMNT04_152357,2026-01-31 19:37:04,LEC,0,Team Vitality,Karmine Corp,1,0,win,Team Vitality,1499.0,1516.4,1556.4,1538.9,17.5,17.5,False
LOLTMNT04_152368,2026-01-31 20:32:16,LEC,0,Los Ratones,Movistar KOI,1,0,win,Los Ratones,1477.2,1494.3,1524.9,1507.8,17.0,17.0,False
LOLTMNT01_334729,2026-01-31 21:07:01,LCS,0,Cloud9,LYON,2,0,win,Cloud9|Cloud9,1528.7,1557.4,1528.7,1500.0,28.7,28.7,False
LOLTMNT01_334794,2026-01-31 23:09:01,LCS,0,Sentinels,Dignitas,2,0,win,Sentinels|Sentinels,1483.8,1511.5,1471.3,1443.6,27.7,27.7,False
LOLTMNT01_333947,2026-02-01 01:38:15,LJL,0,Arneb,Rising Gaming,1,0,win,Arneb,1498.9,1515.9,1544.2,1527.2,16.9,16.9,False
LOLTMNT01_334905,2026-02-01 01:38:27,LJL,0,Bamboo Juice,Uwinks,1,0,win,Bamboo Juice,1471.9,1489.2,1524.5,1507.2,17.2,17.2,False
LOLTMNT01_334904,2026-02-01 01:38:44,LJL,0,Fast8,New Meta,1,0,win,Fast8,1525.7,1541.0,1532.3,1517.0,15.3,15.3,False
LOLTMNT01_333948,2026-02-01 01:38:51,LJL,0,L Guide Gaming,V3 Esports,1,0,win,L Guide Gaming,1541.2,1552.6,1456.3,1444.9,11.4,11.4,False
LOLTMNT01_334907,2026-02-01 01:40:02,LJL,0,VelbeliKaizokudan,Revolution Victory X,1,0,win,VelbeliKaizokudan,1486.3,1500.7,1472.5,1458.1,14.4,14.4,False
LOLTMNT01_333949,2026-02-01 01:40:38,LJL,0,CAG OSAKA,UEC eSports PlusPlus,1,0,win,CAG OSAKA,1444.4,1459.4,1444.9,1429.9,15.0,15.0,False
LOLTMNT01_334914,2026-02-01 01:44:27,LJL,0,Inferno Drive Tokyo,RAYN Clocks,1,0,win,Inferno Drive Tokyo,1555.6,1568.1,1498.3,1485.7,12.5,12.5,False
LOLTMNT01_334929,2026-02-01 02:41:51,LJL,0,Rising Gaming,Fast8,1,0,win,Rising Gaming,1527.2,1542.8,1541.0,1525.4,15.6,15.6,False
LOLTMNT01_334926,2026-02-01 02:41:52,LJL,0,New Meta,CAG OSAKA,1,0,win,New Meta,1517.0,1529.6,1459.4,1446.9,12.5,12.5,False
LOLTMNT01_333969,2026-02-01 02:42:03,LJL,0,VelbeliKaizokudan,NOVEX,1,0,win,VelbeliKaizokudan,1500.7,1515.8,1503.1,1488.0,15.1,15.1,False
LOLTMNT01_334928,2026-02-01 02:42:25,LJL,0,RAYN Clocks,Uwinks,1,0,win,RAYN Clocks,1485.7,1501.7,1507.2,1491.3,15.9,15.9,False
LOLTMNT01_333971,2026-02-01 02:43:24,LJL,0,L Guide Gaming,UEC eSports PlusPlus,1,0,win,L Guide Gaming,1552.6,1562.5,1429.9,1420.0,9.9,9.9,False
LOLTMNT01_334927,2026-02-01 02:43:34,LJL,0,Inferno Drive Tokyo,Arneb,1,0,win,Inferno Drive Tokyo,1568.1,1580.9,1515.9,1503.1,12.8,12.8,False
LOLTMNT01_333972,2026-02-01 02:43:43,LJL,0,V3 Esports,Revolution Victory X,1,0,win,V3 Esports,1444.9,1460.5,1458.1,1442.5,15.6,15.6,False
LOLTMNT01_333981,2026-02-01 03:47:41,LJL,0,L Guide Gaming,Revolution Victory X,1,0,win,L Guide Gaming,1562.5,1572.5,1442.5,1432.5,10.0,10.0,False
LOLTMNT01_334933,2026-02-01 03:47:46,LJL,0,Rising Gaming,CAG OSAKA,1,0,win,Rising Gaming,1542.8,1553.8,1446.9,1435.9,11.0,11.0,False
LOLTMNT01_333982,2026-02-01 03:47:50,LJL,0,Bamboo Juice,VelbeliKaizokudan,1,0,win,Bamboo Juice,1489.2,1505.3,1515.8,1499.7,16.1,16.1,False
LOLTMNT01_333980,2026-02-01 03:48:03,LJL,0,NOVEX,V3 Esports,1,0,win,NOVEX,1488.0,1501.8,1460.5,1446.6,13.8,13.8,False
LOLTMNT01_334934,2026-02-01 03:48:38,LJL,0,Uwinks,Arneb,1,0,win,Uwinks,1491.3,1506.8,1503.1,1487.6,15.5,15.5,False
LOLTMNT01_334936,2026-02-01 03:53:29,LJL,0,Fast8,Inferno Drive Tokyo,1,0,win,Fast8,1525.4,1542.8,1580.9,1563.5,17.4,17.4,False
LOLTMNT01_334937,2026-02-01 03:54:24,LJL,0,New Meta,UEC eSports PlusPlus,1,0,win,New Meta,1529.6,1540.0,1420.0,1409.6,10.4,10.4,False
LOLTMNT01_334000,2026-02-01 04:52:17,LJL,0,L Guide Gaming,New Meta,1,0,win,L Guide Gaming,1572.5,1586.1,1540.0,1526.4,13.6,13.6,False
LOLTMNT01_333999,2026-02-01 04:52:20,LJL,0,V3 Esports,Bamboo Juice,1,0,win,V3 Esports,1446.6,1464.2,1505.3,1487.8,17.5,17.5,False
LOLTMNT01_334941,2026-02-01 04:52:34,LJL,0,Rising Gaming,UEC eSports PlusPlus,1,0,win,Rising Gaming,1553.8,1562.9,1409.6,1400.4,9.1,9.1,False
LOLTMNT01_335001,2026-02-01 04:53:23,LJL,0,Uwinks,Fast8,1,0,win,Uwinks,1506.8,1523.3,1542.8,1526.2,16.5,16.5,False
LOLTMNT01_334942,2026-02-01 04:53:31,LJL,0,NOVEX,Revolution Victory X,1,0,win,NOVEX,1501.8,1513.8,1432.5,1420.5,12.0,12.0,False
LOLTMNT01_334943,2026-02-01 04:55:38,LJL,0,RAYN Clocks,VelbeliKaizokudan,1,0,win,RAYN Clocks,1501.7,1516.6,1499.7,1484.8,14.9,14.9,False
LOLTMNT01_335002,2026-02-01 04:55:47,LJL,0,Inferno Drive Tokyo,CAG OSAKA,1,0,win,Inferno Drive Tokyo,1563.5,1573.2,1435.9,1426.2,9.7,9.7,False
LOLTMNT01_334969,2026-02-01 06:18:14,LCP,0,Team Secret Whales,GAM Esports,2,0,win,Team Secret Whales|Team Secret Whales,1543.9,1572.7,1545.7,1516.9,28.9,28.9,False
LOLTMNT01_336016,2026-02-01 08:08:08,LCK,0,Gen.G,Hanwha Life Esports,3,0,win,Gen.G|Gen.G|Gen.G,1610.3,1637.5,1483.7,1456.5,27.2,27.2,False
LOLTMNT01_335056,2026-02-01 08:14:13,LCP,0,Ground Zero Gaming,DetonatioN FocusMe,2,1,win,DetonatioN FocusMe|Ground Zero Gaming|Ground Zero Gaming,1474.3,1481.7,1399.1,1391.7,7.3,7.3,False
13102-13102_game_1,2026-02-01 09:11:51,LPL,0,LNG Esports,LGD Gaming,2,1,win,LNG Esports|LGD Gaming|LNG Esports,1588.3,1592.6,1506.6,1502.3,4.3,4.3,False
13103-13103_game_1,2026-02-01 12:29:13,LPL,0,Anyone's Legend,Top Esports,2,0,win,Anyone's Legend|Anyone's Legend,1544.3,1568.4,1487.5,1463.4,24.1,24.1,False
LOLTMNT04_151377,2026-02-01 15:53:22,LEC,0,Natus Vincere,Shifters,1,0,win,Natus Vincere,1510.0,1524.0,1486.6,1472.6,14.0,14.0,False
LOLTMNT01_336167,2026-02-01 16:08:41,CBLOL,0,LØS,RED Canids,1,0,win,LØS,1548.2,1563.3,1552.0,1536.9,15.2,15.2,False
LOLTMNT04_151408,2026-02-01 16:53:55,LEC,0,Team Heretics,Karmine Corp Blue,1,0,win,Team Heretics,1456.4,1470.3,1431.3,1417.4,13.9,13.9,False
LOLTMNT01_336190,2026-02-01 17:04:08,CBLOL,0,FURIA,Vivo Keyd Stars,1,0,win,FURIA,1525.6,1539.4,1496.1,1482.4,13.7,13.7,False
LOLTMNT04_152447,2026-02-01 17:56:18,LEC,0,Team Vitality,GiantX,1,0,win,Team Vitality,1516.4,1532.4,1539.3,1523.3,16.0,16.0,False
LOLTMNT01_336222,2026-02-01 17:57:00,CBLOL,0,paiN Gaming,Leviatan,1,0,win,paiN Gaming,1451.7,1467.9,1480.2,1464.0,16.2,16.2,False
LOLTMNT01_335312,2026-02-01 18:49:33,CBLOL,0,Fluxo W7M,LOUD,1,0,win,Fluxo W7M,1443.8,1461.3,1502.3,1484.8,17.5,17.5,False
LOLTMNT04_152461,2026-02-01 18:52:52,LEC,0,Movistar KOI,SK Gaming,1,0,win,Movistar KOI,1507.8,1522.0,1488.5,1474.4,14.2,14.2,False
LOLTMNT04_151435,2026-02-01 19:48:43,LEC,0,Karmine Corp,Fnatic,1,0,win,Karmine Corp,1538.9,1552.8,1513.3,1499.4,13.9,13.9,False
LOLTMNT04_151443,2026-02-01 20:39:58,LEC,0,Los Ratones,G2 Esports,1,0,win,Los Ratones,1494.3,1510.3,1517.1,1501.1,16.0,16.0,False
LOLTMNT01_335373,2026-02-01 21:12:21,LCS,0,FlyQuest,Disguised,2,1,win,FlyQuest|Disguised|FlyQuest,1528.7,1541.0,1516.2,1503.8,12.3,12.3,False
LOLTMNT01_336316,2026-02-01 23:44:52,LCS,0,Team Liquid,Shopify Rebellion,2,0,win,Team Liquid|Team Liquid,1471.3,1500.0,1471.3,1442.6,28.7,28.7,False
13104-13104_game_1,2026-02-02 09:11:19,LPL,0,Oh My God,LGD Gaming,2,1,win,Oh My God|LGD Gaming|Oh My God,1474.4,1491.5,1502.3,1485.2,17.1,17.1,False
13105-13105_game_1,2026-02-02 12:10:13,LPL,0,Bilibili Gaming,Weibo Gaming,2,0,win,Bilibili Gaming|Bilibili Gaming,1529.4,1557.2,1518.4,1490.6,27.8,27.8,False
LOLTMNT04_152497,2026-02-02 15:51:50,LEC,0,Fnatic,Karmine Corp Blue,1,0,win,Fnatic,1499.4,1510.9,1417.4,1405.9,11.5,11.5,False
LOLTMNT04_152504,2026-02-02 16:44:48,LEC,0,GiantX,SK Gaming,1,0,win,GiantX,1523.3,1536.2,1474.4,1461.5,12.9,12.9,False
LOLTMNT04_151516,2026-02-02 17:41:28,LEC,0,Natus Vincere,Los Ratones,1,0,win,Natus Vincere,1524.0,1538.4,1510.3,1495.9,14.4,14.4,False
LOLTMNT04_151542,2026-02-02 18:40:18,LEC,0,G2 Esports,Team Vitality,1,0,win,G2 Esports,1501.1,1517.4,1532.4,1516.1,16.3,16.3,False
LOLTMNT04_152550,2026-02-02 19:41:46,LEC,0,Team Heretics,Movistar KOI,1,0,win,Team Heretics,1470.3,1487.5,1522.0,1504.8,17.2,17.2,False
LOLTMNT04_152561,2026-02-02 20:52:06,LEC,0,Karmine Corp,Shifters,1,0,win,Karmine Corp,1552.8,1564.4,1472.6,1461.0,11.6,11.6,False
LOLTMNT01_336571,2026-02-02 21:10:30,CBLOL,0,Vivo Keyd Stars,paiN Gaming,2,1,win,Vivo Keyd Stars|paiN Gaming|Vivo Keyd Stars,1482.4,1494.5,1467.9,1455.8,12.1,12.1,False
LOLTMNT01_335735,2026-02-02 23:47:49,CBLOL,0,Leviatan,Fluxo W7M,2,0,win,Leviatan|Leviatan,1464.0,1492.5,1461.3,1432.8,28.5,28.5,False
13065-13065_game_1,2026-02-03 09:10:59,LPL,0,LNG Esports,Ultra Prime,2,0,win,LNG Esports|LNG Esports,1592.6,1609.0,1430.6,1414.3,16.4,16.4,False
13107-13107_game_1,2026-02-03 11:16:26,LPL,0,JD Gaming,Invictus Gaming,2,1,win,Invictus Gaming|JD Gaming|JD Gaming,1504.8,1510.5,1415.7,1409.9,5.7,5.7,False
LOLTMNT01_336870,2026-02-03 21:08:34,CBLOL,0,Leviatan,paiN Gaming,3,1,win,paiN Gaming|Leviatan|Leviatan|Leviatan,1492.5,1516.7,1455.8,1431.6,24.3,24.3,False
13108-13108_game_1,2026-02-04 09:14:00,LPL,0,EDward Gaming,Team WE,2,0,win,EDward Gaming|EDward Gaming,1518.0,1550.8,1567.4,1534.6,32.8,32.8,False
13109-13109_game_1,2026-02-04 11:36:36,LPL,0,Anyone's Legend,Weibo Gaming,2,1,win,Weibo Gaming|Anyone's Legend|Anyone's Legend,1568.4,1575.4,1490.6,1483.5,7.0,7.0,False
LOLTMNT01_337297,2026-02-05 06:19:05,LCP,0,GAM Esports,Fukuoka SoftBank HAWKS gaming,2,0,win,GAM Esports|GAM Esports,1516.9,1541.3,1464.5,1440.1,24.5,24.5,False
LOLTMNT01_338225,2026-02-05 08:36:37,LCP,0,Deep Cross Gaming,DetonatioN FocusMe,2,0,win,Deep Cross Gaming|Deep Cross Gaming,1555.7,1571.9,1391.7,1375.5,16.2,16.2,False
13110-13110_game_1,2026-02-05 09:15:18,LPL,0,Ninjas in Pyjamas,ThunderTalk Gaming,2,0,win,Ninjas in Pyjamas|Ninjas in Pyjamas,1523.1,1541.6,1391.5,1373.1,18.4,18.4,False
13111-13111_game_1,2026-02-05 11:30:15,LPL,0,Top Esports,JD Gaming,2,0,win,Top Esports|Top Esports,1463.4,1496.0,1510.5,1478.0,32.6,32.6,False
LOLTMNT01_338362,2026-02-06 06:21:07,LCP,0,Team Secret Whales,MVK Esports,2,0,win,Team Secret Whales|Team Secret Whales,1572.7,1594.8,1489.9,1467.8,22.1,22.1,False
13112-13112_game_1,2026-02-06 07:21:23,LPL,0,Weibo Gaming,Invictus Gaming,2,0,win,Weibo Gaming|Weibo Gaming,1483.5,1506.3,1409.9,1387.2,22.8,22.8,False
LOLTMNT01_338397,2026-02-06 08:05:10,LCK,0,Kiwoom DRX,HANJIN BRION,2,1,win,Kiwoom DRX|HANJIN BRION|Kiwoom DRX,1475.1,1483.0,1425.0,1417.1,7.9,7.9,False
LOLTMNT01_338412,2026-02-06 08:22:13,LCP,0,Ground Zero Gaming,CTBC Flying Oyster,2,1,win,CTBC Flying Oyster|Ground Zero Gaming|Ground Zero Gaming,1481.7,1503.2,1526.9,1505.4,21.5,21.5,False
13113-13113_game_1,2026-02-06 09:56:59,LPL,0,Anyone's Legend,Bilibili Gaming,2,1,win,Bilibili Gaming|Anyone's Legend|Anyone's Legend,1575.4,1589.4,1557.2,1543.2,14.0,14.0,False
LOLTMNT01_338447,2026-02-06 10:59:51,LCK,0,DN SOOPers,KT Rolster,2,0,win,DN SOOPers|DN SOOPers,1441.4,1472.1,1466.0,1435.3,30.7,30.7,False
LOLTMNT02_346770,2026-02-07 01:38:49,LJL,0,Rising Gaming,New Meta,1,0,win,Rising Gaming,1562.9,1576.3,1526.4,1513.0,13.4,13.4,False
LOLTMNT02_348783,2026-02-07 01:38:59,LJL,0,Arneb,VelbeliKaizokudan,1,0,win,Arneb,1487.6,1502.5,1484.8,1469.9,14.9,14.9,False
LOLTMNT02_346771,2026-02-07 01:39:21,LJL,0,NOVEX,L Guide Gaming,1,0,win,NOVEX,1513.8,1531.9,1586.1,1568.1,18.1,18.1,True
LOLTMNT02_346772,2026-02-07 01:40:06,LJL,0,Bamboo Juice,Revolution Victory X,1,0,win,Bamboo Juice,1487.8,1500.0,1420.5,1408.3,12.1,12.1,False
LOLTMNT02_348785,2026-02-07 01:40:54,LJL,0,RAYN Clocks,V3 Esports,1,0,win,RAYN Clocks,1516.6,1529.3,1464.2,1451.4,12.8,12.8,False
LOLTMNT02_348786,2026-02-07 01:42:19,LJL,0,Uwinks,CAG OSAKA,1,0,win,Uwinks,1523.3,1534.2,1426.2,1415.3,10.9,10.9,False
LOLTMNT02_348803,2026-02-07 02:47:09,LJL,0,Arneb,V3 Esports,1,0,win,Arneb,1502.5,1515.3,1451.4,1438.6,12.8,12.8,False
LOLTMNT02_346786,2026-02-07 02:47:10,LJL,0,Fast8,VelbeliKaizokudan,1,0,win,Fast8,1526.2,1538.8,1469.9,1457.3,12.6,12.6,False
LOLTMNT02_346787,2026-02-07 02:47:34,LJL,0,L Guide Gaming,Rising Gaming,1,0,win,L Guide Gaming,1568.1,1583.4,1576.3,1561.0,15.4,15.4,False
LOLTMNT02_348804,2026-02-07 02:49:22,LJL,0,Uwinks,UEC eSports PlusPlus,1,0,win,Uwinks,1534.2,1543.7,1400.4,1391.0,9.5,9.5,False
LOLTMNT02_346790,2026-02-07 02:49:36,LJL,0,New Meta,Inferno Drive Tokyo,1,0,win,New Meta,1513.0,1530.5,1573.2,1555.6,17.6,17.6,False
LOLTMNT02_346788,2026-02-07 02:49:47,LJL,0,NOVEX,Bamboo Juice,1,0,win,NOVEX,1531.9,1545.5,1500.0,1486.3,13.6,13.6,False
LOLTMNT02_346789,2026-02-07 02:51:18,LJL,0,RAYN Clocks,Revolution Victory X,1,0,win,RAYN Clocks,1529.3,1539.3,1408.3,1398.4,10.0,10.0,False
LOLTMNT02_346794,2026-02-07 03:48:07,LJL,0,L Guide Gaming,Bamboo Juice,1,0,win,L Guide Gaming,1583.4,1594.3,1486.3,1475.4,10.9,10.9,False
LOLTMNT02_348808,2026-02-07 03:48:39,LJL,0,NOVEX,RAYN Clocks,1,0,win,NOVEX,1545.5,1560.2,1539.3,1524.6,14.7,14.7,False
LOLTMNT02_346793,2026-02-07 03:49:14,LJL,0,Uwinks,New Meta,1,0,win,Uwinks,1543.7,1558.2,1530.5,1516.1,14.4,14.4,False
LOLTMNT02_348809,2026-02-07 03:49:18,LJL,0,VelbeliKaizokudan,CAG OSAKA,1,0,win,VelbeliKaizokudan,1457.3,1470.5,1415.3,1402.1,13.2,13.2,False
LOLTMNT02_346795,2026-02-07 03:50:43,LJL,0,Inferno Drive Tokyo,Rising Gaming,1,0,win,Inferno Drive Tokyo,1555.6,1570.9,1561.0,1545.7,15.2,15.2,False
LOLTMNT02_348810,2026-02-07 03:51:10,LJL,0,Arneb,Revolution Victory X,1,0,win,Arneb,1515.3,1525.4,1398.4,1388.2,10.1,10.1,False
LOLTMNT02_348811,2026-02-07 03:52:05,LJL,0,Fast8,V3 Esports,1,0,win,Fast8,1538.8,1549.6,1438.6,1427.8,10.8,10.8,False
LOLTMNT02_346806,2026-02-07 04:52:51,LJL,0,Inferno Drive Tokyo,L Guide Gaming,1,0,win,Inferno Drive Tokyo,1570.9,1586.9,1594.3,1578.3,16.0,16.0,False
LOLTMNT02_348819,2026-02-07 04:52:52,LJL,0,Rising Gaming,Uwinks,1,0,win,Rising Gaming,1545.7,1561.3,1558.2,1542.6,15.5,15.5,False
LOLTMNT02_346804,2026-02-07 04:53:19,LJL,0,RAYN Clocks,Bamboo Juice,1,0,win,RAYN Clocks,1524.6,1537.5,1475.4,1462.5,12.9,12.9,False
LOLTMNT02_348817,2026-02-07 04:53:22,LJL,0,CAG OSAKA,V3 Esports,1,0,win,CAG OSAKA,1402.1,1418.2,1427.8,1411.7,16.1,16.1,False
LOLTMNT02_348820,2026-02-07 04:54:33,LJL,0,NOVEX,Arneb,1,0,win,NOVEX,1560.2,1573.8,1525.4,1511.9,13.5,13.5,False
LOLTMNT02_346807,2026-02-07 04:56:24,LJL,0,VelbeliKaizokudan,UEC eSports PlusPlus,1,0,win,VelbeliKaizokudan,1470.5,1482.1,1391.0,1379.3,11.6,11.6,False
LOLTMNT02_348822,2026-02-07 04:58:57,LJL,0,Fast8,Revolution Victory X,1,0,win,Fast8,1549.6,1558.1,1388.2,1379.7,8.5,8.5,False
LOLTMNT02_346809,2026-02-07 05:52:35,LJL,0,Inferno Drive Tokyo,UEC eSports PlusPlus,1,0,win,Inferno Drive Tokyo,1586.9,1593.9,1379.3,1372.4,7.0,7.0,False
LOLTMNT01_337669,2026-02-07 06:20:52,LCP,0,Deep Cross Gaming,GAM Esports,2,1,win,GAM Esports|Deep Cross Gaming|Deep Cross Gaming,1571.9,1584.5,1541.3,1528.8,12.6,12.6,False
LOLTMNT01_338589,2026-02-07 08:07:00,LCK,0,Dplus Kia,Kiwoom DRX,2,0,win,Dplus Kia|Dplus Kia,1496.1,1523.8,1483.0,1455.4,27.6,27.6,False
LOLTMNT01_337737,2026-02-07 09:10:49,LCP,0,Fukuoka SoftBank HAWKS gaming,DetonatioN FocusMe,2,0,win,Fukuoka SoftBank HAWKS gaming|Fukuoka SoftBank HAWKS gaming,1440.1,1463.6,1375.5,1352.0,23.5,23.5,False
LOLTMNT01_338625,2026-02-07 10:09:22,LCK,0,DN SOOPers,Nongshim RedForce,2,1,win,Nongshim RedForce|DN SOOPers|DN SOOPers,1472.1,1489.9,1485.3,1467.5,17.7,17.7,False
13120-13120_game_1,2026-02-07 11:10:12,LPL,0,Ninjas in Pyjamas,Team WE,2,0,win,Ninjas in Pyjamas|Ninjas in Pyjamas,1541.6,1569.7,1534.6,1506.5,28.1,28.1,False
LOLTMNT05_175070,2026-02-07 15:52:29,LEC,0,Team Heretics,Fnatic,1,0,win,Team Heretics,1487.5,1503.5,1510.9,1494.9,16.0,16.0,False
LOLTMNT02_348955,2026-02-07 16:12:02,CBLOL,0,FURIA,Leviatan,2,0,win,FURIA|FURIA,1539.4,1566.2,1516.7,1489.9,26.9,26.9,False
LOLTMNT05_176049,2026-02-07 16:46:22,LEC,0,Shifters,Karmine Corp Blue,1,0,win,Shifters,1461.0,1473.7,1405.9,1393.2,12.6,12.6,False
LOLTMNT05_176056,2026-02-07 17:38:18,LEC,0,Los Ratones,SK Gaming,1,0,win,Los Ratones,1495.9,1509.4,1461.5,1448.0,13.5,13.5,False
LOLTMNT02_346996,2026-02-07 17:55:46,CBLOL,0,LOUD,Vivo Keyd Stars,2,0,win,LOUD|LOUD,1484.8,1514.3,1494.5,1465.0,29.5,29.5,False
LOLTMNT05_176064,2026-02-07 18:34:46,LEC,0,Natus Vincere,G2 Esports,1,0,win,Natus Vincere,1538.4,1552.5,1517.4,1503.3,14.1,14.1,False
LOLTMNT05_176078,2026-02-07 19:24:22,LEC,0,Team Vitality,Movistar KOI,1,0,win,Team Vitality,1516.1,1530.6,1504.8,1490.3,14.5,14.5,False
LOLTMNT05_176087,2026-02-07 20:20:50,LEC,0,Karmine Corp,GiantX,1,0,win,Karmine Corp,1564.4,1578.2,1536.2,1522.4,13.8,13.8,False
LOLTMNT02_349059,2026-02-07 21:11:32,LCS,0,Sentinels,Team Liquid,2,1,win,Team Liquid|Sentinels|Sentinels,1511.5,1526.3,1500.0,1485.2,14.8,14.8,False
LOLTMNT02_350086,2026-02-08 00:07:59,LCS,0,Disguised,LYON,2,1,win,Disguised|LYON|Disguised,1503.8,1517.2,1500.0,1486.6,13.4,13.4,False
LOLTMNT02_349141,2026-02-08 02:38:13,LJL,0,UEC eSports PlusPlus,V3 Esports,1,0,win,UEC eSports PlusPlus,1372.4,1389.0,1411.7,1395.0,16.7,16.7,False
LOLTMNT02_350129,2026-02-08 02:38:13,LJL,0,Inferno Drive Tokyo,Uwinks,1,0,win,Inferno Drive Tokyo,1593.9,1606.7,1542.6,1529.8,12.8,12.8,False
LOLTMNT02_349142,2026-02-08 02:39:16,LJL,0,CAG OSAKA,Revolution Victory X,1,0,win,CAG OSAKA,1418.2,1431.5,1379.7,1366.4,13.3,13.3,False
LOLTMNT02_349143,2026-02-08 02:39:55,LJL,0,RAYN Clocks,L Guide Gaming,1,0,win,RAYN Clocks,1537.5,1554.2,1578.3,1561.6,16.8,16.8,False
LOLTMNT02_350130,2026-02-08 02:41:09,LJL,0,Bamboo Juice,Arneb,1,0,win,Bamboo Juice,1462.5,1479.6,1511.9,1494.8,17.1,17.1,False
LOLTMNT02_349144,2026-02-08 02:42:11,LJL,0,NOVEX,Fast8,1,0,win,NOVEX,1573.8,1588.1,1558.1,1543.8,14.3,14.3,False
LOLTMNT02_350134,2026-02-08 02:50:23,LJL,0,New Meta,VelbeliKaizokudan,1,0,win,New Meta,1516.1,1529.6,1482.1,1468.6,13.5,13.5,False
LOLTMNT02_350139,2026-02-08 03:43:09,LJL,0,New Meta,V3 Esports,1,0,win,New Meta,1529.6,1539.1,1395.0,1385.5,9.5,9.5,False
LOLTMNT02_350141,2026-02-08 03:43:30,LJL,0,L Guide Gaming,Uwinks,1,0,win,L Guide Gaming,1561.6,1575.2,1529.8,1516.2,13.6,13.6,False
LOLTMNT02_349149,2026-02-08 03:43:45,LJL,0,Arneb,RAYN Clocks,1,0,win,Arneb,1494.8,1512.3,1554.2,1536.7,17.5,17.5,False
LOLTMNT02_350140,2026-02-08 03:44:33,LJL,0,Revolution Victory X,UEC eSports PlusPlus,1,0,win,Revolution Victory X,1366.4,1382.4,1389.0,1373.1,16.0,16.0,False
LOLTMNT02_350142,2026-02-08 03:44:38,LJL,0,Bamboo Juice,Fast8,1,0,win,Bamboo Juice,1479.6,1497.4,1543.8,1526.0,17.7,17.7,False
LOLTMNT02_349150,2026-02-08 03:45:07,LJL,0,Rising Gaming,VelbeliKaizokudan,1,0,win,Rising Gaming,1561.3,1572.4,1468.6,1457.5,11.1,11.1,False
LOLTMNT02_349151,2026-02-08 03:46:44,LJL,0,NOVEX,CAG OSAKA,1,0,win,NOVEX,1588.1,1596.7,1431.5,1422.9,8.7,8.7,False
LOLTMNT02_349161,2026-02-08 04:45:48,LJL,0,Rising Gaming,V3 Esports,1,0,win,Rising Gaming,1572.4,1580.0,1385.5,1377.9,7.6,7.6,False
LOLTMNT02_350155,2026-02-08 04:47:07,LJL,0,Inferno Drive Tokyo,VelbeliKaizokudan,1,0,win,Inferno Drive Tokyo,1606.7,1615.6,1457.5,1448.6,8.9,8.9,False
LOLTMNT02_350154,2026-02-08 04:47:08,LJL,0,Bamboo Juice,CAG OSAKA,1,0,win,Bamboo Juice,1497.4,1509.2,1422.9,1411.0,11.8,11.8,False
LOLTMNT02_349162,2026-02-08 04:48:55,LJL,0,New Meta,Revolution Victory X,1,0,win,New Meta,1539.1,1547.8,1382.4,1373.7,8.7,8.7,False
LOLTMNT02_349163,2026-02-08 04:48:55,LJL,0,NOVEX,UEC eSports PlusPlus,1,0,win,NOVEX,1596.7,1603.2,1373.1,1366.6,6.5,6.5,False
LOLTMNT02_350156,2026-02-08 04:49:21,LJL,0,RAYN Clocks,Fast8,1,0,win,RAYN Clocks,1536.7,1551.2,1526.0,1511.5,14.5,14.5,False
LOLTMNT02_350157,2026-02-08 04:51:40,LJL,0,L Guide Gaming,Arneb,1,0,win,L Guide Gaming,1575.2,1587.5,1512.3,1500.0,12.3,12.3,False
LOLTMNT01_338717,2026-02-08 06:18:41,LCP,0,Team Secret Whales,CTBC Flying Oyster,2,0,win,Team Secret Whales|Team Secret Whales,1594.8,1616.3,1505.4,1483.8,21.6,21.6,False
LOLTMNT01_338745,2026-02-08 08:06:06,LCK,0,Kiwoom DRX,Nongshim RedForce,3,0,win,Kiwoom DRX|Kiwoom DRX|Kiwoom DRX,1455.4,1498.1,1467.5,1424.9,42.7,42.7,False
LOLTMNT01_337854,2026-02-08 08:27:09,LCP,0,Ground Zero Gaming,MVK Esports,2,1,win,MVK Esports|Ground Zero Gaming|Ground Zero Gaming,1503.2,1515.2,1467.8,1455.8,12.0,12.0,False
LOLTMNT05_175147,2026-02-08 15:53:10,LEC,0,Team Vitality,Los Ratones,1,0,win,Team Vitality,1530.6,1544.7,1509.4,1495.3,14.1,14.1,False
LOLTMNT02_349319,2026-02-08 16:13:02,CBLOL,0,RED Canids,FURIA,2,0,win,RED Canids|RED Canids,1536.9,1568.0,1566.2,1535.1,31.1,31.1,False
LOLTMNT05_175164,2026-02-08 16:47:25,LEC,0,Karmine Corp Blue,GiantX,1,0,win,Karmine Corp Blue,1393.2,1413.6,1522.4,1502.1,20.3,20.3,True
LOLTMNT05_176168,2026-02-08 17:38:57,LEC,0,Shifters,SK Gaming,1,0,win,Shifters,1473.7,1487.6,1448.0,1434.1,13.9,13.9,False
LOLTMNT02_350339,2026-02-08 18:03:53,CBLOL,0,LOUD,LØS,2,1,win,LØS|LOUD|LOUD,1514.3,1536.2,1563.3,1541.4,21.9,21.9,False
LOLTMNT05_175193,2026-02-08 18:36:43,LEC,0,Movistar KOI,Natus Vincere,1,0,win,Movistar KOI,1490.3,1507.9,1552.5,1534.9,17.7,17.7,False
LOLTMNT05_175206,2026-02-08 19:34:09,LEC,0,Team Heretics,Karmine Corp,1,0,win,Team Heretics,1503.5,1521.7,1578.2,1560.0,18.2,18.2,True
LOLTMNT05_175214,2026-02-08 20:26:52,LEC,0,G2 Esports,Fnatic,1,0,win,G2 Esports,1503.3,1518.0,1494.9,1480.3,14.6,14.6,False
LOLTMNT02_350380,2026-02-08 21:11:28,LCS,0,Dignitas,Shopify Rebellion,2,0,win,Dignitas|Dignitas,1443.6,1472.2,1442.6,1414.0,28.6,28.6,False
LOLTMNT02_349404,2026-02-08 23:03:59,LCS,0,Cloud9,FlyQuest,2,1,win,Cloud9|FlyQuest|Cloud9,1557.4,1569.3,1541.0,1529.2,11.9,11.9,False
LOLTMNT02_349426,2026-02-09 01:41:45,LCS,0,Team Liquid,Dignitas,1,0,win,Team Liquid,1485.2,1499.6,1472.2,1457.8,14.4,14.4,False
13114-13114_game_1,2026-02-09 06:09:38,LPL,1,Top Esports,Team WE,3,2,win,Team WE|Top Esports|Top Esports|Team WE|Top Esports,1496.0,1512.7,1506.5,1489.8,16.7,16.7,False
13115-13115_game_1,2026-02-09 11:24:39,LPL,1,Ninjas in Pyjamas,Invictus Gaming,3,1,win,Invictus Gaming|Ninjas in Pyjamas|Ninjas in Pyjamas|Ninjas in Pyjamas,1569.7,1573.5,1387.2,1383.3,3.8,3.8,False
13116-13116_game_1,2026-02-10 06:09:39,LPL,1,LNG Esports,ThunderTalk Gaming,3,0,win,LNG Esports|LNG Esports|LNG Esports,1609.0,1626.4,1373.1,1355.6,17.4,17.4,False
13117-13117_game_1,2026-02-10 09:32:27,LPL,1,Oh My God,EDward Gaming,3,1,win,Oh My God|Oh My God|EDward Gaming|Oh My God,1491.5,1525.8,1550.8,1516.5,34.2,34.2,False
13118-13118_game_1,2026-02-11 06:11:04,LPL,1,Invictus Gaming,Oh My God,3,0,win,Invictus Gaming|Invictus Gaming|Invictus Gaming,1383.3,1441.1,1525.8,1468.0,57.7,57.7,True
13119-13119_game_1,2026-02-11 09:17:05,LPL,1,Team WE,LNG Esports,3,1,win,Team WE|Team WE|LNG Esports|Team WE,1489.8,1535.3,1626.4,1580.8,45.6,45.6,True
LOLTMNT02_351343,2026-02-12 06:11:43,LCP,1,Fukuoka SoftBank HAWKS gaming,GAM Esports,3,0,win,Fukuoka SoftBank HAWKS gaming|Fukuoka SoftBank HAWKS gaming|Fukuoka SoftBank HAWKS gaming,1463.6,1512.5,1528.8,1479.8,48.9,48.9,False
LOLTMNT02_352362,2026-02-12 08:04:05,LCK,0,BNK FEARX,DN SOOPers,3,2,win,DN SOOPers|BNK FEARX|BNK FEARX|DN SOOPers|BNK FEARX,1519.3,1528.8,1489.9,1480.4,9.5,9.5,False
LOLTMNT02_352755,2026-02-13 06:13:56,LCP,1,Ground Zero Gaming,CTBC Flying Oyster,3,1,win,Ground Zero Gaming|Ground Zero Gaming|CTBC Flying Oyster|Ground Zero Gaming,1515.2,1535.8,1483.8,1463.2,20.6,20.6,False
LOLTMNT02_352782,2026-02-13 08:06:47,LCK,0,Dplus Kia,Kiwoom DRX,3,2,win,Kiwoom DRX|Dplus Kia|Kiwoom DRX|Dplus Kia|Dplus Kia,1523.8,1536.3,1498.1,1485.6,12.5,12.5,False
LOLTMNT02_354227,2026-02-14 06:15:12,LCP,1,Team Secret Whales,Fukuoka SoftBank HAWKS gaming,3,1,win,Fukuoka SoftBank HAWKS gaming|Team Secret Whales|Team Secret Whales|Team Secret Whales,1616.3,1630.7,1512.5,1498.1,14.4,14.4,False
LOLTMNT02_354256,2026-02-14 08:07:25,LCK,0,Gen.G,Dplus Kia,3,1,win,Gen.G|Dplus Kia|Gen.G|Gen.G,1637.5,1650.2,1536.3,1523.5,12.7,12.7,False
LOLTMNT02_353419,2026-02-14 16:11:54,CBLOL,0,Leviatan,Vivo Keyd Stars,3,1,win,Leviatan|Leviatan|Vivo Keyd Stars|Leviatan,1489.9,1511.4,1465.0,1443.4,21.6,21.6,False
LOLTMNT02_354540,2026-02-14 21:11:50,LCS,0,Sentinels,Disguised,3,2,win,Disguised|Sentinels|Disguised|Sentinels|Sentinels,1526.3,1541.8,1517.2,1501.7,15.5,15.5,False
LOLTMNT02_354588,2026-02-15 06:12:21,LCP,1,Deep Cross Gaming,Ground Zero Gaming,3,1,win,Deep Cross Gaming|Ground Zero Gaming|Deep Cross Gaming|Deep Cross Gaming,1584.5,1604.8,1535.8,1515.4,20.3,20.3,False
LOLTMNT02_353559,2026-02-15 08:05:24,LCK,0,BNK FEARX,T1,3,1,win,BNK FEARX|T1|BNK FEARX|BNK FEARX,1528.8,1566.8,1597.7,1559.7,38.0,38.0,False
LOLTMNT02_353740,2026-02-15 16:10:56,CBLOL,0,FURIA,Leviatan,3,0,win,FURIA|FURIA|FURIA,1535.1,1573.6,1511.4,1473.0,38.5,38.5,False
LOLTMNT02_354876,2026-02-15 21:09:32,LCS,0,Cloud9,FlyQuest,3,0,win,Cloud9|Cloud9|Cloud9,1569.3,1605.9,1529.2,1492.6,36.6,36.6,False
LOLTMNT05_176683,2026-02-16 15:58:59,LEC,1,Natus Vincere,Fnatic,2,0,win,Natus Vincere|Natus Vincere,1534.9,1559.1,1480.3,1456.0,24.3,24.3,False
LOLTMNT05_176711,2026-02-16 17:46:04,LEC,1,Movistar KOI,Team Vitality,2,0,win,Movistar KOI|Movistar KOI,1507.9,1539.7,1544.7,1512.9,31.7,31.7,False
LOLTMNT05_175735,2026-02-17 15:54:08,LEC,1,G2 Esports,Team Heretics,2,0,win,G2 Esports|G2 Esports,1518.0,1547.0,1521.7,1492.7,29.0,29.0,False
LOLTMNT05_175753,2026-02-17 17:26:37,LEC,1,Karmine Corp,GiantX,2,0,win,Karmine Corp|Karmine Corp,1560.0,1584.0,1502.1,1478.1,24.0,24.0,False
LOLTMNT02_356392,2026-02-19 08:06:05,LCK,0,DN SOOPers,Kiwoom DRX,3,1,win,DN SOOPers|DN SOOPers|Kiwoom DRX|DN SOOPers,1480.4,1506.5,1485.6,1459.5,26.1,26.1,False
LOLTMNT02_356582,2026-02-20 08:06:25,LCK,0,Dplus Kia,DN SOOPers,3,1,win,Dplus Kia|Dplus Kia|DN SOOPers|Dplus Kia,1523.5,1546.3,1506.5,1483.7,22.7,22.7,False
LOLTMNT05_176983,2026-02-20 15:53:01,LEC,1,Movistar KOI,Natus Vincere,2,0,win,Movistar KOI|Movistar KOI,1539.7,1570.0,1559.1,1528.8,30.3,30.3,False
LOLTMNT05_176994,2026-02-20 17:49:11,LEC,1,G2 Esports,Karmine Corp,2,0,win,G2 Esports|G2 Esports,1547.0,1578.8,1584.0,1552.3,31.8,31.8,False
LOLTMNT03_345132,2026-02-20 21:09:00,LCS,0,Team Liquid,Disguised,3,0,win,Team Liquid|Team Liquid|Team Liquid,1499.6,1541.1,1501.7,1460.2,41.5,41.5,False
LOLTMNT02_356695,2026-02-21 08:08:52,LCK,0,Gen.G,BNK FEARX,3,1,win,Gen.G|Gen.G|BNK FEARX|Gen.G,1650.2,1663.3,1566.8,1553.8,13.1,13.1,False
LOLTMNT03_344242,2026-02-21 08:16:02,LJL,1,NOVEX,Uwinks,1,0,win,NOVEX,1603.2,1614.5,1516.2,1504.9,11.3,11.3,False
LOLTMNT03_345202,2026-02-21 09:21:29,LJL,1,L Guide Gaming,Fast8,1,0,win,L Guide Gaming,1587.5,1599.3,1511.5,1499.7,11.8,11.8,False
LOLTMNT03_345225,2026-02-21 10:23:00,LJL,1,Rising Gaming,RAYN Clocks,1,0,win,Rising Gaming,1580.0,1593.7,1551.2,1537.5,13.8,13.8,False
LOLTMNT03_345250,2026-02-21 11:22:00,LJL,1,New Meta,VARREL YOUTH,1,0,win,New Meta,1547.8,1560.7,1500.0,1487.0,13.0,13.0,False
LOLTMNT03_344308,2026-02-21 12:47:06,LJL,1,Inferno Drive Tokyo,DetonatioN FocusMe Academy,1,0,win,Inferno Drive Tokyo,1615.6,1625.8,1500.0,1489.8,10.2,10.2,False
LOLTMNT03_344321,2026-02-21 14:00:22,LJL,1,FENNEL,Yang Yang Gaming,1,0,win,FENNEL,1500.0,1515.0,1500.0,1485.0,15.0,15.0,False
LOLTMNT05_177016,2026-02-21 15:52:26,LEC,1,GiantX,Team Heretics,2,1,win,GiantX|Team Heretics|GiantX,1478.1,1493.6,1492.7,1477.1,15.5,15.5,False
LOLTMNT03_344348,2026-02-21 16:10:18,CBLOL,0,LOUD,RED Canids,3,1,win,RED Canids|LOUD|LOUD|LOUD,1536.2,1570.8,1568.0,1533.4,34.6,34.6,False
LOLTMNT05_177030,2026-02-21 18:44:19,LEC,1,Team Vitality,Fnatic,2,0,win,Team Vitality|Team Vitality,1512.9,1537.0,1456.0,1431.9,24.1,24.1,False
LOLTMNT03_344400,2026-02-21 21:08:42,LCS,0,LYON,FlyQuest,3,0,win,LYON|LYON|LYON,1486.6,1528.6,1492.6,1450.6,41.9,41.9,False
LOLTMNT03_345376,2026-02-22 08:07:49,LJL,1,VARREL YOUTH,L Guide Gaming,1,0,win,VARREL YOUTH,1487.0,1506.7,1599.3,1579.6,19.7,19.7,True
LOLTMNT02_356869,2026-02-22 08:08:41,LCK,0,Dplus Kia,T1,3,2,win,T1|T1|Dplus Kia|Dplus Kia|Dplus Kia,1546.3,1568.0,1559.7,1538.0,21.7,21.7,False
LOLTMNT03_345382,2026-02-22 09:11:34,LJL,1,Uwinks,Yang Yang Gaming,1,0,win,Uwinks,1504.9,1519.0,1485.0,1470.9,14.1,14.1,False
LOLTMNT03_344449,2026-02-22 10:12:06,LJL,1,New Meta,DetonatioN FocusMe Academy,1,0,win,New Meta,1560.7,1572.7,1489.8,1477.8,12.0,12.0,False
LOLTMNT03_344467,2026-02-22 11:13:25,LJL,1,FENNEL,RAYN Clocks,1,0,win,FENNEL,1515.0,1531.0,1537.5,1521.5,16.0,16.0,False
LOLTMNT03_345404,2026-02-22 12:13:24,LJL,1,Inferno Drive Tokyo,Fast8,1,0,win,Inferno Drive Tokyo,1625.8,1635.6,1499.7,1489.9,9.8,9.8,False
LOLTMNT03_345416,2026-02-22 13:23:26,LJL,1,NOVEX,Rising Gaming,1,0,win,NOVEX,1614.5,1628.7,1593.7,1579.6,14.1,14.1,False
LOLTMNT05_177049,2026-02-22 15:53:15,LEC,1,GiantX,Natus Vincere,2,1,win,Natus Vincere|GiantX|GiantX,1493.6,1514.0,1528.8,1508.5,20.3,20.3,False
LOLTMNT03_344554,2026-02-22 16:12:41,CBLOL,0,FURIA,LØS,3,1,win,LØS|FURIA|FURIA|FURIA,1573.6,1598.5,1541.4,1516.5,24.9,24.9,False
LOLTMNT05_177060,2026-02-22 18:41:27,LEC,1,Karmine Corp,Team Vitality,2,1,win,Team Vitality|Karmine Corp|Karmine Corp,1552.3,1566.7,1537.0,1522.6,14.4,14.4,False
LOLTMNT03_344603,2026-02-22 21:09:24,LCS,0,Cloud9,Sentinels,3,0,win,Cloud9|Cloud9|Cloud9,1605.9,1639.8,1541.8,1507.9,33.9,33.9,False
LOLTMNT03_345558,2026-02-23 08:15:45,LJL,1,Rising Gaming,Yang Yang Gaming,1,0,win,Rising Gaming,1579.6,1590.1,1470.9,1460.4,10.5,10.5,False
LOLTMNT03_345561,2026-02-23 09:06:41,LJL,1,VARREL YOUTH,Fast8,1,0,win,VARREL YOUTH,1506.7,1521.0,1489.9,1475.7,14.3,14.3,False
LOLTMNT03_344645,2026-02-23 10:02:15,LJL,1,FENNEL,Uwinks,1,0,win,FENNEL,1531.0,1545.5,1519.0,1504.5,14.5,14.5,False
LOLTMNT03_344660,2026-02-23 11:02:40,LJL,1,DetonatioN FocusMe Academy,L Guide Gaming,1,0,win,DetonatioN FocusMe Academy,1477.8,1497.1,1579.6,1560.3,19.3,19.3,True
LOLTMNT03_345580,2026-02-23 12:00:32,LJL,1,RAYN Clocks,NOVEX,1,0,win,RAYN Clocks,1521.5,1541.0,1628.7,1609.2,19.5,19.5,True
LOLTMNT03_344693,2026-02-23 13:14:24,LJL,1,Inferno Drive Tokyo,New Meta,1,0,win,Inferno Drive Tokyo,1635.6,1647.9,1572.7,1560.4,12.3,12.3,False
LOLTMNT05_178056,2026-02-23 15:56:51,LEC,1,G2 Esports,Movistar KOI,3,0,win,G2 Esports|G2 Esports|G2 Esports,1578.8,1619.0,1570.0,1529.7,40.2,40.2,False
13121-13121_game_1,2026-02-24 06:10:45,LPL,1,JD Gaming,Top Esports,3,2,win,Top Esports|JD Gaming|Top Esports|JD Gaming|JD Gaming,1478.0,1501.4,1512.7,1489.2,23.4,23.4,False
13122-13122_game_1,2026-02-24 11:12:57,LPL,1,Anyone's Legend,Team WE,3,0,win,Anyone's Legend|Anyone's Legend|Anyone's Legend,1589.4,1624.5,1535.3,1500.3,35.0,35.0,False
13123-13123_game_1,2026-02-25 06:11:42,LPL,1,Weibo Gaming,Invictus Gaming,3,0,win,Weibo Gaming|Weibo Gaming|Weibo Gaming,1506.3,1540.1,1441.1,1407.3,33.8,33.8,False
13124-13124_game_1,2026-02-25 09:30:11,LPL,1,Bilibili Gaming,Ninjas in Pyjamas,3,0,win,Bilibili Gaming|Bilibili Gaming|Bilibili Gaming,1543.2,1588.0,1573.5,1528.7,44.8,44.8,False
LOLTMNT02_358282,2026-02-26 06:12:02,LCP,1,Team Secret Whales,Deep Cross Gaming,3,2,win,Team Secret Whales|Team Secret Whales|Deep Cross Gaming|Deep Cross Gaming|Team Secret Whales,1630.7,1636.8,1604.8,1598.8,6.0,6.0,False
13125-13125_game_1,2026-02-26 09:13:13,LPL,1,JD Gaming,Anyone's Legend,3,2,win,Anyone's Legend|JD Gaming|JD Gaming|Anyone's Legend|JD Gaming,1501.4,1537.9,1624.5,1587.9,36.6,36.6,True
LOLTMNT02_359054,2026-02-27 06:21:35,LCP,1,Fukuoka SoftBank HAWKS gaming,Ground Zero Gaming,3,1,win,Fukuoka SoftBank HAWKS gaming|Fukuoka SoftBank HAWKS gaming|Ground Zero Gaming|Fukuoka SoftBank HAWKS gaming,1498.1,1526.0,1515.4,1487.5,27.9,27.9,False
13126-13126_game_1,2026-02-27 09:14:17,LPL,1,Bilibili Gaming,Weibo Gaming,3,0,win,Bilibili Gaming|Bilibili Gaming|Bilibili Gaming,1588.0,1623.7,1540.1,1504.4,35.7,35.7,False
LOLTMNT05_180071,2026-02-27 16:21:14,LEC,1,Karmine Corp,GiantX,3,0,win,Karmine Corp|Karmine Corp|Karmine Corp,1566.7,1601.8,1514.0,1478.8,35.2,35.2,False
LOLTMNT03_351286,2026-02-27 21:09:38,LCS,0,LYON,Team Liquid,3,1,win,LYON|Team Liquid|LYON|LYON,1528.6,1558.1,1541.1,1511.6,29.5,29.5,False
LOLTMNT02_359214,2026-02-28 06:15:05,LCP,1,Deep Cross Gaming,Fukuoka SoftBank HAWKS gaming,3,2,win,Fukuoka SoftBank HAWKS gaming|Fukuoka SoftBank HAWKS gaming|Deep Cross Gaming|Deep Cross Gaming|Deep Cross Gaming,1598.8,1605.0,1526.0,1519.8,6.2,6.2,False
LOLTMNT02_360177,2026-02-28 08:23:00,LCK,0,BNK FEARX,Dplus Kia,3,0,win,BNK FEARX|BNK FEARX|BNK FEARX,1553.8,1596.7,1568.0,1525.1,42.9,42.9,False
13127-13127_game_1,2026-02-28 09:10:38,LPL,1,Top Esports,Team WE,3,0,win,Top Esports|Top Esports|Top Esports,1489.2,1531.8,1500.3,1457.8,42.6,42.6,False
LOLTMNT03_350299,2026-02-28 10:24:30,VCS,0,MVK Esports Academy,Saigon Warriors,2,0,win,MVK Esports Academy|MVK Esports Academy,1500.0,1528.7,1500.0,1471.3,28.7,28.7,False
LOLTMNT03_350351,2026-02-28 12:31:30,VCS,0,SN CyberCore Esports,1TAP Dino,2,1,win,1TAP Dino|SN CyberCore Esports|SN CyberCore Esports,1500.0,1516.2,1500.0,1483.8,16.2,16.2,False
LOLTMNT03_351452,2026-02-28 16:12:34,CBLOL,0,RED Canids,FURIA,3,1,win,RED Canids|RED Canids|FURIA|RED Canids,1533.4,1568.5,1598.5,1563.4,35.1,35.1,False
LOLTMNT05_179108,2026-02-28 16:20:06,LEC,1,Karmine Corp,Movistar KOI,3,2,win,Movistar KOI|Karmine Corp|Movistar KOI|Karmine Corp|Karmine Corp,1601.8,1606.0,1529.7,1525.6,4.2,4.2,False
LOLTMNT03_350449,2026-02-28 21:09:01,LCS,0,LYON,Sentinels,3,1,win,LYON|LYON|Sentinels|LYON,1558.1,1575.9,1507.9,1490.1,17.8,17.8,False
LOLTMNT02_360259,2026-03-01 06:12:56,LCP,1,Team Secret Whales,Deep Cross Gaming,3,0,win,Team Secret Whales|Team Secret Whales|Team Secret Whales,1636.8,1674.3,1605.0,1567.4,37.5,37.5,False
LOLTMNT02_360283,2026-03-01 08:22:46,LCK,0,Gen.G,BNK FEARX,3,0,win,Gen.G|Gen.G|Gen.G,1663.3,1696.9,1596.7,1563.1,33.6,33.6,False
13128-13128_game_1,2026-03-01 09:11:06,LPL,1,Invictus Gaming,Ninjas in Pyjamas,3,1,win,Invictus Gaming|Ninjas in Pyjamas|Invictus Gaming|Invictus Gaming,1407.3,1453.0,1528.7,1483.0,45.7,45.7,True
LOLTMNT03_350517,2026-03-01 10:07:40,VCS,0,9Gaming Esports,Ngựa Hí Esports,2,1,win,9Gaming Esports|Ngựa Hí Esports|9Gaming Esports,1500.0,1513.8,1500.0,1486.2,13.8,13.8,False
LOLTMNT03_351623,2026-03-01 13:13:30,VCS,0,MVK Esports Academy,SN CyberCore Esports,2,0,win,MVK Esports Academy|MVK Esports Academy,1528.7,1556.4,1516.2,1488.5,27.7,27.7,False
LOLTMNT05_180114,2026-03-01 16:19:58,LEC,1,G2 Esports,Karmine Corp,3,2,win,G2 Esports|G2 Esports|Karmine Corp|Karmine Corp|G2 Esports,1619.0,1627.3,1606.0,1597.6,8.3,8.3,False
LOLTMNT03_350598,2026-03-01 16:20:44,CBLOL,0,LOUD,RED Canids,3,0,win,LOUD|LOUD|LOUD,1570.8,1611.8,1568.5,1527.5,41.0,41.0,False
LOLTMNT03_350640,2026-03-01 21:16:53,LCS,0,LYON,Cloud9,3,1,win,Cloud9|LYON|LYON|LYON,1575.9,1615.3,1639.8,1600.4,39.4,39.4,False
LOLTMNT03_350681,2026-03-02 08:10:48,LJL,1,VARREL YOUTH,DetonatioN FocusMe Academy,1,0,win,VARREL YOUTH,1521.0,1535.0,1497.1,1483.1,14.0,14.0,False
13129-13129_game_1,2026-03-02 09:10:40,LPL,1,Weibo Gaming,Top Esports,3,2,win,Weibo Gaming|Top Esports|Weibo Gaming|Top Esports|Weibo Gaming,1504.4,1522.2,1531.8,1514.0,17.8,17.8,False
LOLTMNT03_350703,2026-03-02 09:20:55,LJL,1,FENNEL,NOVEX,1,0,win,FENNEL,1545.5,1563.2,1609.2,1591.4,17.7,17.7,False
LOLTMNT03_350712,2026-03-02 10:16:42,LJL,1,New Meta,Fast8,1,0,win,New Meta,1560.4,1571.8,1475.7,1464.3,11.4,11.4,False
LOLTMNT03_351761,2026-03-02 11:08:22,LJL,1,Rising Gaming,Uwinks,1,0,win,Rising Gaming,1590.1,1601.5,1504.5,1493.2,11.4,11.4,False
LOLTMNT03_350744,2026-03-02 12:06:17,LJL,1,L Guide Gaming,Inferno Drive Tokyo,1,0,win,L Guide Gaming,1560.3,1579.0,1647.9,1629.2,18.7,18.7,True
LOLTMNT03_351788,2026-03-02 13:22:46,LJL,1,RAYN Clocks,Yang Yang Gaming,1,0,win,RAYN Clocks,1541.0,1552.6,1460.4,1448.8,11.6,11.6,False
LOLTMNT03_350952,2026-03-03 08:07:38,LJL,1,Yang Yang Gaming,NOVEX,1,0,win,Yang Yang Gaming,1448.8,1469.7,1591.4,1570.6,20.8,20.8,True
LOLTMNT03_351924,2026-03-03 09:08:16,LJL,1,DetonatioN FocusMe Academy,Fast8,1,0,win,DetonatioN FocusMe Academy,1483.1,1497.3,1464.3,1450.1,14.2,14.2,False
13130-13130_game_1,2026-03-03 09:11:11,LPL,1,Anyone's Legend,Invictus Gaming,3,1,win,Anyone's Legend|Invictus Gaming|Anyone's Legend|Anyone's Legend,1587.9,1596.0,1453.0,1444.9,8.1,8.1,False
LOLTMNT03_350963,2026-03-03 10:05:19,LJL,1,FENNEL,Rising Gaming,1,0,win,FENNEL,1563.2,1579.8,1601.5,1584.8,16.6,16.6,False
LOLTMNT03_351942,2026-03-03 11:04:06,LJL,1,Inferno Drive Tokyo,VARREL YOUTH,1,0,win,Inferno Drive Tokyo,1629.2,1640.2,1535.0,1523.9,11.0,11.0,False
LOLTMNT03_351953,2026-03-03 12:05:07,LJL,1,RAYN Clocks,Uwinks,1,0,win,RAYN Clocks,1552.6,1565.0,1493.2,1480.7,12.5,12.5,False
LOLTMNT03_352004,2026-03-03 13:04:11,LJL,1,L Guide Gaming,New Meta,1,0,win,L Guide Gaming,1579.0,1593.7,1571.8,1557.1,14.7,14.7,False
13131-13131_game_1,2026-03-04 09:12:44,LPL,1,Bilibili Gaming,JD Gaming,3,2,win,JD Gaming|Bilibili Gaming|JD Gaming|Bilibili Gaming|Bilibili Gaming,1623.7,1625.4,1537.9,1536.2,1.7,1.7,False
13132-13132_game_1,2026-03-05 09:12:47,LPL,1,Weibo Gaming,Anyone's Legend,3,1,win,Weibo Gaming|Weibo Gaming|Anyone's Legend|Weibo Gaming,1522.2,1558.6,1596.0,1559.6,36.4,36.4,True
LOLTMNT01_344288,2026-03-06 08:13:13,LJL,1,FENNEL,L Guide Gaming,2,0,win,FENNEL|FENNEL,1579.8,1609.7,1593.7,1563.9,29.9,29.9,False
LOLTMNT01_343351,2026-03-06 10:06:44,LJL,1,New Meta,Inferno Drive Tokyo,2,1,win,Inferno Drive Tokyo|New Meta|New Meta,1557.1,1582.9,1640.2,1614.4,25.8,25.8,True
LOLTMNT03_352516,2026-03-06 10:09:37,VCS,0,1TAP Dino,Ngựa Hí Esports,2,0,win,1TAP Dino|1TAP Dino,1483.8,1512.7,1486.2,1457.3,28.9,28.9,False
LOLTMNT03_352546,2026-03-06 12:35:50,VCS,0,9Gaming Esports,Saigon Warriors,2,0,win,9Gaming Esports|9Gaming Esports,1513.8,1539.1,1471.3,1446.1,25.2,25.2,False
LOLTMNT01_344582,2026-03-07 08:16:46,LJL,1,RAYN Clocks,Rising Gaming,2,1,win,RAYN Clocks|Rising Gaming|RAYN Clocks,1565.0,1581.2,1584.8,1568.7,16.2,16.2,False
13133-13133_game_1,2026-03-07 09:12:06,LPL,1,JD Gaming,Weibo Gaming,3,0,win,JD Gaming|JD Gaming|JD Gaming,1536.2,1580.1,1558.6,1514.7,43.9,43.9,False
LOLTMNT03_353546,2026-03-07 10:08:19,VCS,0,Ngựa Hí Esports,SN CyberCore Esports,2,0,win,Ngựa Hí Esports|Ngựa Hí Esports,1457.3,1488.6,1488.5,1457.2,31.3,31.3,False
LOLTMNT01_343573,2026-03-07 11:44:11,LJL,1,NOVEX,VARREL YOUTH,2,0,win,NOVEX|NOVEX,1570.6,1595.5,1523.9,1499.0,24.9,24.9,False
LOLTMNT03_352674,2026-03-07 12:20:41,VCS,0,MVK Esports Academy,1TAP Dino,2,0,win,MVK Esports Academy|MVK Esports Academy,1556.4,1581.5,1512.7,1487.6,25.1,25.1,False
LOLTMNT01_344878,2026-03-08 08:07:55,LJL,1,RAYN Clocks,New Meta,2,0,win,RAYN Clocks|RAYN Clocks,1581.2,1610.0,1582.9,1554.1,28.9,28.9,False
13134-13134_game_1,2026-03-08 09:17:50,LPL,1,Bilibili Gaming,JD Gaming,3,1,win,Bilibili Gaming|Bilibili Gaming|JD Gaming|Bilibili Gaming,1625.4,1644.0,1580.1,1561.6,18.5,18.5,False
LOLTMNT03_352737,2026-03-08 10:06:17,VCS,0,9Gaming Esports,SN CyberCore Esports,2,0,win,9Gaming Esports|9Gaming Esports,1539.1,1561.2,1457.2,1435.1,22.1,22.1,False
LOLTMNT01_344915,2026-03-08 10:13:17,LJL,1,L Guide Gaming,NOVEX,2,0,win,L Guide Gaming|L Guide Gaming,1563.9,1595.2,1595.5,1564.2,31.3,31.3,False
LOLTMNT06_170389,2026-03-08 12:30:46,VCS,0,Saigon Warriors,Ngựa Hí Esports,2,0,win,Saigon Warriors|Saigon Warriors,1446.1,1478.3,1488.6,1456.4,32.2,32.2,False
LOLTMNT01_348257,2026-03-13 08:09:52,LJL,1,FENNEL,VARREL YOUTH,2,0,win,FENNEL|FENNEL,1609.7,1629.6,1499.0,1479.1,20.0,20.0,False
LOLTMNT01_347400,2026-03-13 10:01:24,LJL,1,Rising Gaming,Inferno Drive Tokyo,2,0,win,Rising Gaming|Rising Gaming,1568.7,1601.1,1614.4,1581.9,32.5,32.5,False
LOLTMNT03_353760,2026-03-13 10:24:47,VCS,0,MVK Esports Academy,9Gaming Esports,2,0,win,MVK Esports Academy|MVK Esports Academy,1581.5,1608.6,1561.2,1534.2,27.0,27.0,False
LOLTMNT03_353779,2026-03-13 12:22:07,VCS,0,Saigon Warriors,1TAP Dino,2,0,win,Saigon Warriors|Saigon Warriors,1478.3,1507.7,1487.6,1458.1,29.5,29.5,False
LOLTMNT01_347680,2026-03-14 08:11:44,LJL,1,L Guide Gaming,VARREL YOUTH,2,0,win,L Guide Gaming|L Guide Gaming,1595.2,1614.7,1479.1,1459.5,19.6,19.6,False
LOLTMNT03_353790,2026-03-14 10:07:49,VCS,0,MVK Esports Academy,Ngựa Hí Esports,2,0,win,MVK Esports Academy|MVK Esports Academy,1608.6,1625.6,1456.4,1439.3,17.0,17.0,False
LOLTMNT01_348564,2026-03-14 10:13:32,LJL,1,Inferno Drive Tokyo,RAYN Clocks,2,1,win,Inferno Drive Tokyo|RAYN Clocks|Inferno Drive Tokyo,1581.9,1599.1,1610.0,1592.9,17.2,17.2,False
LOLTMNT03_354006,2026-03-14 11:43:59,VCS,0,9Gaming Esports,1TAP Dino,2,0,win,9Gaming Esports|9Gaming Esports,1534.2,1556.7,1458.1,1435.5,22.6,22.6,False
LOLTMNT01_347947,2026-03-15 08:10:24,LJL,1,Rising Gaming,New Meta,2,0,win,Rising Gaming|Rising Gaming,1601.1,1626.0,1554.1,1529.2,24.9,24.9,False
LOLTMNT03_354029,2026-03-15 10:06:33,VCS,0,Saigon Warriors,SN CyberCore Esports,2,0,win,Saigon Warriors|Saigon Warriors,1507.7,1530.6,1435.1,1412.2,22.8,22.8,False
LOLTMNT01_348779,2026-03-15 10:16:40,LJL,1,FENNEL,NOVEX,2,0,win,FENNEL|FENNEL,1629.6,1653.0,1564.2,1540.8,23.4,23.4,False
LOLTMNT01_349243,2026-03-16 13:10:29,FST,0,Bilibili Gaming,BNK FEARX,3,2,win,Bilibili Gaming|BNK FEARX|BNK FEARX|Bilibili Gaming|Bilibili Gaming,1644.0,1644.7,1563.1,1562.4,0.7,0.7,False
LOLTMNT01_349312,2026-03-16 17:26:29,FST,0,G2 Esports,Team Secret Whales,3,0,win,G2 Esports|G2 Esports|G2 Esports,1627.3,1674.1,1674.3,1627.5,46.8,46.8,False
LOLTMNT01_349522,2026-03-17 13:12:15,FST,0,Gen.G,JD Gaming,3,0,win,Gen.G|Gen.G|Gen.G,1696.9,1723.2,1561.6,1535.2,26.3,26.3,False
LOLTMNT01_350457,2026-03-17 15:37:55,FST,0,LYON,LOUD,3,2,win,LYON|LOUD|LYON|LOUD|LYON,1615.3,1627.5,1611.8,1599.6,12.2,12.2,False
LOLTMNT01_349770,2026-03-18 13:11:19,FST,0,Bilibili Gaming,G2 Esports,3,0,win,Bilibili Gaming|Bilibili Gaming|Bilibili Gaming,1644.7,1689.4,1674.1,1629.4,44.7,44.7,False
LOLTMNT01_350703,2026-03-18 15:50:25,FST,0,BNK FEARX,Team Secret Whales,3,0,win,BNK FEARX|BNK FEARX|BNK FEARX,1562.4,1611.3,1627.5,1578.6,48.9,48.9,False
LOLTMNT01_351028,2026-03-19 13:11:55,FST,0,Gen.G,LYON,3,0,win,Gen.G|Gen.G|Gen.G,1723.2,1753.6,1627.5,1597.1,30.4,30.4,False
LOLTMNT01_351065,2026-03-19 15:35:17,FST,0,JD Gaming,LOUD,3,0,win,JD Gaming|JD Gaming|JD Gaming,1535.2,1584.1,1599.6,1550.8,48.8,48.8,False
LOLTMNT01_351208,2026-03-20 13:10:12,FST,0,G2 Esports,BNK FEARX,3,0,win,G2 Esports|G2 Esports|G2 Esports,1629.4,1668.5,1611.3,1572.2,39.1,39.1,False
LOLTMNT01_351241,2026-03-20 15:53:55,FST,0,JD Gaming,LYON,3,1,win,JD Gaming|LYON|JD Gaming|JD Gaming,1584.1,1613.7,1597.1,1567.5,29.6,29.6,False
LOLTMNT01_351445,2026-03-21 13:11:56,FST,0,G2 Esports,Gen.G,3,0,win,G2 Esports|G2 Esports|G2 Esports,1668.5,1719.8,1753.6,1702.4,51.3,51.3,True
LOLTMNT01_352447,2026-03-21 15:53:49,FST,0,Bilibili Gaming,JD Gaming,3,0,win,Bilibili Gaming|Bilibili Gaming|Bilibili Gaming,1689.4,1722.0,1613.7,1581.1,32.6,32.6,False
LOLTMNT01_351652,2026-03-22 13:14:42,FST,0,Bilibili Gaming,G2 Esports,3,1,win,G2 Esports|Bilibili Gaming|Bilibili Gaming|Bilibili Gaming,1722.0,1751.4,1719.8,1690.3,29.5,29.5,False
LOLTMNT01_351734,2026-03-24 10:07:39,VCS,1,MVK Esports Academy,1TAP Dino,3,0,win,MVK Esports Academy|MVK Esports Academy|MVK Esports Academy,1625.6,1646.8,1435.5,1414.3,21.2,21.2,False
LOLTMNT01_351766,2026-03-25 10:06:47,VCS,1,Saigon Warriors,9Gaming Esports,3,2,win,Saigon Warriors|9Gaming Esports|Saigon Warriors|9Gaming Esports|Saigon Warriors,1530.6,1548.2,1556.7,1539.2,17.6,17.6,False
LOLTMNT01_351816,2026-03-26 10:06:50,VCS,1,MVK Esports Academy,Saigon Warriors,3,0,win,MVK Esports Academy|MVK Esports Academy|MVK Esports Academy,1646.8,1676.9,1548.2,1518.1,30.1,30.1,False
LOLTMNT01_352809,2026-03-27 10:07:13,VCS,1,1TAP Dino,9Gaming Esports,3,0,win,1TAP Dino|1TAP Dino|1TAP Dino,1414.3,1470.1,1539.2,1483.4,55.8,55.8,True
LOLTMNT02_372123,2026-03-28 08:15:51,LJL,1,FENNEL,RAYN Clocks,2,0,win,FENNEL|FENNEL,1653.0,1676.9,1592.9,1569.1,23.8,23.8,False
LOLTMNT01_351946,2026-03-28 10:08:17,VCS,1,Saigon Warriors,1TAP Dino,3,1,win,Saigon Warriors|Saigon Warriors|1TAP Dino|Saigon Warriors,1518.1,1536.2,1470.1,1451.9,18.2,18.2,False
LOLTMNT02_372169,2026-03-28 10:12:26,LJL,1,Rising Gaming,L Guide Gaming,2,0,win,Rising Gaming|Rising Gaming,1626.0,1653.8,1614.7,1587.0,27.8,27.8,False
LOLTMNT05_184082,2026-03-28 13:10:54,LEC,0,GiantX,Fnatic,2,1,win,GiantX|Fnatic|GiantX,1478.8,1487.1,1431.9,1423.6,8.3,8.3,False
LOLTMNT05_183065,2026-03-28 15:53:30,LEC,0,Karmine Corp,Team Vitality,2,1,win,Team Vitality|Karmine Corp|Karmine Corp,1597.6,1605.0,1522.6,1515.3,7.4,7.4,False
LOLTMNT02_373306,2026-03-28 16:14:08,CBLOL,0,RED Canids,LOUD,2,0,win,RED Canids|RED Canids,1527.5,1558.2,1550.8,1520.1,30.6,30.6,False
LOLTMNT02_372377,2026-03-28 18:13:04,CBLOL,0,LØS,FURIA,2,1,win,LØS|FURIA|LØS,1516.5,1535.8,1563.4,1544.1,19.4,19.4,False
LOLTMNT05_183084,2026-03-28 19:01:25,LEC,0,Natus Vincere,Movistar KOI,2,1,win,Natus Vincere|Movistar KOI|Natus Vincere,1508.5,1524.3,1525.6,1509.7,15.8,15.8,False
LOLTMNT02_373528,2026-03-29 08:09:40,LJL,1,FENNEL,Rising Gaming,3,0,win,FENNEL|FENNEL|FENNEL,1676.9,1715.4,1653.8,1615.2,38.6,38.6,False
LOLTMNT01_351992,2026-03-29 10:06:57,VCS,1,MVK Esports Academy,Saigon Warriors,3,2,win,Saigon Warriors|MVK Esports Academy|MVK Esports Academy|Saigon Warriors|MVK Esports Academy,1676.9,1667.0,1536.2,1546.1,-9.9,9.9,False
LOLTMNT05_184124,2026-03-29 15:07:54,LEC,0,Team Heretics,SK Gaming,2,1,win,SK Gaming|Team Heretics|Team Heretics,1477.1,1488.2,1434.1,1423.0,11.1,11.1,False
LOLTMNT02_372711,2026-03-29 16:15:54,CBLOL,0,Vivo Keyd Stars,paiN Gaming,2,0,win,Vivo Keyd Stars|Vivo Keyd Stars,1443.4,1471.2,1431.6,1403.8,27.7,27.7,False
LOLTMNT05_183138,2026-03-29 17:57:57,LEC,0,Movistar KOI,Fnatic,2,0,win,Movistar KOI|Movistar KOI,1509.7,1531.5,1423.6,1401.8,21.8,21.8,False
LOLTMNT02_373750,2026-03-29 17:59:21,CBLOL,0,Fluxo W7M,Leviatan,2,0,win,Fluxo W7M|Fluxo W7M,1432.8,1464.9,1473.0,1440.9,32.0,32.0,False
LOLTMNT05_184178,2026-03-30 15:08:27,LEC,0,Natus Vincere,SK Gaming,2,1,win,SK Gaming|Natus Vincere|Natus Vincere,1524.3,1528.7,1423.0,1418.6,4.4,4.4,False
LOLTMNT05_184204,2026-03-30 18:23:37,LEC,0,Team Vitality,Team Heretics,2,0,win,Team Vitality|Team Vitality,1515.3,1541.8,1488.2,1461.7,26.5,26.5,False
LOLTMNT02_375568,2026-04-01 08:11:43,LCK,0,Hanwha Life Esports,HANJIN BRION,2,0,win,Hanwha Life Esports|Hanwha Life Esports,1456.5,1482.0,1417.1,1391.6,25.5,25.5,False
LOLTMNT02_374657,2026-04-01 10:23:34,LCK,0,KT Rolster,T1,2,0,win,KT Rolster|KT Rolster,1435.3,1472.3,1538.0,1500.9,37.0,37.0,True
LOLTMNT02_374985,2026-04-02 08:08:29,LCK,0,Nongshim RedForce,Dplus Kia,2,0,win,Nongshim RedForce|Nongshim RedForce,1424.9,1461.7,1525.1,1488.2,36.8,36.8,True
LOLTMNT02_376019,2026-04-02 10:15:16,LCK,0,DN SOOPers,Kiwoom DRX,2,0,win,DN SOOPers|DN SOOPers,1483.7,1510.5,1459.5,1432.8,26.7,26.7,False
LOLTMNT02_377156,2026-04-03 08:10:24,LCK,0,KT Rolster,Gen.G,2,1,win,KT Rolster|Gen.G|KT Rolster,1472.3,1511.0,1702.4,1663.7,38.7,38.7,True
LOLTMNT02_376241,2026-04-03 11:10:37,LCK,0,HANJIN BRION,BNK FEARX,2,0,win,HANJIN BRION|HANJIN BRION,1391.6,1434.3,1572.2,1529.4,42.8,42.8,True
13208-13208_game_1,2026-04-04 07:13:58,LPL,0,Invictus Gaming,Top Esports,2,0,win,Invictus Gaming|Invictus Gaming,1444.9,1479.2,1514.0,1479.6,34.4,34.4,False
LOLTMNT02_376401,2026-04-04 08:08:38,LCK,0,T1,Hanwha Life Esports,2,0,win,T1|T1,1500.9,1528.1,1482.0,1454.8,27.2,27.2,False
LOLTMNT01_354729,2026-04-04 09:17:19,LCP,0,Ground Zero Gaming,DetonatioN FocusMe,2,0,win,Ground Zero Gaming|Ground Zero Gaming,1487.5,1505.7,1352.0,1333.8,18.2,18.2,False
13209-13209_game_1,2026-04-04 09:31:10,LPL,0,Anyone's Legend,Weibo Gaming,2,0,win,Anyone's Legend|Anyone's Legend,1559.6,1584.7,1514.7,1489.6,25.0,25.0,False
LOLTMNT02_377394,2026-04-04 10:30:33,LCK,0,Dplus Kia,Kiwoom DRX,2,0,win,Dplus Kia|Dplus Kia,1488.2,1512.4,1432.8,1408.6,24.2,24.2,False
LOLTMNT01_356478,2026-04-04 11:24:09,LCP,0,MVK Esports,Deep Cross Gaming,2,1,win,Deep Cross Gaming|MVK Esports|MVK Esports,1455.8,1484.8,1567.4,1538.5,29.0,29.0,True
13210-13210_game_1,2026-04-04 11:31:14,LPL,0,Ninjas in Pyjamas,Team WE,2,0,win,Ninjas in Pyjamas|Ninjas in Pyjamas,1483.0,1509.7,1457.8,1431.1,26.6,26.6,False
LOLTMNT04_156054,2026-04-04 12:10:23,LEC,0,SK Gaming,Shifters,2,0,win,SK Gaming|SK Gaming,1418.6,1453.0,1487.6,1453.2,34.4,34.4,False
LOLTMNT04_156068,2026-04-04 14:05:07,LEC,0,G2 Esports,Team Heretics,2,0,win,G2 Esports|G2 Esports,1690.3,1702.7,1461.7,1449.4,12.3,12.3,False
LOLTMNT04_155085,2026-04-04 15:58:13,LEC,0,Team Vitality,Natus Vincere,2,0,win,Team Vitality|Team Vitality,1541.8,1569.4,1528.7,1501.1,27.6,27.6,False
LOLTMNT01_356558,2026-04-04 16:10:27,CBLOL,0,RED Canids,Fluxo W7M,2,0,win,RED Canids|RED Canids,1558.2,1579.4,1464.9,1443.6,21.3,21.3,False
LOLTMNT01_356590,2026-04-04 17:58:41,CBLOL,0,LOUD,paiN Gaming,2,0,win,LOUD|LOUD,1520.1,1539.7,1403.8,1384.3,19.5,19.5,False
LOLTMNT01_356643,2026-04-04 20:17:46,LCS,0,Cloud9,LYON,2,1,win,LYON|Cloud9|Cloud9,1600.4,1612.7,1567.5,1555.2,12.3,12.3,False
LOLTMNT01_354974,2026-04-04 22:56:08,LCS,0,Disguised,Sentinels,2,1,win,Sentinels|Disguised|Disguised,1460.2,1479.9,1490.1,1470.4,19.7,19.7,False
LOLTMNT02_377509,2026-04-05 08:10:33,LCK,0,Nongshim RedForce,DN SOOPers,2,0,win,Nongshim RedForce|Nongshim RedForce,1461.7,1494.4,1510.5,1477.7,32.7,32.7,False
13211-13211_game_1,2026-04-05 09:14:57,LPL,0,Bilibili Gaming,JD Gaming,2,1,win,Bilibili Gaming|JD Gaming|Bilibili Gaming,1751.4,1746.4,1581.1,1586.1,-5.0,5.0,False
LOLTMNT01_356758,2026-04-05 09:18:11,LCP,0,Fukuoka SoftBank HAWKS gaming,CTBC Flying Oyster,2,0,win,Fukuoka SoftBank HAWKS gaming|Fukuoka SoftBank HAWKS gaming,1519.8,1543.9,1463.2,1439.1,24.1,24.1,False
LOLTMNT02_376564,2026-04-05 10:22:53,LCK,0,Gen.G,BNK FEARX,2,0,win,Gen.G|Gen.G,1663.7,1682.0,1529.4,1511.2,18.3,18.3,False
LOLTMNT01_357081,2026-04-05 11:20:10,LCP,0,Team Secret Whales,GAM Esports,2,0,win,Team Secret Whales|Team Secret Whales,1578.6,1599.4,1479.8,1459.0,20.8,20.8,False
13212-13212_game_1,2026-04-05 12:18:17,LPL,0,Top Esports,Anyone's Legend,2,0,win,Top Esports|Top Esports,1479.6,1516.8,1584.7,1547.4,37.2,37.2,True
LOLTMNT04_155098,2026-04-05 15:07:26,LEC,0,GiantX,SK Gaming,2,0,win,GiantX|GiantX,1487.1,1513.0,1453.0,1427.1,25.9,25.9,False
LOLTMNT01_357201,2026-04-05 16:09:15,CBLOL,0,LØS,Leviatan,2,0,win,LØS|LØS,1535.8,1557.0,1440.9,1419.8,21.1,21.1,False
LOLTMNT04_155108,2026-04-05 17:01:55,LEC,0,Fnatic,G2 Esports,2,1,win,G2 Esports|Fnatic|Fnatic,1401.8,1447.4,1702.7,1657.0,45.6,45.6,True
LOLTMNT01_356942,2026-04-05 17:48:38,CBLOL,0,FURIA,Vivo Keyd Stars,2,0,win,FURIA|FURIA,1544.1,1566.9,1471.2,1448.3,22.8,22.8,False
LOLTMNT01_356999,2026-04-05 20:11:05,LCS,0,Team Liquid,FlyQuest,2,1,win,Team Liquid|FlyQuest|Team Liquid,1511.6,1518.3,1450.6,1443.9,6.7,6.7,False
LOLTMNT01_358026,2026-04-05 22:44:14,LCS,0,Shopify Rebellion,Dignitas,2,0,win,Shopify Rebellion|Shopify Rebellion,1414.0,1446.3,1457.8,1425.5,32.3,32.3,False
LOLTMNT04_156150,2026-04-06 15:10:07,LEC,0,GiantX,Team Heretics,2,1,win,GiantX|Team Heretics|GiantX,1513.0,1519.4,1449.4,1443.0,6.4,6.4,False
LOLTMNT04_156161,2026-04-06 17:48:19,LEC,0,Team Vitality,Movistar KOI,2,1,win,Team Vitality|Movistar KOI|Team Vitality,1569.4,1578.8,1531.5,1522.2,9.4,9.4,False
LOLTMNT01_360022,2026-04-08 08:06:29,LCK,0,Hanwha Life Esports,Dplus Kia,2,0,win,Hanwha Life Esports|Hanwha Life Esports,1454.8,1488.3,1512.4,1479.0,33.4,33.4,False
13213-13213_game_1,2026-04-08 09:15:14,LPL,0,Invictus Gaming,Ninjas in Pyjamas,2,1,win,Invictus Gaming|Ninjas in Pyjamas|Invictus Gaming,1479.2,1496.7,1509.7,1492.2,17.4,17.4,False
LOLTMNT01_360054,2026-04-08 10:19:02,LCK,0,Gen.G,T1,2,0,win,Gen.G|Gen.G,1682.0,1698.9,1528.1,1511.2,16.9,16.9,False
13214-13214_game_1,2026-04-08 12:29:51,LPL,0,Top Esports,Team WE,2,0,win,Top Esports|Top Esports,1516.8,1538.7,1431.1,1409.3,21.8,21.8,False
LOLTMNT01_359784,2026-04-09 08:06:21,LCK,0,Kiwoom DRX,HANJIN BRION,2,1,win,HANJIN BRION|Kiwoom DRX|Kiwoom DRX,1408.6,1427.8,1434.3,1415.1,19.2,19.2,False
13215-13215_game_1,2026-04-09 09:12:12,LPL,0,Ninjas in Pyjamas,Weibo Gaming,2,1,win,Weibo Gaming|Ninjas in Pyjamas|Ninjas in Pyjamas,1492.2,1508.1,1489.6,1473.8,15.9,15.9,False
LOLTMNT01_359892,2026-04-09 11:25:00,LCK,0,KT Rolster,Nongshim RedForce,2,0,win,KT Rolster|KT Rolster,1511.0,1538.4,1494.4,1467.1,27.3,27.3,False
13216-13216_game_1,2026-04-09 12:15:02,LPL,0,Bilibili Gaming,Team WE,2,0,win,Bilibili Gaming|Bilibili Gaming,1746.4,1753.8,1409.3,1401.9,7.4,7.4,False
LOLTMNT01_362027,2026-04-10 08:09:34,LCK,0,T1,DN SOOPers,2,0,win,T1|T1,1511.2,1537.2,1477.7,1451.8,26.0,26.0,False
13217-13217_game_1,2026-04-10 09:12:32,LPL,0,EDward Gaming,LNG Esports,2,1,win,LNG Esports|EDward Gaming|EDward Gaming,1516.5,1540.2,1580.8,1557.1,23.7,23.7,False
LOLTMNT01_362077,2026-04-10 10:10:47,LCK,0,Hanwha Life Esports,BNK FEARX,2,1,win,Hanwha Life Esports|BNK FEARX|Hanwha Life Esports,1488.3,1504.8,1511.2,1494.6,16.5,16.5,False
13218-13218_game_1,2026-04-10 12:28:13,LPL,0,JD Gaming,Anyone's Legend,2,0,win,JD Gaming|JD Gaming,1586.1,1611.6,1547.4,1521.9,25.6,25.6,False
LOLTMNT01_361717,2026-04-11 04:07:01,LJL,0,CAG OSAKA,V3 Esports,1,0,win,CAG OSAKA,1411.0,1424.6,1377.9,1364.3,13.6,13.6,False
LOLTMNT01_362470,2026-04-11 04:08:36,LJL,0,Inferno Drive Tokyo,UTeSports,1,0,win,Inferno Drive Tokyo,1599.1,1609.9,1500.0,1489.2,10.8,10.8,False
LOLTMNT01_361718,2026-04-11 04:09:35,LJL,0,Uwinks,Fast8,1,0,win,Uwinks,1480.7,1494.4,1450.1,1436.4,13.7,13.7,False
LOLTMNT01_361721,2026-04-11 04:12:31,LJL,0,VARREL YOUTH,Bamboo Juice,1,0,win,VARREL YOUTH,1459.5,1476.7,1509.2,1492.1,17.1,17.1,False
LOLTMNT01_362474,2026-04-11 04:13:43,LJL,0,New Meta,NOVEX,1,0,win,New Meta,1529.2,1544.7,1540.8,1525.3,15.5,15.5,False
LOLTMNT01_361735,2026-04-11 04:35:13,LJL,0,Arneb,VelbeliKaizokudan,1,0,win,Arneb,1500.0,1512.8,1448.6,1435.8,12.8,12.8,False
LOLTMNT01_361788,2026-04-11 05:23:11,LJL,0,Arneb,V3 Esports,1,0,win,Arneb,1512.8,1521.8,1364.3,1355.4,9.0,9.0,False
LOLTMNT01_361789,2026-04-11 05:23:37,LJL,0,NOVEX,Fast8,1,0,win,NOVEX,1525.3,1536.5,1436.4,1425.1,11.2,11.2,False
LOLTMNT01_362534,2026-04-11 05:24:09,LJL,0,Uwinks,Bamboo Juice,1,0,win,Uwinks,1494.4,1509.3,1492.1,1477.2,14.9,14.9,False
LOLTMNT01_362533,2026-04-11 05:24:29,LJL,0,CAG OSAKA,UTeSports,1,0,win,CAG OSAKA,1424.6,1442.4,1489.2,1471.4,17.8,17.8,False
LOLTMNT01_362539,2026-04-11 05:30:24,LJL,0,New Meta,Inferno Drive Tokyo,1,0,win,New Meta,1544.7,1562.5,1609.9,1592.1,17.8,17.8,False
LOLTMNT01_361792,2026-04-11 05:31:58,LJL,0,VARREL YOUTH,Yang Yang Gaming,1,0,win,VARREL YOUTH,1476.7,1491.3,1469.7,1455.0,14.7,14.7,False
LOLTMNT01_361808,2026-04-11 06:23:58,LJL,0,VelbeliKaizokudan,V3 Esports,1,0,win,VelbeliKaizokudan,1435.8,1447.4,1355.4,1343.8,11.6,11.6,False
LOLTMNT01_361812,2026-04-11 06:23:58,LJL,0,NOVEX,Bamboo Juice,1,0,win,NOVEX,1536.5,1549.0,1477.2,1464.7,12.5,12.5,False
LOLTMNT01_362553,2026-04-11 06:24:03,LJL,0,Arneb,UTeSports,1,0,win,Arneb,1521.8,1534.6,1471.4,1458.6,12.8,12.8,False
LOLTMNT01_361810,2026-04-11 06:24:25,LJL,0,Uwinks,Yang Yang Gaming,1,0,win,Uwinks,1509.3,1522.0,1455.0,1442.3,12.7,12.7,False
LOLTMNT01_362554,2026-04-11 06:24:25,LJL,0,Inferno Drive Tokyo,Fast8,1,0,win,Inferno Drive Tokyo,1592.1,1600.4,1425.1,1416.8,8.3,8.3,False
LOLTMNT01_362557,2026-04-11 06:24:55,LJL,0,New Meta,CAG OSAKA,1,0,win,New Meta,1562.5,1572.5,1442.4,1432.3,10.0,10.0,False
LOLTMNT01_362589,2026-04-11 07:34:12,LJL,0,VelbeliKaizokudan,UTeSports,1,0,win,VelbeliKaizokudan,1447.4,1462.8,1458.6,1443.1,15.5,15.5,False
LOLTMNT01_361843,2026-04-11 07:34:25,LJL,0,Yang Yang Gaming,NOVEX,1,0,win,Yang Yang Gaming,1442.3,1461.8,1549.0,1529.5,19.5,19.5,True
LOLTMNT01_361845,2026-04-11 07:35:53,LJL,0,New Meta,Arneb,1,0,win,New Meta,1572.5,1585.9,1534.6,1521.2,13.4,13.4,False
LOLTMNT01_362596,2026-04-11 07:36:04,LJL,0,VARREL YOUTH,Uwinks,1,0,win,VARREL YOUTH,1491.3,1507.7,1522.0,1505.6,16.3,16.3,False
LOLTMNT01_361852,2026-04-11 07:39:24,LJL,0,Inferno Drive Tokyo,Bamboo Juice,1,0,win,Inferno Drive Tokyo,1600.4,1609.8,1464.7,1455.3,9.4,9.4,False
LOLTMNT01_361857,2026-04-11 07:45:49,LJL,0,Fast8,CAG OSAKA,1,0,win,Fast8,1416.8,1432.5,1432.3,1416.7,15.7,15.7,False
LOLTMNT01_362622,2026-04-11 08:06:17,LCK,0,Kiwoom DRX,Nongshim RedForce,2,0,win,Kiwoom DRX|Kiwoom DRX,1427.8,1459.8,1467.1,1435.1,31.9,31.9,False
13219-13219_game_1,2026-04-11 09:14:28,LPL,0,Invictus Gaming,Team WE,2,0,win,Invictus Gaming|Invictus Gaming,1496.7,1517.8,1401.9,1380.8,21.1,21.1,False
LOLTMNT01_361888,2026-04-11 09:18:53,LCP,0,CTBC Flying Oyster,DetonatioN FocusMe,2,1,win,DetonatioN FocusMe|CTBC Flying Oyster|CTBC Flying Oyster,1439.1,1443.0,1333.8,1329.9,3.9,3.9,False
LOLTMNT01_361912,2026-04-11 10:14:53,LCK,0,Dplus Kia,Gen.G,2,0,win,Dplus Kia|Dplus Kia,1479.0,1524.3,1698.9,1653.6,45.3,45.3,True
13220-13220_game_1,2026-04-11 11:29:17,LPL,0,Top Esports,JD Gaming,2,0,win,Top Esports|Top Esports,1538.7,1573.4,1611.6,1576.9,34.7,34.7,True
LOLTMNT01_361963,2026-04-11 12:02:31,LCP,0,GAM Esports,MVK Esports,2,1,win,GAM Esports|MVK Esports|GAM Esports,1459.0,1475.9,1484.8,1467.9,16.9,16.9,False
LOLTMNT04_156536,2026-04-11 12:08:41,LEC,0,Natus Vincere,Team Heretics,2,0,win,Natus Vincere|Natus Vincere,1501.1,1525.1,1443.0,1419.0,24.0,24.0,False
LOLTMNT04_155498,2026-04-11 14:00:25,LEC,0,Team Vitality,G2 Esports,2,1,win,Team Vitality|G2 Esports|Team Vitality,1578.8,1601.8,1657.0,1634.0,23.0,23.0,True
LOLTMNT01_362809,2026-04-11 16:10:46,CBLOL,0,FURIA,Leviatan,2,0,win,FURIA|FURIA,1566.9,1584.3,1419.8,1402.4,17.4,17.4,False
LOLTMNT04_155512,2026-04-11 17:05:50,LEC,0,Movistar KOI,SK Gaming,2,0,win,Movistar KOI|Movistar KOI,1522.2,1543.3,1427.1,1405.9,21.1,21.1,False
LOLTMNT01_362850,2026-04-11 18:05:38,CBLOL,0,RED Canids,paiN Gaming,2,0,win,RED Canids|RED Canids,1579.4,1593.7,1384.3,1370.0,14.3,14.3,False
LOLTMNT01_362898,2026-04-11 20:08:26,LCS,0,Team Liquid,Shopify Rebellion,2,0,win,Team Liquid|Team Liquid,1518.3,1541.2,1446.3,1423.4,22.9,22.9,False
LOLTMNT01_362920,2026-04-11 21:54:03,LCS,0,LYON,Dignitas,2,1,win,Dignitas|LYON|LYON,1555.2,1556.4,1425.5,1424.2,1.2,1.2,False
LOLTMNT01_363276,2026-04-12 05:06:13,LJL,0,CAG OSAKA,Bamboo Juice,1,0,win,CAG OSAKA,1416.7,1433.3,1455.3,1438.6,16.7,16.7,False
LOLTMNT01_363277,2026-04-12 05:07:22,LJL,0,UTeSports,V3 Esports,1,0,win,UTeSports,1443.1,1453.9,1343.8,1333.0,10.8,10.8,False
LOLTMNT01_364020,2026-04-12 05:08:56,LJL,0,Inferno Drive Tokyo,Yang Yang Gaming,1,0,win,Inferno Drive Tokyo,1609.8,1618.8,1461.8,1452.8,9.0,9.0,False
LOLTMNT01_363280,2026-04-12 05:09:47,LJL,0,New Meta,VelbeliKaizokudan,1,0,win,New Meta,1585.9,1595.8,1462.8,1452.9,9.9,9.9,False
LOLTMNT01_364019,2026-04-12 05:10:07,LJL,0,Arneb,Fast8,1,0,win,Arneb,1521.2,1532.5,1432.5,1421.3,11.3,11.3,False
LOLTMNT01_364022,2026-04-12 05:12:21,LJL,0,NOVEX,VARREL YOUTH,1,0,win,NOVEX,1529.5,1543.6,1507.7,1493.6,14.1,14.1,False
LOLTMNT01_364042,2026-04-12 06:08:33,LJL,0,Arneb,Bamboo Juice,1,0,win,Arneb,1532.5,1543.5,1438.6,1427.6,11.0,11.0,False
LOLTMNT01_363292,2026-04-12 06:11:15,LJL,0,CAG OSAKA,Yang Yang Gaming,1,0,win,CAG OSAKA,1433.3,1449.2,1452.8,1436.9,15.8,15.8,False
LOLTMNT01_364044,2026-04-12 06:13:24,LJL,0,New Meta,V3 Esports,1,0,win,New Meta,1595.8,1601.2,1333.0,1327.5,5.4,5.4,False
LOLTMNT01_363295,2026-04-12 06:13:33,LJL,0,Inferno Drive Tokyo,VARREL YOUTH,1,0,win,Inferno Drive Tokyo,1618.8,1628.6,1493.6,1483.8,9.8,9.8,False
LOLTMNT01_363294,2026-04-12 06:14:18,LJL,0,Uwinks,NOVEX,1,0,win,Uwinks,1505.6,1522.3,1543.6,1527.0,16.6,16.6,False
LOLTMNT01_364053,2026-04-12 06:19:36,LJL,0,Fast8,VelbeliKaizokudan,1,0,win,Fast8,1421.3,1437.6,1452.9,1436.6,16.4,16.4,False
LOLTMNT01_363319,2026-04-12 07:18:05,LJL,0,Arneb,Yang Yang Gaming,1,0,win,Arneb,1543.5,1554.1,1436.9,1426.4,10.5,10.5,False
LOLTMNT01_363320,2026-04-12 07:18:53,LJL,0,New Meta,UTeSports,1,0,win,New Meta,1601.2,1610.2,1453.9,1444.9,9.0,9.0,False
LOLTMNT01_364075,2026-04-12 07:19:10,LJL,0,Fast8,V3 Esports,1,0,win,Fast8,1437.6,1448.0,1327.5,1317.1,10.4,10.4,False
LOLTMNT01_363321,2026-04-12 07:19:55,LJL,0,Uwinks,Inferno Drive Tokyo,1,0,win,Uwinks,1522.3,1541.7,1628.6,1609.2,19.5,19.5,True
LOLTMNT01_363322,2026-04-12 07:20:48,LJL,0,VARREL YOUTH,CAG OSAKA,1,0,win,VARREL YOUTH,1483.8,1497.3,1449.2,1435.7,13.5,13.5,False
LOLTMNT01_364076,2026-04-12 07:21:15,LJL,0,VelbeliKaizokudan,Bamboo Juice,1,0,win,VelbeliKaizokudan,1436.6,1451.2,1427.6,1413.0,14.6,14.6,False
LOLTMNT01_364097,2026-04-12 08:05:05,LCK,0,BNK FEARX,DN SOOPers,2,0,win,BNK FEARX|BNK FEARX,1494.6,1519.8,1451.8,1426.6,25.2,25.2,False
13221-13221_game_1,2026-04-12 09:13:07,LPL,0,LGD Gaming,Oh My God,2,1,win,Oh My God|LGD Gaming|LGD Gaming,1485.2,1499.3,1468.0,1453.9,14.1,14.1,False
LOLTMNT01_364122,2026-04-12 09:21:22,LCP,0,Fukuoka SoftBank HAWKS gaming,Ground Zero Gaming,2,0,win,Fukuoka SoftBank HAWKS gaming|Fukuoka SoftBank HAWKS gaming,1543.9,1569.5,1505.7,1480.1,25.6,25.6,False
LOLTMNT01_364137,2026-04-12 10:09:24,LCK,0,KT Rolster,HANJIN BRION,2,0,win,KT Rolster|KT Rolster,1538.4,1557.4,1415.1,1396.1,19.0,19.0,False
LOLTMNT01_363403,2026-04-12 11:43:21,LCP,0,Team Secret Whales,Deep Cross Gaming,2,0,win,Team Secret Whales|Team Secret Whales,1599.4,1623.2,1538.5,1514.7,23.8,23.8,False
13222-13222_game_1,2026-04-12 12:03:04,LPL,0,Bilibili Gaming,Weibo Gaming,2,0,win,Bilibili Gaming|Bilibili Gaming,1753.8,1763.6,1473.8,1464.0,9.7,9.7,False
LOLTMNT04_155589,2026-04-12 15:08:52,LEC,0,Team Vitality,Shifters,2,1,win,Shifters|Team Vitality|Team Vitality,1601.8,1601.0,1453.2,1454.0,-0.8,0.8,False
LOLTMNT01_364253,2026-04-12 16:10:37,CBLOL,0,Vivo Keyd Stars,Fluxo W7M,2,0,win,Vivo Keyd Stars|Vivo Keyd Stars,1448.3,1476.7,1443.6,1415.3,28.3,28.3,False
LOLTMNT04_156641,2026-04-12 17:50:27,LEC,0,Karmine Corp,Team Heretics,2,0,win,Karmine Corp|Karmine Corp,1605.0,1619.8,1419.0,1404.2,14.8,14.8,False
LOLTMNT01_363540,2026-04-12 18:02:55,CBLOL,0,LOUD,LØS,2,0,win,LOUD|LOUD,1539.7,1569.8,1557.0,1526.8,30.1,30.1,False
LOLTMNT01_363584,2026-04-12 20:11:56,LCS,0,FlyQuest,Disguised,2,0,win,FlyQuest|FlyQuest,1443.9,1475.6,1479.9,1448.2,31.7,31.7,False
LOLTMNT01_364361,2026-04-12 21:46:22,LCS,0,Cloud9,Sentinels,2,1,win,Cloud9|Sentinels|Cloud9,1612.7,1610.5,1470.4,1472.6,-2.2,2.2,False
LOLTMNT04_156669,2026-04-13 15:06:40,LEC,0,SK Gaming,Fnatic,2,0,win,SK Gaming|SK Gaming,1405.9,1438.1,1447.4,1415.3,32.1,32.1,False
LOLTMNT04_156685,2026-04-13 17:26:16,LEC,0,GiantX,Shifters,2,0,win,GiantX|GiantX,1519.4,1542.8,1454.0,1430.6,23.4,23.4,False
LOLTMNT01_363940,2026-04-13 21:10:33,CBLOL,0,FURIA,paiN Gaming,2,1,win,paiN Gaming|FURIA|FURIA,1584.3,1577.0,1370.0,1377.3,-7.2,7.2,False
LOLTMNT01_364000,2026-04-14 00:01:19,CBLOL,0,RED Canids,Leviatan,2,0,win,RED Canids|RED Canids,1593.7,1608.2,1402.4,1387.9,14.5,14.5,False
LOLTMNT01_365272,2026-04-14 18:07:58,EWC,0,LYON,Shopify Rebellion,2,0,win,LYON|LYON,1556.4,1574.8,1423.4,1405.0,18.3,18.3,False
LOLTMNT01_365317,2026-04-14 19:56:18,EWC,0,FlyQuest,Team Liquid,2,1,win,FlyQuest|Team Liquid|FlyQuest,1475.6,1497.2,1541.2,1519.6,21.5,21.5,False
LOLTMNT01_366097,2026-04-14 21:09:37,CBLOL,0,Vivo Keyd Stars,LØS,2,1,win,Vivo Keyd Stars|LØS|Vivo Keyd Stars,1476.7,1496.4,1526.8,1507.1,19.7,19.7,False
LOLTMNT01_365377,2026-04-14 23:56:01,CBLOL,0,Fluxo W7M,LOUD,2,1,win,LOUD|Fluxo W7M|Fluxo W7M,1415.3,1448.7,1569.8,1536.4,33.4,33.4,True
LOLTMNT01_365453,2026-04-15 08:04:27,LCK,0,Nongshim RedForce,BNK FEARX,2,0,win,Nongshim RedForce|Nongshim RedForce,1435.1,1470.8,1519.8,1484.2,35.6,35.6,True
13223-13223_game_1,2026-04-15 09:12:33,LPL,0,ThunderTalk Gaming,Ultra Prime,2,0,win,ThunderTalk Gaming|ThunderTalk Gaming,1355.6,1389.2,1414.3,1380.7,33.5,33.5,False
LOLTMNT01_366241,2026-04-15 10:10:22,LCK,0,KT Rolster,Dplus Kia,2,1,win,Dplus Kia|KT Rolster|KT Rolster,1557.4,1569.7,1524.3,1512.0,12.3,12.3,False
13224-13224_game_1,2026-04-15 11:14:10,LPL,0,Weibo Gaming,Invictus Gaming,2,1,win,Invictus Gaming|Weibo Gaming|Weibo Gaming,1464.0,1486.5,1517.8,1495.3,22.5,22.5,False
LOLTMNT01_366395,2026-04-15 18:07:29,EWC,0,Cloud9,Dignitas,2,0,win,Cloud9|Cloud9,1610.5,1625.3,1424.2,1409.4,14.8,14.8,False
LOLTMNT01_365660,2026-04-15 19:56:19,EWC,0,Sentinels,Disguised,2,0,win,Sentinels|Sentinels,1472.6,1499.3,1448.2,1421.5,26.7,26.7,False
LOLTMNT01_366570,2026-04-16 08:07:45,LCK,0,Gen.G,HANJIN BRION,2,0,win,Gen.G|Gen.G,1653.6,1664.4,1396.1,1385.3,10.8,10.8,False
13225-13225_game_1,2026-04-16 09:13:08,LPL,0,Anyone's Legend,Team WE,2,0,win,Anyone's Legend|Anyone's Legend,1521.9,1539.7,1380.8,1363.0,17.8,17.8,False
LOLTMNT01_366617,2026-04-16 10:19:53,LCK,0,Hanwha Life Esports,DN SOOPers,2,0,win,Hanwha Life Esports|Hanwha Life Esports,1504.8,1527.2,1426.6,1404.1,22.4,22.4,False
13226-13226_game_1,2026-04-16 11:32:14,LPL,0,Top Esports,Bilibili Gaming,2,0,win,Top Esports|Top Esports,1573.4,1616.8,1763.6,1720.2,43.4,43.4,True
LOLTMNT01_365961,2026-04-16 18:09:19,EWC,0,Team Liquid,Shopify Rebellion,2,0,win,Team Liquid|Team Liquid,1519.6,1539.3,1405.0,1385.4,19.7,19.7,False
LOLTMNT01_366756,2026-04-16 19:56:52,EWC,0,Disguised,Dignitas,2,0,win,Disguised|Disguised,1421.5,1449.2,1409.4,1381.7,27.7,27.7,False
LOLTMNT01_367097,2026-04-17 08:09:20,LCK,0,BNK FEARX,Kiwoom DRX,2,0,win,BNK FEARX|BNK FEARX,1484.2,1510.9,1459.8,1433.1,26.7,26.7,False
13227-13227_game_1,2026-04-17 09:11:55,LPL,0,ThunderTalk Gaming,Oh My God,2,1,win,Oh My God|ThunderTalk Gaming|ThunderTalk Gaming,1389.2,1412.9,1453.9,1430.1,23.7,23.7,False
LOLTMNT01_367128,2026-04-17 10:18:08,LCK,0,Dplus Kia,T1,2,1,win,Dplus Kia|T1|Dplus Kia,1512.0,1528.8,1537.2,1520.4,16.8,16.8,False
13228-13228_game_1,2026-04-17 12:10:59,LPL,0,Ninjas in Pyjamas,JD Gaming,2,0,win,Ninjas in Pyjamas|Ninjas in Pyjamas,1508.1,1542.5,1576.9,1542.6,34.4,34.4,False
LOLTMNT02_378586,2026-04-18 04:07:45,LJL,0,Yang Yang Gaming,VelbeliKaizokudan,1,0,win,Yang Yang Gaming,1426.4,1442.5,1451.2,1435.1,16.1,16.1,False
LOLTMNT02_380550,2026-04-18 04:08:41,LJL,0,Bamboo Juice,V3 Esports,1,0,win,Bamboo Juice,1413.0,1423.9,1317.1,1306.2,11.0,11.0,False
LOLTMNT02_378587,2026-04-18 04:10:48,LJL,0,Inferno Drive Tokyo,NOVEX,1,0,win,Inferno Drive Tokyo,1609.2,1620.7,1527.0,1515.4,11.5,11.5,False
LOLTMNT02_380552,2026-04-18 04:13:21,LJL,0,VARREL YOUTH,Arneb,1,0,win,VARREL YOUTH,1497.3,1514.7,1554.1,1536.6,17.4,17.4,False
LOLTMNT02_380553,2026-04-18 04:16:34,LJL,0,Uwinks,CAG OSAKA,1,0,win,Uwinks,1541.7,1552.3,1435.7,1425.1,10.6,10.6,False
LOLTMNT05_185041,2026-04-18 04:30:50,LJL,0,Fast8,UTeSports,1,0,win,Fast8,1448.0,1462.9,1444.9,1430.0,14.9,14.9,False
LOLTMNT02_380571,2026-04-18 05:20:52,LJL,0,VARREL YOUTH,VelbeliKaizokudan,1,0,win,VARREL YOUTH,1514.7,1526.4,1435.1,1423.5,11.6,11.6,False
LOLTMNT02_378596,2026-04-18 05:21:42,LJL,0,Bamboo Juice,UTeSports,1,0,win,Bamboo Juice,1423.9,1439.2,1430.0,1414.8,15.3,15.3,False
LOLTMNT02_378598,2026-04-18 05:23:11,LJL,0,Yang Yang Gaming,V3 Esports,1,0,win,Yang Yang Gaming,1442.5,1451.9,1306.2,1296.8,9.4,9.4,False
LOLTMNT02_380572,2026-04-18 05:23:47,LJL,0,Arneb,Uwinks,1,0,win,Arneb,1536.6,1552.3,1552.3,1536.6,15.7,15.7,False
LOLTMNT05_185044,2026-04-18 05:24:01,LJL,0,New Meta,Fast8,1,0,win,New Meta,1610.2,1619.2,1462.9,1453.9,9.0,9.0,False
LOLTMNT02_380576,2026-04-18 05:26:45,LJL,0,CAG OSAKA,NOVEX,1,0,win,CAG OSAKA,1425.1,1443.9,1515.4,1496.6,18.8,18.8,True
LOLTMNT02_378612,2026-04-18 06:26:10,LJL,0,Inferno Drive Tokyo,CAG OSAKA,1,0,win,Inferno Drive Tokyo,1620.7,1628.6,1443.9,1436.0,8.0,8.0,False
LOLTMNT02_380604,2026-04-18 06:27:03,LJL,0,Uwinks,VelbeliKaizokudan,1,0,win,Uwinks,1536.6,1546.9,1423.5,1413.2,10.3,10.3,False
LOLTMNT02_380605,2026-04-18 06:27:51,LJL,0,Arneb,NOVEX,1,0,win,Arneb,1552.3,1564.9,1496.6,1484.0,12.6,12.6,False
LOLTMNT02_378615,2026-04-18 06:28:50,LJL,0,New Meta,Bamboo Juice,1,0,win,New Meta,1619.2,1627.0,1439.2,1431.4,7.9,7.9,False
LOLTMNT02_378616,2026-04-18 06:28:59,LJL,0,V3 Esports,VARREL YOUTH,1,0,win,V3 Esports,1296.8,1320.5,1526.4,1502.7,23.7,23.7,True
LOLTMNT02_378617,2026-04-18 06:31:21,LJL,0,Yang Yang Gaming,UTeSports,1,0,win,Yang Yang Gaming,1451.9,1465.3,1414.8,1401.4,13.4,13.4,False
LOLTMNT02_380633,2026-04-18 07:24:38,LJL,0,Uwinks,V3 Esports,1,0,win,Uwinks,1546.9,1553.3,1320.5,1314.1,6.4,6.4,False
LOLTMNT02_378638,2026-04-18 07:25:37,LJL,0,New Meta,Yang Yang Gaming,1,0,win,New Meta,1627.0,1635.5,1465.3,1456.8,8.5,8.5,False
LOLTMNT02_380634,2026-04-18 07:25:40,LJL,0,Arneb,Inferno Drive Tokyo,1,0,win,Arneb,1564.9,1582.7,1628.6,1610.9,17.7,17.7,False
LOLTMNT02_378640,2026-04-18 07:27:35,LJL,0,VARREL YOUTH,UTeSports,1,0,win,VARREL YOUTH,1502.7,1513.4,1401.4,1390.6,10.7,10.7,False
LOLTMNT02_380637,2026-04-18 07:29:00,LJL,0,NOVEX,VelbeliKaizokudan,1,0,win,NOVEX,1484.0,1496.0,1413.2,1401.2,12.0,12.0,False
LOLTMNT02_378642,2026-04-18 07:31:34,LJL,0,Fast8,Bamboo Juice,1,0,win,Fast8,1453.9,1467.9,1431.4,1417.3,14.0,14.0,False
LOLTMNT01_368128,2026-04-18 08:07:24,LCK,0,Hanwha Life Esports,Gen.G,2,0,win,Hanwha Life Esports|Hanwha Life Esports,1527.2,1566.9,1664.4,1624.7,39.7,39.7,True
13229-13229_game_1,2026-04-18 09:14:31,LPL,0,Bilibili Gaming,Invictus Gaming,2,1,win,Bilibili Gaming|Invictus Gaming|Bilibili Gaming,1720.2,1710.2,1495.3,1505.2,-9.9,9.9,False
LOLTMNT02_378671,2026-04-18 09:26:51,LCP,0,Deep Cross Gaming,CTBC Flying Oyster,2,1,win,Deep Cross Gaming|CTBC Flying Oyster|Deep Cross Gaming,1514.7,1520.2,1443.0,1437.6,5.5,5.5,False
LOLTMNT01_368165,2026-04-18 10:19:42,LCK,0,KT Rolster,DN SOOPers,2,0,win,KT Rolster|KT Rolster,1569.7,1585.8,1404.1,1388.0,16.1,16.1,False
13230-13230_game_1,2026-04-18 12:14:22,LPL,0,JD Gaming,Weibo Gaming,2,1,win,Weibo Gaming|JD Gaming|JD Gaming,1542.6,1552.1,1486.5,1476.9,9.6,9.6,False
LOLTMNT02_378714,2026-04-18 12:17:58,LCP,0,MVK Esports,DetonatioN FocusMe,2,0,win,MVK Esports|MVK Esports,1467.9,1485.9,1329.9,1311.9,18.0,18.0,False
LOLTMNT05_185066,2026-04-18 15:07:28,LEC,0,Natus Vincere,GiantX,2,1,win,GiantX|Natus Vincere|Natus Vincere,1525.1,1543.3,1542.8,1524.5,18.3,18.3,False
LOLTMNT02_380819,2026-04-18 16:11:01,CBLOL,0,Fluxo W7M,FURIA,2,0,win,Fluxo W7M|Fluxo W7M,1448.7,1487.7,1577.0,1538.0,39.0,39.0,True
LOLTMNT05_185085,2026-04-18 17:51:56,LEC,0,G2 Esports,SK Gaming,2,0,win,G2 Esports|G2 Esports,1634.0,1648.2,1438.1,1423.9,14.2,14.2,False
LOLTMNT02_378819,2026-04-18 17:53:25,CBLOL,0,LØS,paiN Gaming,2,1,win,paiN Gaming|LØS|LØS,1507.1,1508.3,1377.3,1376.0,1.2,1.2,False
LOLTMNT02_380889,2026-04-18 20:07:45,LCS,0,Cloud9,Disguised,2,0,win,Cloud9|Cloud9,1625.3,1640.8,1449.2,1433.8,15.4,15.4,False
LOLTMNT02_378891,2026-04-18 21:34:17,LCS,0,Sentinels,FlyQuest,2,1,win,Sentinels|FlyQuest|Sentinels,1499.3,1512.9,1497.2,1483.6,13.6,13.6,False
LOLTMNT02_378933,2026-04-19 04:07:35,LJL,0,Inferno Drive Tokyo,VelbeliKaizokudan,1,0,win,Inferno Drive Tokyo,1610.9,1617.8,1401.2,1394.3,6.9,6.9,False
LOLTMNT02_380978,2026-04-19 04:08:59,LJL,0,Fast8,Yang Yang Gaming,1,0,win,Fast8,1467.9,1482.4,1456.8,1442.3,14.5,14.5,False
LOLTMNT02_378932,2026-04-19 04:09:26,LJL,0,Uwinks,UTeSports,1,0,win,Uwinks,1553.3,1561.7,1390.6,1382.2,8.4,8.4,False
LOLTMNT02_380980,2026-04-19 04:09:38,LJL,0,NOVEX,V3 Esports,1,0,win,NOVEX,1496.0,1503.8,1314.1,1306.3,7.8,7.8,False
LOLTMNT02_378934,2026-04-19 04:10:23,LJL,0,VARREL YOUTH,New Meta,1,0,win,VARREL YOUTH,1513.4,1533.5,1635.5,1615.4,20.1,20.1,True
LOLTMNT02_378935,2026-04-19 04:11:57,LJL,0,Arneb,CAG OSAKA,1,0,win,Arneb,1582.7,1591.7,1436.0,1426.9,9.0,9.0,False
LOLTMNT02_378941,2026-04-19 05:06:32,LJL,0,Inferno Drive Tokyo,V3 Esports,1,0,win,Inferno Drive Tokyo,1617.8,1622.1,1306.3,1302.0,4.3,4.3,False
LOLTMNT02_380994,2026-04-19 05:07:13,LJL,0,Yang Yang Gaming,Bamboo Juice,1,0,win,Yang Yang Gaming,1442.3,1456.2,1417.3,1403.4,13.9,13.9,False
LOLTMNT02_380993,2026-04-19 05:08:11,LJL,0,VelbeliKaizokudan,CAG OSAKA,1,0,win,VelbeliKaizokudan,1394.3,1410.7,1426.9,1410.5,16.4,16.4,False
LOLTMNT02_378942,2026-04-19 05:09:57,LJL,0,NOVEX,UTeSports,1,0,win,NOVEX,1503.8,1513.7,1382.2,1372.2,10.0,10.0,False
LOLTMNT02_380995,2026-04-19 05:12:20,LJL,0,New Meta,Uwinks,1,0,win,New Meta,1615.4,1628.1,1561.7,1549.0,12.7,12.7,False
LOLTMNT02_378943,2026-04-19 05:13:23,LJL,0,VARREL YOUTH,Fast8,1,0,win,VARREL YOUTH,1533.5,1546.3,1482.4,1469.6,12.8,12.8,False
LOLTMNT02_378954,2026-04-19 06:11:09,LJL,0,VARREL YOUTH,Inferno Drive Tokyo,1,0,win,VARREL YOUTH,1546.3,1564.5,1622.1,1603.9,18.2,18.2,True
LOLTMNT02_378970,2026-04-19 07:18:31,LJL,0,Uwinks,VARREL YOUTH,1,0,win,Uwinks,1549.0,1564.7,1564.5,1548.8,15.7,15.7,False
LOLTMNT01_368322,2026-04-19 08:06:04,LCK,0,Nongshim RedForce,HANJIN BRION,2,1,win,HANJIN BRION|Nongshim RedForce|Nongshim RedForce,1470.8,1476.9,1385.3,1379.1,6.2,6.2,False
13231-13231_game_1,2026-04-19 09:12:01,LPL,0,Top Esports,Invictus Gaming,2,0,win,Top Esports|Top Esports,1616.8,1636.7,1505.2,1485.3,19.9,19.9,False
LOLTMNT02_378992,2026-04-19 09:21:46,LCP,0,Team Secret Whales,Fukuoka SoftBank HAWKS gaming,2,1,win,Fukuoka SoftBank HAWKS gaming|Team Secret Whales|Team Secret Whales,1623.2,1633.0,1569.5,1559.7,9.8,9.8,False
13232-13232_game_1,2026-04-19 11:22:40,LPL,0,Bilibili Gaming,Anyone's Legend,2,0,win,Bilibili Gaming|Bilibili Gaming,1710.2,1726.0,1539.7,1523.9,15.8,15.8,False
LOLTMNT01_368366,2026-04-19 11:23:50,LCK,0,T1,Kiwoom DRX,2,0,win,T1|T1,1520.4,1542.1,1433.1,1411.3,21.7,21.7,False
LOLTMNT02_382079,2026-04-19 12:40:46,LCP,0,GAM Esports,Ground Zero Gaming,2,0,win,GAM Esports|GAM Esports,1475.9,1504.9,1480.1,1451.1,29.1,29.1,False
LOLTMNT05_185104,2026-04-19 15:08:47,LEC,0,Team Vitality,GiantX,2,0,win,Team Vitality|Team Vitality,1601.0,1623.5,1524.5,1502.0,22.6,22.6,False
LOLTMNT02_382172,2026-04-19 16:10:45,CBLOL,0,Leviatan,LOUD,2,1,win,LOUD|Leviatan|Leviatan,1387.9,1420.8,1536.4,1503.6,32.8,32.8,True
LOLTMNT05_186082,2026-04-19 16:58:43,LEC,0,Movistar KOI,Team Heretics,2,0,win,Movistar KOI|Movistar KOI,1543.3,1561.2,1404.2,1386.3,17.9,17.9,False
LOLTMNT02_382217,2026-04-19 18:58:29,CBLOL,0,RED Canids,Vivo Keyd Stars,2,1,win,Vivo Keyd Stars|RED Canids|RED Canids,1608.2,1611.4,1496.4,1493.2,3.2,3.2,False
LOLTMNT02_381247,2026-04-19 20:07:34,LCS,0,LYON,Shopify Rebellion,2,0,win,LYON|LYON,1574.8,1589.4,1385.4,1370.8,14.6,14.6,False
LOLTMNT02_381269,2026-04-19 21:49:48,LCS,0,Team Liquid,Dignitas,2,1,win,Team Liquid|Dignitas|Team Liquid,1539.3,1535.6,1381.7,1385.5,-3.7,3.7,False
LOLTMNT05_186098,2026-04-20 15:08:33,LEC,0,G2 Esports,Shifters,2,0,win,G2 Esports|G2 Esports,1648.2,1661.2,1430.6,1417.6,12.9,12.9,False
LOLTMNT05_185144,2026-04-20 17:18:17,LEC,0,Karmine Corp,SK Gaming,2,0,win,Karmine Corp|Karmine Corp,1619.8,1634.0,1423.9,1409.6,14.2,14.2,False
LOLTMNT02_384018,2026-04-21 18:11:44,EWC,0,FlyQuest,LYON,2,0,win,FlyQuest|FlyQuest,1483.6,1520.9,1589.4,1552.1,37.3,37.3,True
LOLTMNT02_384081,2026-04-21 20:09:41,EWC,0,Sentinels,Cloud9,2,0,win,Sentinels|Sentinels,1512.9,1551.9,1640.8,1601.8,39.0,39.0,True
LOLTMNT02_384269,2026-04-22 08:04:37,LCK,0,KT Rolster,Kiwoom DRX,2,0,win,KT Rolster|KT Rolster,1585.8,1601.3,1411.3,1395.8,15.6,15.6,False
13233-13233_game_1,2026-04-22 09:14:11,LPL,0,Weibo Gaming,Team WE,2,0,win,Weibo Gaming|Weibo Gaming,1476.9,1496.7,1363.0,1343.3,19.7,19.7,False
LOLTMNT02_383315,2026-04-22 10:16:00,LCK,0,Hanwha Life Esports,Nongshim RedForce,2,1,win,Hanwha Life Esports|Nongshim RedForce|Hanwha Life Esports,1566.9,1570.3,1476.9,1473.5,3.4,3.4,False
13234-13234_game_1,2026-04-22 11:17:14,LPL,0,Anyone's Legend,Ninjas in Pyjamas,2,0,win,Anyone's Legend|Anyone's Legend,1523.9,1554.1,1542.5,1512.2,30.2,30.2,False
LOLTMNT02_384557,2026-04-22 18:06:55,EWC,0,Team Liquid,Cloud9,2,0,win,Team Liquid|Team Liquid,1535.6,1569.7,1601.8,1567.6,34.1,34.1,False
LOLTMNT02_384602,2026-04-22 19:46:05,EWC,0,LYON,Disguised,2,0,win,LYON|LYON,1552.1,1571.5,1433.8,1414.4,19.4,19.4,False
LOLTMNT05_186248,2026-04-23 08:05:27,LCK,0,Dplus Kia,HANJIN BRION,2,0,win,Dplus Kia|Dplus Kia,1528.8,1546.0,1379.1,1361.9,17.2,17.2,False
13235-13235_game_1,2026-04-23 09:12:44,LPL,0,LGD Gaming,EDward Gaming,2,0,win,LGD Gaming|LGD Gaming,1499.3,1531.4,1540.2,1508.2,32.1,32.1,False
LOLTMNT05_186273,2026-04-23 10:15:14,LCK,0,Gen.G,DN SOOPers,2,0,win,Gen.G|Gen.G,1624.7,1636.6,1388.0,1376.1,11.9,11.9,False
13236-13236_game_1,2026-04-23 11:49:04,LPL,0,Ninjas in Pyjamas,Bilibili Gaming,2,0,win,Ninjas in Pyjamas|Ninjas in Pyjamas,1512.2,1557.2,1726.0,1681.1,44.9,44.9,True
LOLTMNT02_385198,2026-04-23 18:09:49,EWC,0,Sentinels,FlyQuest,2,1,win,Sentinels|FlyQuest|Sentinels,1551.9,1562.0,1520.9,1510.7,10.2,10.2,False
LOLTMNT02_386212,2026-04-23 20:58:38,EWC,0,Team Liquid,LYON,2,0,win,Team Liquid|Team Liquid,1569.7,1598.6,1571.5,1542.6,28.9,28.9,False
LOLTMNT05_185400,2026-04-24 08:07:08,LCK,0,KT Rolster,BNK FEARX,2,0,win,KT Rolster|KT Rolster,1601.3,1622.8,1510.9,1489.4,21.5,21.5,False
13237-13237_game_1,2026-04-24 09:13:50,LPL,0,LNG Esports,Oh My God,2,0,win,LNG Esports|LNG Esports,1557.1,1575.9,1430.1,1411.4,18.8,18.8,False
LOLTMNT05_186436,2026-04-24 10:32:53,LCK,0,Hanwha Life Esports,Kiwoom DRX,2,0,win,Hanwha Life Esports|Hanwha Life Esports,1570.3,1585.8,1395.8,1380.2,15.6,15.6,False
13238-13238_game_1,2026-04-24 11:19:04,LPL,0,JD Gaming,Invictus Gaming,2,0,win,JD Gaming|JD Gaming,1552.1,1575.5,1485.3,1462.0,23.3,23.3,False
LOLTMNT05_186470,2026-04-24 15:13:43,LEC,0,Fnatic,Shifters,2,0,win,Fnatic|Fnatic,1415.3,1444.2,1417.6,1388.7,28.9,28.9,False
LOLTMNT05_185468,2026-04-24 17:45:31,LEC,0,Karmine Corp,Natus Vincere,2,0,win,Karmine Corp|Karmine Corp,1634.0,1655.5,1543.3,1521.9,21.5,21.5,False
13239-13239_game_1,2026-04-25 07:14:50,LPL,0,Top Esports,Ninjas in Pyjamas,2,0,win,Top Esports|Top Esports,1636.7,1659.0,1557.2,1534.8,22.3,22.3,False
LOLTMNT02_388457,2026-04-25 08:07:29,LCK,0,T1,HANJIN BRION,2,0,win,T1|T1,1542.1,1557.3,1361.9,1346.7,15.2,15.2,False
LOLTMNT02_387639,2026-04-25 09:16:43,LCP,0,GAM Esports,DetonatioN FocusMe,2,1,win,GAM Esports|DetonatioN FocusMe|GAM Esports,1504.9,1497.8,1311.9,1319.1,-7.1,7.1,False
13240-13240_game_1,2026-04-25 09:18:25,LPL,0,JD Gaming,Team WE,2,0,win,JD Gaming|JD Gaming,1575.5,1587.6,1343.3,1331.1,12.1,12.1,False
LOLTMNT05_185498,2026-04-25 10:52:42,LCK,0,Dplus Kia,DN SOOPers,2,0,win,Dplus Kia|Dplus Kia,1546.0,1561.9,1376.1,1360.3,15.8,15.8,False
13241-13241_game_1,2026-04-25 11:20:53,LPL,0,Anyone's Legend,Weibo Gaming,2,1,win,Anyone's Legend|Weibo Gaming|Anyone's Legend,1554.1,1561.2,1496.7,1489.6,7.1,7.1,False
LOLTMNT02_387764,2026-04-25 12:29:09,LCP,0,Team Secret Whales,Ground Zero Gaming,2,0,win,Team Secret Whales|Team Secret Whales,1633.0,1648.1,1451.1,1436.0,15.1,15.1,False
LOLTMNT05_186550,2026-04-25 15:17:05,LEC,0,Natus Vincere,Fnatic,2,1,win,Fnatic|Natus Vincere|Natus Vincere,1521.9,1528.9,1444.2,1437.2,7.1,7.1,False
LOLTMNT02_387934,2026-04-25 16:10:07,CBLOL,0,RED Canids,LØS,2,0,win,RED Canids|RED Canids,1611.4,1631.9,1508.3,1487.8,20.5,20.5,False
LOLTMNT02_387999,2026-04-25 17:59:25,CBLOL,0,Fluxo W7M,paiN Gaming,2,0,win,Fluxo W7M|Fluxo W7M,1487.7,1507.6,1376.0,1356.2,19.9,19.9,False
LOLTMNT05_185539,2026-04-25 18:46:53,LEC,0,Karmine Corp,Shifters,2,1,win,Karmine Corp|Shifters|Karmine Corp,1655.5,1642.2,1388.7,1402.0,-13.3,13.3,False
LOLTMNT02_389093,2026-04-25 20:09:02,LCS,0,FlyQuest,Dignitas,2,0,win,FlyQuest|FlyQuest,1510.7,1529.6,1385.5,1366.6,18.9,18.9,False
LOLTMNT02_389144,2026-04-25 22:08:21,LCS,0,Cloud9,Shopify Rebellion,2,0,win,Cloud9|Cloud9,1567.6,1581.8,1370.8,1356.6,14.2,14.2,False
LOLTMNT02_390173,2026-04-26 08:06:17,LCK,0,T1,BNK FEARX,2,0,win,T1|T1,1557.3,1580.5,1489.4,1466.2,23.2,23.2,False
13242-13242_game_1,2026-04-26 09:12:56,LPL,0,Ultra Prime,LGD Gaming,2,0,win,Ultra Prime|Ultra Prime,1380.7,1421.4,1531.4,1490.7,40.7,40.7,True
LOLTMNT02_389380,2026-04-26 09:23:18,LCP,0,Fukuoka SoftBank HAWKS gaming,Deep Cross Gaming,2,0,win,Fukuoka SoftBank HAWKS gaming|Fukuoka SoftBank HAWKS gaming,1559.7,1585.2,1520.2,1494.7,25.5,25.5,False
LOLTMNT05_185559,2026-04-26 10:15:14,LCK,0,Gen.G,Nongshim RedForce,2,0,win,Gen.G|Gen.G,1636.6,1652.9,1473.5,1457.2,16.3,16.3,False
13243-13243_game_1,2026-04-26 11:30:40,LPL,0,Bilibili Gaming,Weibo Gaming,2,0,win,Bilibili Gaming|Bilibili Gaming,1681.1,1695.6,1489.6,1475.1,14.5,14.5,False
LOLTMNT02_389437,2026-04-26 11:41:25,LCP,0,MVK Esports,CTBC Flying Oyster,2,0,win,MVK Esports|MVK Esports,1485.9,1510.7,1437.6,1412.8,24.8,24.8,False
LOLTMNT05_185596,2026-04-26 15:15:52,LEC,0,Natus Vincere,Shifters,2,1,win,Natus Vincere|Shifters|Natus Vincere,1528.9,1528.3,1402.0,1402.6,-0.6,0.6,False
LOLTMNT02_389612,2026-04-26 16:10:23,CBLOL,0,FURIA,LOUD,2,1,win,LOUD|FURIA|FURIA,1538.0,1550.1,1503.6,1491.4,12.1,12.1,False
LOLTMNT05_185611,2026-04-26 18:35:23,LEC,0,Karmine Corp,Fnatic,2,1,win,Fnatic|Karmine Corp|Karmine Corp,1642.2,1635.8,1437.2,1443.6,-6.4,6.4,False
LOLTMNT02_390565,2026-04-26 18:57:12,CBLOL,0,Vivo Keyd Stars,Leviatan,2,0,win,Vivo Keyd Stars|Vivo Keyd Stars,1493.2,1516.1,1420.8,1397.9,22.9,22.9,False
LOLTMNT02_390611,2026-04-26 20:07:03,LCS,0,LYON,Disguised,2,0,win,LYON|LYON,1542.6,1561.3,1414.4,1395.7,18.7,18.7,False
LOLTMNT02_390637,2026-04-26 21:56:04,LCS,0,Team Liquid,Sentinels,2,1,win,Team Liquid|Sentinels|Team Liquid,1598.6,1608.1,1562.0,1552.5,9.5,9.5,False
LOLTMNT02_389855,2026-04-27 09:05:56,PCS,0,Frank Esports,Xu Ji Basalt,2,0,win,Frank Esports|Frank Esports,1500.0,1528.7,1500.0,1471.3,28.7,28.7,False
LOLTMNT02_390751,2026-04-27 09:09:06,PCS,0,SillySilly Gaming,One Round Specialists,2,0,win,SillySilly Gaming|SillySilly Gaming,1500.0,1528.7,1500.0,1471.3,28.7,28.7,False
LOLTMNT02_389864,2026-04-27 10:36:42,PCS,0,SillySilly Gaming,Frank Esports,2,0,win,SillySilly Gaming|SillySilly Gaming,1528.7,1557.4,1528.7,1500.0,28.7,28.7,False
LOLTMNT02_390775,2026-04-27 10:39:22,PCS,0,One Round Specialists,Xu Ji Basalt,2,0,win,One Round Specialists|One Round Specialists,1471.3,1500.0,1471.3,1442.6,28.7,28.7,False
LOLTMNT02_390822,2026-04-27 12:39:58,PCS,0,Frank Esports,One Round Specialists,2,0,win,Frank Esports|Frank Esports,1500.0,1528.7,1500.0,1471.3,28.7,28.7,False
LOLTMNT02_392115,2026-04-28 09:05:22,PCS,0,CTBC Flying Oyster Academy,Shadow Keepers Esports,2,1,win,Shadow Keepers Esports|CTBC Flying Oyster Academy|CTBC Flying Oyster Academy,1500.0,1516.2,1500.0,1483.8,16.2,16.2,False
13244-13244_game_1,2026-04-28 09:13:28,LPL,0,Anyone's Legend,Invictus Gaming,2,0,win,Anyone's Legend|Anyone's Legend,1561.2,1582.0,1462.0,1441.2,20.8,20.8,False
13245-13245_game_1,2026-04-28 11:23:55,LPL,0,Weibo Gaming,Top Esports,2,0,win,Weibo Gaming|Weibo Gaming,1475.1,1518.1,1659.0,1616.0,43.0,43.0,True
LOLTMNT02_391258,2026-04-28 11:41:19,PCS,0,SillySilly Gaming,Equinox Core,2,0,win,SillySilly Gaming|SillySilly Gaming,1557.4,1581.5,1500.0,1476.0,24.0,24.0,False
LOLTMNT05_186701,2026-04-28 15:02:09,EWC,0,Natus Vincere,Galions,2,0,win,Natus Vincere|Natus Vincere,1528.3,1554.7,1500.0,1473.6,26.4,26.4,False
LOLTMNT05_186703,2026-04-28 15:16:33,EWC,0,Fnatic,Shifters,2,1,win,Fnatic|Shifters|Fnatic,1443.6,1452.6,1402.6,1393.6,9.0,9.0,False
LOLTMNT05_185697,2026-04-28 16:47:38,EWC,0,Team Vitality,Solary,2,1,win,Team Vitality|Solary|Team Vitality,1623.5,1623.3,1500.0,1500.2,-0.2,0.2,False
LOLTMNT02_392387,2026-04-28 18:18:26,EWC,0,FlyQuest,Team Liquid,2,1,win,FlyQuest|Team Liquid|FlyQuest,1529.6,1552.6,1608.1,1585.0,23.0,23.0,True
LOLTMNT02_391455,2026-04-28 18:26:35,EWC,0,SK Gaming,Team Heretics,2,0,win,SK Gaming|SK Gaming,1409.6,1436.4,1386.3,1359.5,26.8,26.8,False
LOLTMNT05_185757,2026-04-29 08:05:12,LCK,0,T1,Nongshim RedForce,2,0,win,T1|T1,1580.5,1599.5,1457.2,1438.2,19.0,19.0,False
LOLTMNT02_392512,2026-04-29 08:09:27,LJL,1,Uwinks,DetonatioN FocusMe Academy,2,1,win,DetonatioN FocusMe Academy|Uwinks|Uwinks,1564.7,1573.0,1497.3,1489.1,8.2,8.2,False
LOLTMNT02_391650,2026-04-29 09:07:33,PCS,0,wangting,Ground Zero Academy,2,0,win,wangting|wangting,1500.0,1528.7,1500.0,1471.3,28.7,28.7,False
13246-13246_game_1,2026-04-29 09:19:47,LPL,0,JD Gaming,Ninjas in Pyjamas,2,0,win,JD Gaming|JD Gaming,1587.6,1612.0,1534.8,1510.4,24.4,24.4,False
LOLTMNT05_185774,2026-04-29 10:15:19,LCK,0,Hanwha Life Esports,KT Rolster,2,0,win,Hanwha Life Esports|Hanwha Life Esports,1585.8,1617.6,1622.8,1591.1,31.8,31.8,False
LOLTMNT02_391681,2026-04-29 10:53:20,PCS,0,Frank Esports,Viper Night Raider,2,0,win,Frank Esports|Frank Esports,1528.7,1555.1,1500.0,1473.6,26.4,26.4,False
LOLTMNT02_392561,2026-04-29 11:13:37,LJL,1,L Guide Gaming,Rising Gaming,2,1,win,Rising Gaming|L Guide Gaming|L Guide Gaming,1587.0,1606.5,1615.2,1595.7,19.5,19.5,False
13247-13247_game_1,2026-04-29 11:33:11,LPL,0,Bilibili Gaming,Team WE,2,0,win,Bilibili Gaming|Bilibili Gaming,1695.6,1702.0,1331.1,1324.7,6.4,6.4,False
LOLTMNT05_185795,2026-04-29 15:01:23,EWC,0,Natus Vincere,GiantX,2,0,win,Natus Vincere|Natus Vincere,1554.7,1579.1,1502.0,1477.6,24.4,24.4,False
LOLTMNT05_186793,2026-04-29 15:03:39,EWC,0,G2 Esports,Fnatic,2,0,win,G2 Esports|G2 Esports,1661.2,1674.6,1452.6,1439.1,13.5,13.5,False
LOLTMNT05_185811,2026-04-29 16:53:51,EWC,0,Karmine Corp,SK Gaming,2,0,win,Karmine Corp|Karmine Corp,1635.8,1649.8,1436.4,1422.4,14.0,14.0,False
LOLTMNT05_185812,2026-04-29 16:56:07,EWC,0,Movistar KOI,Team Vitality,2,1,win,Movistar KOI|Team Vitality|Movistar KOI,1561.2,1582.4,1623.3,1602.2,21.1,21.1,False
LOLTMNT02_391914,2026-04-29 18:13:35,EWC,0,Sentinels,FlyQuest,3,1,win,Sentinels|Sentinels|FlyQuest|Sentinels,1552.5,1577.8,1552.6,1527.3,25.3,25.3,False
LOLTMNT02_394110,2026-04-30 08:06:44,LCK,0,Gen.G,Kiwoom DRX,2,1,win,Gen.G|Kiwoom DRX|Gen.G,1652.9,1639.2,1380.2,1393.9,-13.7,13.7,False
LOLTMNT02_395075,2026-04-30 08:09:10,LJL,1,FENNEL,RAYN Clocks,2,0,win,FENNEL|FENNEL,1715.4,1732.8,1569.1,1551.6,17.4,17.4,False
13248-13248_game_1,2026-04-30 09:13:37,LPL,0,LGD Gaming,ThunderTalk Gaming,2,1,win,ThunderTalk Gaming|LGD Gaming|LGD Gaming,1490.7,1497.8,1412.9,1405.9,7.0,7.0,False
LOLTMNT02_394130,2026-04-30 10:05:10,LJL,1,Arneb,New Meta,2,1,win,Arneb|New Meta|Arneb,1591.7,1609.8,1628.1,1610.0,18.1,18.1,False
LOLTMNT02_394154,2026-04-30 11:13:48,LCK,0,Dplus Kia,BNK FEARX,2,0,win,Dplus Kia|Dplus Kia,1561.9,1582.9,1466.2,1445.1,21.1,21.1,False
13249-13249_game_1,2026-04-30 12:06:50,LPL,0,EDward Gaming,Ultra Prime,2,1,win,EDward Gaming|Ultra Prime|EDward Gaming,1508.2,1511.9,1421.4,1417.6,3.8,3.8,False
LOLTMNT05_187042,2026-04-30 15:04:33,EWC,0,Galions,SK Gaming,2,0,win,Galions|Galions,1473.6,1498.2,1422.4,1397.9,24.5,24.5,False
LOLTMNT05_187041,2026-04-30 15:05:05,EWC,0,Shifters,Team Vitality,2,0,win,Shifters|Shifters,1393.6,1438.2,1602.2,1557.6,44.6,44.6,True
LOLTMNT05_187067,2026-04-30 16:48:08,EWC,0,Solary,Fnatic,2,0,win,Solary|Solary,1500.2,1524.0,1439.1,1415.3,23.8,23.8,False
LOLTMNT05_188051,2026-04-30 17:05:14,EWC,0,GiantX,Team Heretics,2,0,win,GiantX|GiantX,1477.6,1497.0,1359.5,1340.1,19.4,19.4,False
LOLTMNT02_395369,2026-05-01 08:06:11,LCK,0,HANJIN BRION,DN SOOPers,2,0,win,HANJIN BRION|HANJIN BRION,1346.7,1376.5,1360.3,1330.4,29.8,29.8,False
LOLTMNT02_394362,2026-05-01 08:12:17,LJL,1,FENNEL,DetonatioN FocusMe Academy,2,0,win,FENNEL|FENNEL,1732.8,1744.4,1489.1,1477.6,11.5,11.5,False
13250-13250_game_1,2026-05-01 09:14:43,LPL,0,Anyone's Legend,Top Esports,2,0,win,Anyone's Legend|Anyone's Legend,1582.0,1613.5,1616.0,1584.5,31.5,31.5,False
LOLTMNT02_395390,2026-05-01 10:11:36,LJL,1,New Meta,L Guide Gaming,2,0,win,New Meta|New Meta,1610.0,1638.4,1606.5,1578.1,28.4,28.4,False
LOLTMNT02_395396,2026-05-01 10:22:34,LCK,0,Hanwha Life Esports,T1,2,1,win,Hanwha Life Esports|T1|Hanwha Life Esports,1617.6,1629.3,1599.5,1587.8,11.7,11.7,False
13251-13251_game_1,2026-05-01 11:34:18,LPL,0,Invictus Gaming,Weibo Gaming,2,1,win,Weibo Gaming|Invictus Gaming|Invictus Gaming,1441.2,1466.4,1518.1,1493.0,25.1,25.1,True
13252-13252_game_1,2026-05-02 07:12:44,LPL,0,JD Gaming,Team WE,2,1,win,Team WE|JD Gaming|JD Gaming,1612.0,1598.7,1324.7,1338.0,-13.3,13.3,False
LOLTMNT02_395585,2026-05-02 08:06:29,LCK,0,Gen.G,Dplus Kia,2,1,win,Gen.G|Dplus Kia|Gen.G,1639.2,1646.4,1582.9,1575.7,7.2,7.2,False
LOLTMNT01_369770,2026-05-02 09:19:22,LCP,0,MVK Esports,Ground Zero Gaming,2,0,win,MVK Esports|MVK Esports,1510.7,1533.4,1436.0,1413.3,22.7,22.7,False
13253-13253_game_1,2026-05-02 10:17:29,LPL,0,Top Esports,Weibo Gaming,2,0,win,Top Esports|Top Esports,1584.5,1605.9,1493.0,1471.6,21.4,21.4,False
LOLTMNT02_394554,2026-05-02 11:03:54,LCK,0,Kiwoom DRX,Nongshim RedForce,2,0,win,Kiwoom DRX|Kiwoom DRX,1393.9,1426.3,1438.2,1405.8,32.4,32.4,False
LOLTMNT01_369848,2026-05-02 11:17:30,LCP,0,GAM Esports,Deep Cross Gaming,2,1,win,Deep Cross Gaming|GAM Esports|GAM Esports,1497.8,1513.6,1494.7,1478.9,15.8,15.8,False
13254-13254_game_1,2026-05-02 12:18:27,LPL,0,Anyone's Legend,Invictus Gaming,2,0,win,Anyone's Legend|Anyone's Legend,1613.5,1630.9,1466.4,1449.0,17.4,17.4,False
LOLTMNT04_159184,2026-05-02 15:08:13,LEC,0,Fnatic,Team Heretics,2,0,win,Fnatic|Fnatic,1415.3,1438.0,1340.1,1317.4,22.6,22.6,False
LOLTMNT01_372029,2026-05-02 16:10:24,CBLOL,0,paiN Gaming,Leviatan,2,0,win,paiN Gaming|paiN Gaming,1356.2,1388.3,1397.9,1365.8,32.1,32.1,False
LOLTMNT04_159194,2026-05-02 16:58:51,LEC,0,Team Vitality,SK Gaming,2,1,win,Team Vitality|SK Gaming|Team Vitality,1557.6,1553.6,1397.9,1401.8,-3.9,3.9,False
LOLTMNT01_372135,2026-05-02 18:00:16,CBLOL,0,FURIA,RED Canids,2,1,win,RED Canids|FURIA|FURIA,1550.1,1575.8,1631.9,1606.2,25.7,25.7,True
LOLTMNT01_372225,2026-05-02 20:10:20,LCS,0,Cloud9,Dignitas,2,1,win,Cloud9|Dignitas|Cloud9,1581.8,1572.7,1366.6,1375.7,-9.1,9.1,False
LOLTMNT01_372303,2026-05-02 22:47:57,LCS,0,Team Liquid,Disguised,2,0,win,Team Liquid|Team Liquid,1585.0,1599.7,1395.7,1381.1,14.6,14.6,False
LOLTMNT02_395698,2026-05-03 08:05:43,LCK,0,HANJIN BRION,KT Rolster,2,0,win,HANJIN BRION|HANJIN BRION,1376.5,1421.5,1591.1,1546.1,45.0,45.0,True
13255-13255_game_1,2026-05-03 09:12:07,LPL,0,LNG Esports,ThunderTalk Gaming,2,1,win,LNG Esports|ThunderTalk Gaming|LNG Esports,1575.9,1571.0,1405.9,1410.8,-5.0,5.0,False
LOLTMNT01_372417,2026-05-03 09:22:40,LCP,0,Fukuoka SoftBank HAWKS gaming,DetonatioN FocusMe,2,1,win,Fukuoka SoftBank HAWKS gaming|DetonatioN FocusMe|Fukuoka SoftBank HAWKS gaming,1585.2,1571.9,1319.1,1332.3,-13.2,13.2,False
LOLTMNT02_395739,2026-05-03 10:24:27,LCK,0,BNK FEARX,DN SOOPers,2,0,win,BNK FEARX|BNK FEARX,1445.1,1464.8,1330.4,1310.8,19.7,19.7,False
13256-13256_game_1,2026-05-03 12:00:48,LPL,0,Bilibili Gaming,Ninjas in Pyjamas,2,1,win,Bilibili Gaming|Ninjas in Pyjamas|Bilibili Gaming,1702.0,1695.0,1510.4,1517.4,-7.0,7.0,False
LOLTMNT01_371607,2026-05-03 12:29:32,LCP,0,Team Secret Whales,CTBC Flying Oyster,2,1,win,CTBC Flying Oyster|Team Secret Whales|Team Secret Whales,1648.1,1639.0,1412.8,1421.9,-9.1,9.1,False
LOLTMNT04_159240,2026-05-03 15:08:24,LEC,0,Shifters,Team Heretics,2,0,win,Shifters|Shifters,1438.2,1457.4,1317.4,1298.2,19.2,19.2,False
LOLTMNT01_372643,2026-05-03 16:10:33,CBLOL,0,LØS,Fluxo W7M,2,1,win,LØS|Fluxo W7M|LØS,1487.8,1504.0,1507.6,1491.4,16.2,16.2,False
LOLTMNT04_159260,2026-05-03 17:08:21,LEC,0,G2 Esports,Natus Vincere,2,0,win,G2 Esports|G2 Esports,1674.6,1695.7,1579.1,1558.1,21.1,21.1,False
LOLTMNT01_371808,2026-05-03 18:38:53,CBLOL,0,LOUD,Vivo Keyd Stars,2,0,win,LOUD|LOUD,1491.4,1522.2,1516.1,1485.3,30.7,30.7,False
LOLTMNT01_371869,2026-05-03 20:08:44,LCS,0,LYON,Sentinels,2,0,win,LYON|LYON,1561.3,1591.4,1577.8,1547.7,30.1,30.1,False
LOLTMNT01_372810,2026-05-03 22:07:59,LCS,0,FlyQuest,Shopify Rebellion,2,1,win,FlyQuest|Shopify Rebellion|FlyQuest,1527.3,1522.3,1356.6,1361.6,-5.0,5.0,False
LOLTMNT01_372948,2026-05-04 07:16:19,EWC,0,DN SOOPers,Kiwoom DRX,2,1,win,Kiwoom DRX|DN SOOPers|DN SOOPers,1310.8,1340.2,1426.3,1396.9,29.4,29.4,True
LOLTMNT01_372979,2026-05-04 08:13:08,LJL,1,Rising Gaming,Arneb,2,1,win,Arneb|Rising Gaming|Rising Gaming,1595.7,1613.6,1609.8,1592.0,17.8,17.8,False
LOLTMNT01_374008,2026-05-04 10:12:08,EWC,0,BNK FEARX,KT Rolster,2,0,win,BNK FEARX|BNK FEARX,1464.8,1500.2,1546.1,1510.7,35.4,35.4,True
LOLTMNT01_374025,2026-05-04 11:01:48,LJL,1,Uwinks,RAYN Clocks,2,0,win,Uwinks|Uwinks,1573.0,1599.9,1551.6,1524.7,27.0,27.0,False
LOLTMNT01_373179,2026-05-04 12:23:10,EWC,0,T1,HANJIN BRION,2,0,win,T1|T1,1587.8,1603.9,1421.5,1405.4,16.1,16.1,False
LOLTMNT04_159286,2026-05-04 15:08:12,LEC,0,Team Vitality,Fnatic,2,1,win,Fnatic|Team Vitality|Team Vitality,1553.6,1556.4,1438.0,1435.2,2.8,2.8,False
LOLTMNT04_159298,2026-05-04 17:58:25,LEC,0,Movistar KOI,Shifters,2,1,win,Shifters|Movistar KOI|Movistar KOI,1582.4,1584.1,1457.4,1455.7,1.7,1.7,False
LOLTMNT01_373542,2026-05-05 08:05:39,EWC,0,Hanwha Life Esports,DN SOOPers,2,0,win,Hanwha Life Esports|Hanwha Life Esports,1629.3,1638.6,1340.2,1330.8,9.3,9.3,False
LOLTMNT01_373546,2026-05-05 08:14:00,LJL,1,L Guide Gaming,DetonatioN FocusMe Academy,2,0,win,L Guide Gaming|L Guide Gaming,1578.1,1598.8,1477.6,1456.8,20.7,20.7,False
LOLTMNT01_373572,2026-05-05 09:07:47,EWC,0,GAM Esports,Deep Cross Gaming,2,1,win,GAM Esports|Deep Cross Gaming|GAM Esports,1513.6,1523.3,1478.9,1469.1,9.7,9.7,False
LOLTMNT01_373571,2026-05-05 09:09:06,EWC,0,Team Secret Whales,DetonatioN FocusMe,2,0,win,Team Secret Whales|Team Secret Whales,1639.0,1647.6,1332.3,1323.7,8.6,8.6,False
LOLTMNT01_374517,2026-05-05 10:00:16,EWC,0,Dplus Kia,Nongshim RedForce,2,0,win,Dplus Kia|Dplus Kia,1575.7,1591.6,1405.8,1390.0,15.8,15.8,False
LOLTMNT01_373620,2026-05-05 10:11:11,LJL,1,FENNEL,New Meta,2,0,win,FENNEL|FENNEL,1744.4,1764.7,1638.4,1618.1,20.3,20.3,False
LOLTMNT01_375534,2026-05-06 08:06:15,LCK,0,Gen.G,Nongshim RedForce,2,0,win,Gen.G|Gen.G,1646.4,1657.3,1390.0,1379.1,10.9,10.9,False
LOLTMNT01_376484,2026-05-06 08:07:22,LJL,1,Rising Gaming,Uwinks,2,1,win,Uwinks|Rising Gaming|Rising Gaming,1613.6,1628.1,1599.9,1585.4,14.6,14.6,False
LOLTMNT01_376507,2026-05-06 09:07:25,EWC,0,Fukuoka SoftBank HAWKS gaming,MVK Esports,2,0,win,Fukuoka SoftBank HAWKS gaming|Fukuoka SoftBank HAWKS gaming,1571.9,1597.5,1533.4,1507.8,25.6,25.6,False
LOLTMNT01_375572,2026-05-06 09:09:42,EWC,0,CTBC Flying Oyster,Ground Zero Gaming,2,1,win,Ground Zero Gaming|CTBC Flying Oyster|CTBC Flying Oyster,1421.9,1437.1,1413.3,1398.1,15.2,15.2,False
13257-13257_game_1,2026-05-06 09:13:56,LPL,0,Team WE,Invictus Gaming,2,1,win,Team WE|Invictus Gaming|Team WE,1338.0,1364.7,1449.0,1422.3,26.7,26.7,True
LOLTMNT01_376550,2026-05-06 10:34:43,LCK,0,Hanwha Life Esports,DN SOOPers,2,0,win,Hanwha Life Esports|Hanwha Life Esports,1638.6,1647.1,1330.8,1322.3,8.5,8.5,False
LOLTMNT01_376560,2026-05-06 10:56:40,LJL,1,Arneb,RAYN Clocks,2,0,win,Arneb|Arneb,1592.0,1615.2,1524.7,1501.4,23.3,23.3,False
13258-13258_game_1,2026-05-06 12:08:59,LPL,0,JD Gaming,Top Esports,2,1,win,JD Gaming|Top Esports|JD Gaming,1598.7,1613.4,1605.9,1591.2,14.7,14.7,False
LOLTMNT01_378089,2026-05-07 08:07:34,LCK,0,KT Rolster,Dplus Kia,2,0,win,KT Rolster|KT Rolster,1510.7,1546.1,1591.6,1556.2,35.3,35.3,True
LOLTMNT01_377089,2026-05-07 09:08:21,EWC,0,Team Secret Whales,GAM Esports,2,0,win,Team Secret Whales|Team Secret Whales,1647.6,1666.6,1523.3,1504.4,19.0,19.0,False
LOLTMNT01_378107,2026-05-07 09:08:50,EWC,0,Fukuoka SoftBank HAWKS gaming,CTBC Flying Oyster,2,1,win,Fukuoka SoftBank HAWKS gaming|CTBC Flying Oyster|Fukuoka SoftBank HAWKS gaming,1597.5,1593.5,1437.1,1441.1,-4.0,4.0,False
13259-13259_game_1,2026-05-07 09:12:07,LPL,0,Weibo Gaming,Team WE,2,1,win,Weibo Gaming|Team WE|Weibo Gaming,1471.6,1473.1,1364.7,1363.2,1.5,1.5,False
LOLTMNT01_378144,2026-05-07 10:30:17,LCK,0,HANJIN BRION,BNK FEARX,2,0,win,HANJIN BRION|HANJIN BRION,1405.4,1441.9,1500.2,1463.7,36.4,36.4,True
13260-13260_game_1,2026-05-07 12:39:41,LPL,0,Ninjas in Pyjamas,Anyone's Legend,2,0,win,Ninjas in Pyjamas|Ninjas in Pyjamas,1517.4,1555.3,1630.9,1593.0,37.9,37.9,True
LOLTMNT01_378734,2026-05-08 08:05:48,LCK,0,T1,DN SOOPers,2,0,win,T1|T1,1603.9,1613.6,1322.3,1312.6,9.7,9.7,False
13261-13261_game_1,2026-05-08 09:19:29,LPL,0,LNG Esports,Ultra Prime,2,1,win,LNG Esports|Ultra Prime|LNG Esports,1571.0,1567.6,1417.6,1421.0,-3.3,3.3,False
LOLTMNT01_378900,2026-05-08 10:40:52,LCK,0,Gen.G,Kiwoom DRX,2,0,win,Gen.G|Gen.G,1657.3,1668.0,1396.9,1386.2,10.7,10.7,False
13262-13262_game_1,2026-05-08 12:26:50,LPL,0,Bilibili Gaming,JD Gaming,2,0,win,Bilibili Gaming|Bilibili Gaming,1695.0,1717.2,1613.4,1591.2,22.1,22.1,False
LOLTMNT04_162255,2026-05-08 14:13:17,LEC,0,G2 Esports,Karmine Corp,2,0,win,G2 Esports|G2 Esports,1695.7,1720.7,1649.8,1624.9,25.0,25.0,False
LOLTMNT04_161335,2026-05-08 16:15:39,LEC,0,Movistar KOI,GiantX,2,0,win,Movistar KOI|Movistar KOI,1584.1,1605.8,1497.0,1475.3,21.7,21.7,False
LOLTMNT01_380497,2026-05-09 08:06:41,LCK,0,BNK FEARX,KT Rolster,2,0,win,BNK FEARX|BNK FEARX,1463.7,1499.2,1546.1,1510.6,35.4,35.4,True
13263-13263_game_1,2026-05-09 09:13:03,LPL,0,Invictus Gaming,Ninjas in Pyjamas,2,0,win,Invictus Gaming|Invictus Gaming,1422.3,1461.6,1555.3,1515.9,39.4,39.4,True
LOLTMNT01_380568,2026-05-09 09:20:11,LCP,0,CTBC Flying Oyster,Ground Zero Gaming,2,0,win,CTBC Flying Oyster|CTBC Flying Oyster,1441.1,1466.3,1398.1,1372.9,25.2,25.2,False
LOLTMNT01_379647,2026-05-09 10:15:45,LCK,0,HANJIN BRION,Nongshim RedForce,2,0,win,HANJIN BRION|HANJIN BRION,1441.9,1465.5,1379.1,1355.5,23.6,23.6,False
13264-13264_game_1,2026-05-09 11:17:46,LPL,0,Top Esports,Team WE,2,0,win,Top Esports|Top Esports,1591.2,1603.6,1363.2,1350.8,12.4,12.4,False
LOLTMNT01_379675,2026-05-09 11:24:17,LCP,0,Team Secret Whales,MVK Esports,2,0,win,Team Secret Whales|Team Secret Whales,1666.6,1683.1,1507.8,1491.2,16.6,16.6,False
LOLTMNT04_161451,2026-05-09 14:14:24,LEC,0,G2 Esports,GiantX,2,0,win,G2 Esports|G2 Esports,1720.7,1732.1,1475.3,1463.8,11.4,11.4,False
LOLTMNT01_379828,2026-05-09 16:15:58,CBLOL,1,LOUD,Vivo Keyd Stars,3,1,win,LOUD|LOUD|Vivo Keyd Stars|LOUD,1522.2,1542.0,1485.3,1465.5,19.8,19.8,False
LOLTMNT04_162417,2026-05-09 16:32:21,LEC,0,Karmine Corp,Movistar KOI,2,1,win,Karmine Corp|Movistar KOI|Karmine Corp,1624.9,1636.4,1605.8,1594.3,11.6,11.6,False
LOLTMNT01_379961,2026-05-09 20:08:09,LCS,0,Sentinels,Shopify Rebellion,2,0,win,Sentinels|Sentinels,1547.7,1562.6,1361.6,1346.8,14.8,14.8,False
LOLTMNT01_380953,2026-05-09 22:00:36,LCS,0,Disguised,Dignitas,2,0,win,Disguised|Disguised,1381.1,1409.4,1375.7,1347.4,28.3,28.3,False
LOLTMNT01_382057,2026-05-10 08:09:29,LCK,0,T1,Dplus Kia,2,0,win,T1|T1,1613.6,1637.6,1556.2,1532.2,24.1,24.1,False
13265-13265_game_1,2026-05-10 09:11:28,LPL,0,Weibo Gaming,Ninjas in Pyjamas,2,0,win,Weibo Gaming|Weibo Gaming,1473.1,1505.3,1515.9,1483.7,32.2,32.2,False
LOLTMNT01_381153,2026-05-10 09:19:39,LCP,0,Deep Cross Gaming,DetonatioN FocusMe,2,0,win,Deep Cross Gaming|Deep Cross Gaming,1469.1,1486.6,1323.7,1306.2,17.5,17.5,False
LOLTMNT01_382136,2026-05-10 10:31:52,LCK,0,Hanwha Life Esports,Kiwoom DRX,2,1,win,Kiwoom DRX|Hanwha Life Esports|Hanwha Life Esports,1647.1,1635.9,1386.2,1397.5,-11.3,11.3,False
LOLTMNT01_381223,2026-05-10 11:13:52,LCP,0,GAM Esports,Fukuoka SoftBank HAWKS gaming,2,0,win,GAM Esports|GAM Esports,1504.4,1540.3,1593.5,1557.5,36.0,36.0,True
13266-13266_game_1,2026-05-10 11:25:42,LPL,0,JD Gaming,Anyone's Legend,2,1,win,JD Gaming|Anyone's Legend|JD Gaming,1591.2,1605.3,1593.0,1579.0,14.0,14.0,False
LOLTMNT04_162485,2026-05-10 13:12:38,LEC,0,GiantX,Karmine Corp,2,1,win,Karmine Corp|GiantX|GiantX,1463.8,1499.0,1636.4,1601.2,35.2,35.2,True
LOLTMNT01_381383,2026-05-10 16:13:26,CBLOL,1,Fluxo W7M,LØS,3,2,win,Fluxo W7M|LØS|Fluxo W7M|LØS|Fluxo W7M,1491.4,1506.5,1504.0,1488.9,15.1,15.1,False
LOLTMNT04_162542,2026-05-10 16:29:07,LEC,0,Movistar KOI,G2 Esports,2,1,win,Movistar KOI|G2 Esports|Movistar KOI,1594.3,1623.9,1732.1,1702.5,29.6,29.6,True
LOLTMNT01_382416,2026-05-10 20:07:16,LCS,0,Cloud9,FlyQuest,2,1,win,FlyQuest|Cloud9|Cloud9,1572.7,1582.9,1522.3,1512.1,10.2,10.2,False
LOLTMNT01_382446,2026-05-10 22:54:27,LCS,0,LYON,Team Liquid,2,1,win,LYON|Team Liquid|LYON,1591.4,1606.2,1599.7,1584.9,14.8,14.8,False
LOLTMNT01_383118,2026-05-12 08:07:34,EWC,0,T1,BNK FEARX,2,0,win,T1|T1,1637.6,1655.6,1499.2,1481.2,18.0,18.0,False
13267-13267_game_1,2026-05-12 09:10:54,LPL,0,Ninjas in Pyjamas,Top Esports,2,1,win,Ninjas in Pyjamas|Top Esports|Ninjas in Pyjamas,1483.7,1511.4,1603.6,1575.9,27.7,27.7,True
LOLTMNT01_384184,2026-05-12 09:22:16,EWC,0,Deep Cross Gaming,DetonatioN FocusMe,2,0,win,Deep Cross Gaming|Deep Cross Gaming,1486.6,1501.8,1306.2,1291.0,15.2,15.2,False
LOLTMNT01_383179,2026-05-12 09:26:24,EWC,0,MVK Esports,Ground Zero Gaming,2,0,win,MVK Esports|MVK Esports,1491.2,1510.6,1372.9,1353.5,19.4,19.4,False
LOLTMNT01_384215,2026-05-12 10:01:36,EWC,0,Dplus Kia,Hanwha Life Esports,2,1,win,Hanwha Life Esports|Dplus Kia|Dplus Kia,1532.2,1560.3,1635.9,1607.8,28.1,28.1,True
13268-13268_game_1,2026-05-12 12:04:25,LPL,0,Bilibili Gaming,Invictus Gaming,2,1,win,Invictus Gaming|Bilibili Gaming|Bilibili Gaming,1717.2,1706.4,1461.6,1472.5,-10.8,10.8,False
LOLTMNT01_384714,2026-05-13 08:06:21,LCK,0,T1,Nongshim RedForce,2,0,win,T1|T1,1655.6,1664.5,1355.5,1346.6,8.9,8.9,False
LOLTMNT01_383776,2026-05-13 09:07:06,EWC,0,Deep Cross Gaming,CTBC Flying Oyster,2,0,win,Deep Cross Gaming|Deep Cross Gaming,1501.8,1527.6,1466.3,1440.5,25.8,25.8,False
LOLTMNT01_383775,2026-05-13 09:07:31,EWC,0,GAM Esports,MVK Esports,2,0,win,GAM Esports|GAM Esports,1540.3,1566.6,1510.6,1484.4,26.3,26.3,False
13269-13269_game_1,2026-05-13 09:10:08,LPL,0,EDward Gaming,Oh My God,2,1,win,EDward Gaming|Oh My God|EDward Gaming,1511.9,1514.2,1411.4,1409.1,2.2,2.2,False
LOLTMNT01_383838,2026-05-13 10:10:11,VCS,0,Saigon Warriors,ZEN Esports,2,0,win,Saigon Warriors|Saigon Warriors,1546.1,1571.0,1500.0,1475.0,25.0,25.0,False
LOLTMNT01_384771,2026-05-13 10:12:11,LCK,0,Dplus Kia,DN SOOPers,2,0,win,Dplus Kia|Dplus Kia,1560.3,1571.6,1312.6,1301.3,11.3,11.3,False
LOLTMNT01_384844,2026-05-13 11:56:26,VCS,0,1TAP Dino,MVK Esports Academy,2,0,win,1TAP Dino|1TAP Dino,1451.9,1497.0,1667.0,1622.0,45.0,45.0,True
13270-13270_game_1,2026-05-13 12:27:16,LPL,0,Anyone's Legend,Team WE,2,1,win,Team WE|Anyone's Legend|Anyone's Legend,1579.0,1570.5,1350.8,1359.3,-8.5,8.5,False
LOLTMNT01_387134,2026-05-14 08:07:03,LCK,0,Gen.G,BNK FEARX,2,0,win,Gen.G|Gen.G,1668.0,1682.8,1481.2,1466.4,14.8,14.8,False
LOLTMNT01_388093,2026-05-14 08:10:48,LJL,1,Uwinks,L Guide Gaming,2,0,win,Uwinks|Uwinks,1585.4,1615.2,1598.8,1569.0,29.8,29.8,False
LOLTMNT01_388124,2026-05-14 09:07:30,EWC,0,GAM Esports,Deep Cross Gaming,2,1,win,GAM Esports|Deep Cross Gaming|GAM Esports,1566.6,1575.8,1527.6,1518.4,9.2,9.2,False
LOLTMNT01_387170,2026-05-14 09:08:54,EWC,0,Team Secret Whales,Fukuoka SoftBank HAWKS gaming,2,1,win,Fukuoka SoftBank HAWKS gaming|Team Secret Whales|Team Secret Whales,1683.1,1684.8,1557.5,1555.8,1.7,1.7,False
13271-13271_game_1,2026-05-14 09:10:34,LPL,0,LNG Esports,LGD Gaming,2,0,win,LNG Esports|LNG Esports,1567.6,1590.7,1497.8,1474.7,23.1,23.1,False
LOLTMNT01_388160,2026-05-14 10:07:06,VCS,0,SN CyberCore Esports,9Gaming Esports,2,0,win,SN CyberCore Esports|SN CyberCore Esports,1412.2,1446.8,1483.4,1448.8,34.5,34.5,True
LOLTMNT01_387203,2026-05-14 10:14:25,LJL,1,FENNEL,Arneb,2,1,win,FENNEL|Arneb|FENNEL,1764.7,1761.8,1615.2,1618.2,-2.9,2.9,False
LOLTMNT01_387204,2026-05-14 10:15:56,LCK,0,KT Rolster,Kiwoom DRX,2,1,win,KT Rolster|Kiwoom DRX|KT Rolster,1510.6,1511.5,1397.5,1396.6,0.9,0.9,False
13272-13272_game_1,2026-05-14 11:30:07,LPL,0,Weibo Gaming,JD Gaming,2,1,win,Weibo Gaming|JD Gaming|Weibo Gaming,1505.3,1530.8,1605.3,1579.8,25.5,25.5,True
LOLTMNT01_387265,2026-05-14 12:08:08,VCS,0,1TAP Dino,ZEN Esports,2,0,win,1TAP Dino|1TAP Dino,1497.0,1523.9,1475.0,1448.1,26.9,26.9,False
LOLTMNT04_163053,2026-05-14 15:03:11,EWC,0,G2 Esports,Natus Vincere,2,0,win,G2 Esports|G2 Esports,1702.5,1720.0,1558.1,1540.5,17.6,17.6,False
LOLTMNT01_387340,2026-05-14 15:11:58,EWC,0,Karmine Corp,Movistar KOI,2,0,win,Karmine Corp|Karmine Corp,1601.2,1631.8,1623.9,1593.3,30.6,30.6,False
LOLTMNT04_164060,2026-05-14 16:51:22,EWC,0,Galions,Shifters,2,0,win,Galions|Galions,1498.2,1523.4,1455.7,1430.4,25.2,25.2,False
LOLTMNT04_163072,2026-05-14 16:55:23,EWC,0,GiantX,Solary,2,0,win,GiantX|GiantX,1499.0,1529.8,1524.0,1493.2,30.8,30.8,False
LOLTMNT01_388455,2026-05-15 08:07:51,LCK,0,Hanwha Life Esports,Dplus Kia,2,0,win,Hanwha Life Esports|Hanwha Life Esports,1607.8,1633.5,1571.6,1545.9,25.8,25.8,False
LOLTMNT01_387568,2026-05-15 08:12:46,LJL,1,Rising Gaming,DetonatioN FocusMe Academy,2,0,win,Rising Gaming|Rising Gaming,1628.1,1643.9,1456.8,1441.1,15.8,15.8,False
13273-13273_game_1,2026-05-15 09:09:24,LPL,0,Ultra Prime,Oh My God,2,0,win,Ultra Prime|Ultra Prime,1421.0,1448.7,1409.1,1381.4,27.7,27.7,False
LOLTMNT01_388518,2026-05-15 10:07:02,LJL,1,New Meta,RAYN Clocks,2,1,win,New Meta|RAYN Clocks|New Meta,1618.1,1618.6,1501.4,1500.9,0.5,0.5,False
LOLTMNT01_387634,2026-05-15 10:07:24,VCS,0,Saigon Warriors,SN CyberCore Esports,2,1,win,SN CyberCore Esports|Saigon Warriors|Saigon Warriors,1571.0,1572.9,1446.8,1445.0,1.8,1.8,False
LOLTMNT01_388537,2026-05-15 10:22:39,LCK,0,HANJIN BRION,DN SOOPers,2,0,win,HANJIN BRION|HANJIN BRION,1465.5,1481.7,1301.3,1285.1,16.2,16.2,False
13274-13274_game_1,2026-05-15 11:19:40,LPL,0,Bilibili Gaming,Top Esports,2,0,win,Bilibili Gaming|Bilibili Gaming,1706.4,1724.9,1575.9,1557.3,18.5,18.5,False
LOLTMNT01_387702,2026-05-15 12:29:59,VCS,0,MVK Esports Academy,9Gaming Esports,2,0,win,MVK Esports Academy|MVK Esports Academy,1622.0,1637.6,1448.8,1433.2,15.6,15.6,False
LOLTMNT04_163229,2026-05-15 15:03:14,EWC,0,Natus Vincere,Galions,2,1,win,Natus Vincere|Galions|Natus Vincere,1540.5,1552.3,1523.4,1511.6,11.8,11.8,False
LOLTMNT04_163273,2026-05-15 17:41:57,EWC,0,Movistar KOI,GiantX,2,0,win,Movistar KOI|Movistar KOI,1593.3,1616.9,1529.8,1506.2,23.6,23.6,False
LOLTMNT01_387874,2026-05-16 08:05:55,LCK,0,T1,Gen.G,2,1,win,Gen.G|T1|T1,1664.5,1682.8,1682.8,1664.4,18.3,18.3,False
13275-13275_game_1,2026-05-16 09:11:04,LPL,0,ThunderTalk Gaming,EDward Gaming,2,1,win,ThunderTalk Gaming|EDward Gaming|ThunderTalk Gaming,1410.8,1436.7,1514.2,1488.3,25.9,25.9,True
LOLTMNT02_402697,2026-05-16 09:16:45,LCP,0,Deep Cross Gaming,Ground Zero Gaming,2,1,win,Ground Zero Gaming|Deep Cross Gaming|Deep Cross Gaming,1518.4,1515.9,1353.5,1356.0,-2.5,2.5,False
LOLTMNT01_387927,2026-05-16 11:30:05,LCK,0,BNK FEARX,Nongshim RedForce,2,0,win,BNK FEARX|BNK FEARX,1466.4,1485.7,1346.6,1327.3,19.3,19.3,False
LOLTMNT02_402752,2026-05-16 12:06:39,LCP,0,MVK Esports,Fukuoka SoftBank HAWKS gaming,2,1,win,MVK Esports|Fukuoka SoftBank HAWKS gaming|MVK Esports,1484.4,1506.6,1555.8,1533.6,22.2,22.2,True
13276-13276_game_1,2026-05-16 12:49:14,LPL,0,Ninjas in Pyjamas,Team WE,2,1,win,Ninjas in Pyjamas|Team WE|Ninjas in Pyjamas,1511.4,1508.2,1359.3,1362.5,-3.2,3.2,False
LOLTMNT04_164335,2026-05-16 15:02:11,EWC,0,G2 Esports,Karmine Corp,3,0,win,G2 Esports|G2 Esports|G2 Esports,1720.0,1751.3,1631.8,1600.6,31.2,31.2,False
LOLTMNT04_164336,2026-05-16 15:05:30,EWC,0,Movistar KOI,Natus Vincere,2,0,win,Movistar KOI|Movistar KOI,1616.9,1640.4,1552.3,1528.8,23.5,23.5,False
LOLTMNT02_401866,2026-05-16 16:12:08,CBLOL,1,RED Canids,Fluxo W7M,3,1,win,Fluxo W7M|RED Canids|RED Canids|RED Canids,1606.2,1621.2,1506.5,1491.5,15.0,15.0,False
LOLTMNT02_402931,2026-05-16 20:08:36,LCS,0,Cloud9,Team Liquid,2,0,win,Cloud9|Cloud9,1582.9,1611.8,1584.9,1556.0,28.9,28.9,False
LOLTMNT02_401990,2026-05-16 22:00:20,LCS,0,Shopify Rebellion,Disguised,2,0,win,Shopify Rebellion|Shopify Rebellion,1346.8,1380.7,1409.4,1375.5,33.8,33.8,False
LOLTMNT01_390036,2026-05-17 08:05:58,LCK,0,KT Rolster,Hanwha Life Esports,2,1,win,KT Rolster|Hanwha Life Esports|KT Rolster,1511.5,1539.4,1633.5,1605.6,27.9,27.9,True
13277-13277_game_1,2026-05-17 09:15:24,LPL,0,JD Gaming,Invictus Gaming,2,1,win,Invictus Gaming|JD Gaming|JD Gaming,1579.8,1583.5,1472.5,1468.8,3.7,3.7,False
LOLTMNT02_403066,2026-05-17 09:19:28,LCP,0,Team Secret Whales,DetonatioN FocusMe,2,1,win,Team Secret Whales|DetonatioN FocusMe|Team Secret Whales,1684.8,1664.0,1291.0,1311.9,-20.8,20.8,False
LOLTMNT01_389120,2026-05-17 11:06:33,LCK,0,Kiwoom DRX,HANJIN BRION,2,1,win,HANJIN BRION|Kiwoom DRX|Kiwoom DRX,1396.6,1422.7,1481.7,1455.7,26.1,26.1,True
LOLTMNT02_403119,2026-05-17 12:17:50,LCP,0,GAM Esports,CTBC Flying Oyster,2,1,win,CTBC Flying Oyster|GAM Esports|GAM Esports,1575.8,1576.5,1440.5,1439.9,0.6,0.6,False
13278-13278_game_1,2026-05-17 12:31:46,LPL,0,Bilibili Gaming,Anyone's Legend,2,0,win,Bilibili Gaming|Bilibili Gaming,1724.9,1741.8,1570.5,1553.6,16.9,16.9,False
LOLTMNT04_163357,2026-05-17 15:05:16,EWC,0,Karmine Corp,Movistar KOI,3,1,win,Movistar KOI|Karmine Corp|Karmine Corp|Karmine Corp,1600.6,1636.4,1640.4,1604.6,35.8,35.8,False
LOLTMNT02_403221,2026-05-17 16:11:48,CBLOL,1,FURIA,LOUD,3,0,win,FURIA|FURIA|FURIA,1575.8,1613.1,1542.0,1504.7,37.3,37.3,False
LOLTMNT02_403298,2026-05-17 20:07:18,LCS,0,Sentinels,Dignitas,2,0,win,Sentinels|Sentinels,1562.6,1575.6,1347.4,1334.3,13.1,13.1,False
LOLTMNT02_403327,2026-05-17 21:47:21,LCS,0,FlyQuest,LYON,2,1,win,FlyQuest|LYON|FlyQuest,1512.1,1536.9,1606.2,1581.4,24.8,24.8,True
LOLTMNT02_403485,2026-05-18 08:06:22,EWC,0,HANJIN BRION,KT Rolster,2,0,win,HANJIN BRION|HANJIN BRION,1455.7,1491.2,1539.4,1503.9,35.6,35.6,True
LOLTMNT02_404560,2026-05-18 10:10:03,EWC,0,Nongshim RedForce,DN SOOPers,2,0,win,Nongshim RedForce|Nongshim RedForce,1327.3,1352.6,1285.1,1259.8,25.3,25.3,False
LOLTMNT02_403928,2026-05-19 08:07:54,EWC,0,Hanwha Life Esports,HANJIN BRION,2,0,win,Hanwha Life Esports|Hanwha Life Esports,1605.6,1625.3,1491.2,1471.5,19.7,19.7,False
LOLTMNT02_404982,2026-05-19 09:02:17,EWC,0,GAM Esports,Fukuoka SoftBank HAWKS gaming,2,0,win,GAM Esports|GAM Esports,1576.5,1601.7,1533.6,1508.4,25.2,25.2,False
LOLTMNT02_403982,2026-05-19 10:03:44,EWC,0,Nongshim RedForce,BNK FEARX,2,1,win,BNK FEARX|Nongshim RedForce|Nongshim RedForce,1352.6,1383.8,1485.7,1454.5,31.2,31.2,True
LOLTMNT02_406385,2026-05-20 08:05:29,LCK,0,T1,Kiwoom DRX,2,1,win,T1|Kiwoom DRX|T1,1682.8,1670.1,1422.7,1435.4,-12.8,12.8,False
LOLTMNT02_405474,2026-05-20 09:06:26,EWC,0,Team Secret,GAM Esports,3,1,win,Team Secret|Team Secret|GAM Esports|Team Secret,1500.0,1540.5,1601.7,1561.1,40.5,40.5,True
LOLTMNT01_389314,2026-05-20 10:07:04,VCS,0,ZEN Esports,MVK Esports Academy,2,0,win,ZEN Esports|ZEN Esports,1448.1,1491.5,1637.6,1594.3,43.4,43.4,True
LOLTMNT02_406455,2026-05-20 11:01:11,LCK,0,KT Rolster,Nongshim RedForce,2,1,win,Nongshim RedForce|KT Rolster|KT Rolster,1503.9,1506.2,1383.8,1381.6,2.3,2.3,False
LOLTMNT01_389350,2026-05-20 12:03:19,VCS,0,Saigon Warriors,9Gaming Esports,2,0,win,Saigon Warriors|Saigon Warriors,1572.9,1590.8,1433.2,1415.3,17.9,17.9,False
LOLTMNT02_406958,2026-05-21 08:06:57,LCK,0,Hanwha Life Esports,BNK FEARX,2,0,win,Hanwha Life Esports|Hanwha Life Esports,1625.3,1641.1,1454.5,1438.7,15.8,15.8,False
LOLTMNT02_406961,2026-05-21 08:12:28,LJL,1,FENNEL,Uwinks,2,0,win,FENNEL|FENNEL,1761.8,1779.2,1615.2,1597.8,17.4,17.4,False
LOLTMNT02_407091,2026-05-21 10:03:30,LJL,1,Rising Gaming,New Meta,2,1,win,New Meta|Rising Gaming|Rising Gaming,1643.9,1657.1,1618.6,1605.4,13.2,13.2,False
LOLTMNT01_390375,2026-05-21 10:07:59,VCS,0,1TAP Dino,SN CyberCore Esports,2,0,win,1TAP Dino|1TAP Dino,1523.9,1546.2,1445.0,1422.6,22.4,22.4,False
LOLTMNT02_408013,2026-05-21 10:22:05,LCK,0,Dplus Kia,HANJIN BRION,2,1,win,Dplus Kia|HANJIN BRION|Dplus Kia,1545.9,1551.0,1471.5,1466.4,5.2,5.2,False
LOLTMNT01_390404,2026-05-21 12:03:39,VCS,0,ZEN Esports,9Gaming Esports,2,0,win,ZEN Esports|ZEN Esports,1491.5,1514.1,1415.3,1392.8,22.6,22.6,False
LOLTMNT02_408582,2026-05-22 08:06:39,LCK,0,Kiwoom DRX,DN SOOPers,2,0,win,Kiwoom DRX|Kiwoom DRX,1435.4,1450.9,1259.8,1244.3,15.5,15.5,False
LOLTMNT02_408583,2026-05-22 08:08:19,LJL,1,RAYN Clocks,DetonatioN FocusMe Academy,2,1,win,RAYN Clocks|DetonatioN FocusMe Academy|RAYN Clocks,1500.9,1507.7,1441.1,1434.3,6.8,6.8,False
LOLTMNT01_389465,2026-05-22 10:09:36,VCS,0,Saigon Warriors,1TAP Dino,2,0,win,Saigon Warriors|Saigon Warriors,1590.8,1615.8,1546.2,1521.1,25.1,25.1,False
LOLTMNT02_407714,2026-05-22 10:20:35,LCK,0,Gen.G,KT Rolster,2,0,win,Gen.G|Gen.G,1664.4,1681.0,1506.2,1489.5,16.6,16.6,False
LOLTMNT02_408668,2026-05-22 11:04:21,LJL,1,Arneb,L Guide Gaming,2,0,win,Arneb|Arneb,1618.2,1642.9,1569.0,1544.3,24.7,24.7,False
LOLTMNT01_389501,2026-05-22 11:53:08,VCS,0,SN CyberCore Esports,MVK Esports Academy,2,1,win,SN CyberCore Esports|MVK Esports Academy|SN CyberCore Esports,1422.6,1455.8,1594.3,1561.1,33.2,33.2,True
13279-13279_game_1,2026-05-23 06:07:52,LPL,1,Team WE,LNG Esports,3,2,win,Team WE|LNG Esports|LNG Esports|Team WE|Team WE,1362.5,1415.8,1590.7,1537.4,53.3,53.3,True
LOLTMNT02_409322,2026-05-23 08:06:07,LCK,0,Dplus Kia,BNK FEARX,2,1,win,Dplus Kia|BNK FEARX|Dplus Kia,1551.0,1552.0,1438.7,1437.7,1.0,1.0,False
LOLTMNT02_409399,2026-05-23 09:13:26,LCP,1,MVK Esports,CTBC Flying Oyster,3,2,win,CTBC Flying Oyster|MVK Esports|CTBC Flying Oyster|MVK Esports|MVK Esports,1506.6,1511.7,1439.9,1434.8,5.1,5.1,False
13280-13280_game_1,2026-05-23 10:55:44,LPL,1,ThunderTalk Gaming,Invictus Gaming,3,0,win,ThunderTalk Gaming|ThunderTalk Gaming|ThunderTalk Gaming,1436.7,1481.7,1468.8,1423.7,45.0,45.0,False
LOLTMNT02_409510,2026-05-23 11:15:14,LCK,0,Hanwha Life Esports,Nongshim RedForce,2,1,win,Nongshim RedForce|Hanwha Life Esports|Hanwha Life Esports,1641.1,1629.9,1381.6,1392.7,-11.1,11.1,False
LOLTMNT05_196094,2026-05-23 15:11:03,LEC,1,G2 Esports,Karmine Corp,3,1,win,Karmine Corp|G2 Esports|G2 Esports|G2 Esports,1751.3,1764.1,1636.4,1623.5,12.8,12.8,False
LOLTMNT02_409730,2026-05-23 16:12:43,CBLOL,1,LØS,Vivo Keyd Stars,3,0,win,LØS|LØS|LØS,1488.9,1527.4,1465.5,1427.0,38.5,38.5,False
LOLTMNT02_411013,2026-05-23 20:10:31,LCS,1,Cloud9,FlyQuest,3,2,win,Cloud9|Cloud9|FlyQuest|FlyQuest|Cloud9,1611.8,1609.2,1536.9,1539.5,-2.6,2.6,False
13281-13281_game_1,2026-05-24 06:07:37,LPL,1,EDward Gaming,Ninjas in Pyjamas,3,2,win,EDward Gaming|Ninjas in Pyjamas|EDward Gaming|Ninjas in Pyjamas|EDward Gaming,1488.3,1504.7,1508.2,1491.8,16.4,16.4,False
LOLTMNT02_412046,2026-05-24 08:06:42,LCK,0,Gen.G,DN SOOPers,2,0,win,Gen.G|Gen.G,1681.0,1685.5,1244.3,1239.9,4.4,4.4,False
LOLTMNT02_411260,2026-05-24 09:14:38,LCP,1,Deep Cross Gaming,Fukuoka SoftBank HAWKS gaming,3,0,win,Deep Cross Gaming|Deep Cross Gaming|Deep Cross Gaming,1515.9,1556.3,1508.4,1468.0,40.4,40.4,False
LOLTMNT02_411297,2026-05-24 10:10:10,LCK,0,T1,HANJIN BRION,2,0,win,T1|T1,1670.1,1683.8,1466.4,1452.6,13.8,13.8,False
13282-13282_game_1,2026-05-24 11:16:52,LPL,1,LGD Gaming,Weibo Gaming,3,2,win,LGD Gaming|LGD Gaming|Weibo Gaming|Weibo Gaming|LGD Gaming,1474.7,1495.5,1530.8,1510.0,20.8,20.8,False
LOLTMNT05_196170,2026-05-24 15:08:04,LEC,1,Movistar KOI,Team Vitality,3,0,win,Movistar KOI|Movistar KOI|Movistar KOI,1604.6,1640.3,1556.4,1520.7,35.7,35.7,False
LOLTMNT02_411470,2026-05-24 16:11:30,CBLOL,1,FURIA,RED Canids,3,0,win,FURIA|FURIA|FURIA,1613.1,1655.3,1621.2,1579.0,42.2,42.2,False
LOLTMNT02_412354,2026-05-24 20:12:10,LCS,1,LYON,Team Liquid,3,2,win,Team Liquid|LYON|LYON|Team Liquid|LYON,1581.4,1591.6,1556.0,1545.8,10.2,10.2,False
LOLTMNT02_411687,2026-05-25 07:10:26,EWC,0,T1,Dplus Kia,3,1,win,T1|Dplus Kia|T1|T1,1683.8,1692.3,1552.0,1543.4,8.5,8.5,False
LOLTMNT02_411721,2026-05-25 09:03:23,PCS,0,CTBC Flying Oyster Academy,SillySilly Gaming,2,0,win,CTBC Flying Oyster Academy|CTBC Flying Oyster Academy,1516.2,1550.2,1581.5,1547.4,34.1,34.1,False
LOLTMNT02_412530,2026-05-25 10:47:18,PCS,0,Frank Esports,wangting,2,1,win,Frank Esports|wangting|Frank Esports,1555.1,1565.8,1528.7,1518.0,10.7,10.7,False
LOLTMNT02_412567,2026-05-25 11:49:55,EWC,0,Hanwha Life Esports,Nongshim RedForce,2,0,win,Hanwha Life Esports|Hanwha Life Esports,1629.9,1641.8,1392.7,1380.8,11.9,11.9,False
LOLTMNT05_195244,2026-05-25 15:08:04,LEC,1,G2 Esports,Movistar KOI,3,2,win,Movistar KOI|Movistar KOI|G2 Esports|G2 Esports|G2 Esports,1764.1,1761.3,1640.3,1643.1,-2.8,2.8,False
LOLTMNT02_411934,2026-05-25 21:11:23,CBLOL,1,LØS,LOUD,3,2,win,LØS|LØS|LOUD|LOUD|LØS,1527.4,1534.0,1504.7,1498.1,6.6,6.6,False
LOLTMNT02_412785,2026-05-26 07:08:08,EWC,0,Hanwha Life Esports,Dplus Kia,3,0,win,Hanwha Life Esports|Hanwha Life Esports|Hanwha Life Esports,1641.8,1671.9,1543.4,1513.3,30.1,30.1,False
LOLTMNT02_412837,2026-05-26 09:07:40,PCS,0,Shadow Keepers Esports,Equinox Core,2,0,win,Shadow Keepers Esports|Shadow Keepers Esports,1483.8,1511.9,1476.0,1447.9,28.1,28.1,False
LOLTMNT02_413101,2026-05-26 10:50:37,PCS,0,Viper Night Raider,Ground Zero Academy,2,0,win,Viper Night Raider|Viper Night Raider,1473.6,1502.2,1471.3,1442.8,28.5,28.5,False
LOLTMNT02_413377,2026-05-27 08:06:37,LCK,0,Gen.G,Hanwha Life Esports,2,1,win,Hanwha Life Esports|Gen.G|Gen.G,1685.5,1700.1,1671.9,1657.3,14.6,14.6,False
LOLTMNT02_413385,2026-05-27 08:20:23,LJL,1,New Meta,DetonatioN FocusMe Academy,2,1,win,DetonatioN FocusMe Academy|New Meta|New Meta,1605.4,1602.3,1434.3,1437.4,-3.1,3.1,False
LOLTMNT02_414176,2026-05-27 09:03:15,PCS,0,Shadow Keepers Esports,wangting,2,1,win,Shadow Keepers Esports|wangting|Shadow Keepers Esports,1511.9,1526.4,1518.0,1503.5,14.5,14.5,False
LOLTMNT01_391105,2026-05-27 10:07:23,VCS,0,ZEN Esports,SN CyberCore Esports,2,1,win,ZEN Esports|SN CyberCore Esports|ZEN Esports,1514.1,1521.1,1455.8,1448.8,7.0,7.0,False
LOLTMNT02_413457,2026-05-27 11:16:38,LJL,1,Arneb,Uwinks,2,1,win,Uwinks|Arneb|Arneb,1642.9,1653.7,1597.8,1586.9,10.8,10.8,False
LOLTMNT02_413460,2026-05-27 11:17:26,LCK,0,BNK FEARX,Kiwoom DRX,2,1,win,BNK FEARX|Kiwoom DRX|BNK FEARX,1437.7,1453.1,1450.9,1435.5,15.4,15.4,False
LOLTMNT02_413465,2026-05-27 11:28:58,PCS,0,SillySilly Gaming,Viper Night Raider,2,0,win,SillySilly Gaming|SillySilly Gaming,1547.4,1572.4,1502.2,1477.1,25.0,25.0,False
LOLTMNT01_391147,2026-05-27 12:34:26,VCS,0,1TAP Dino,9Gaming Esports,2,1,win,9Gaming Esports|1TAP Dino|1TAP Dino,1521.1,1522.5,1392.8,1391.4,1.4,1.4,False
LOLTMNT02_414553,2026-05-28 08:03:36,LCK,0,Nongshim RedForce,DN SOOPers,2,1,win,DN SOOPers|Nongshim RedForce|Nongshim RedForce,1380.8,1380.9,1239.9,1239.9,0.0,0.0,False
LOLTMNT02_414554,2026-05-28 08:09:55,LJL,1,FENNEL,L Guide Gaming,2,0,win,FENNEL|FENNEL,1779.2,1791.1,1544.3,1532.3,12.0,12.0,False
LOLTMNT02_414587,2026-05-28 09:54:05,LJL,1,Rising Gaming,RAYN Clocks,2,1,win,RAYN Clocks|Rising Gaming|Rising Gaming,1657.1,1656.2,1507.7,1508.6,-0.9,0.9,False
LOLTMNT01_391164,2026-05-28 10:08:33,VCS,0,Saigon Warriors,MVK Esports Academy,2,0,win,Saigon Warriors|Saigon Warriors,1615.8,1640.1,1561.1,1536.9,24.3,24.3,False
LOLTMNT02_414612,2026-05-28 11:03:41,LCK,0,T1,KT Rolster,2,0,win,T1|T1,1692.3,1706.1,1489.5,1475.7,13.8,13.8,False
13283-13283_game_1,2026-05-29 06:13:18,LPL,1,JD Gaming,ThunderTalk Gaming,3,1,win,ThunderTalk Gaming|JD Gaming|JD Gaming|JD Gaming,1583.5,1598.2,1481.7,1467.0,14.7,14.7,False
LOLTMNT02_415033,2026-05-29 08:09:08,LCK,0,Dplus Kia,Kiwoom DRX,2,1,win,Dplus Kia|Kiwoom DRX|Dplus Kia,1513.3,1518.1,1435.5,1430.7,4.8,4.8,False
LOLTMNT02_415076,2026-05-29 09:12:57,LCP,1,Team Secret Whales,MVK Esports,3,0,win,Team Secret Whales|Team Secret Whales|Team Secret Whales,1664.0,1688.6,1511.7,1487.0,24.7,24.7,False
13284-13284_game_1,2026-05-29 10:25:48,LPL,1,Top Esports,LGD Gaming,3,0,win,Top Esports|Top Esports|Top Esports,1557.3,1591.5,1495.5,1461.4,34.1,34.1,False
LOLTMNT02_415144,2026-05-29 11:07:01,LCK,0,Gen.G,HANJIN BRION,2,0,win,Gen.G|Gen.G,1700.1,1711.4,1452.6,1441.3,11.3,11.3,False
13285-13285_game_1,2026-05-30 06:17:26,LPL,1,Anyone's Legend,EDward Gaming,3,0,win,Anyone's Legend|Anyone's Legend|Anyone's Legend,1553.6,1589.2,1504.7,1469.2,35.6,35.6,False
LOLTMNT02_415309,2026-05-30 08:05:58,LCK,0,KT Rolster,DN SOOPers,2,0,win,KT Rolster|KT Rolster,1475.7,1487.7,1239.9,1227.9,11.9,11.9,False
LOLTMNT02_415344,2026-05-30 09:28:52,LCP,1,Deep Cross Gaming,GAM Esports,3,1,win,Deep Cross Gaming|GAM Esports|Deep Cross Gaming|Deep Cross Gaming,1556.3,1584.6,1561.1,1532.8,28.4,28.4,False
13286-13286_game_1,2026-05-30 09:50:49,LPL,1,Team WE,Bilibili Gaming,3,1,win,Team WE|Bilibili Gaming|Team WE|Team WE,1415.8,1485.6,1741.8,1672.0,69.8,69.8,True
LOLTMNT02_416145,2026-05-30 10:20:58,LCK,0,T1,BNK FEARX,2,0,win,T1|T1,1706.1,1717.2,1453.1,1442.1,11.0,11.0,False
LOLTMNT05_195504,2026-05-30 15:15:19,LEC,1,Karmine Corp,Natus Vincere,3,1,win,Karmine Corp|Karmine Corp|Natus Vincere|Karmine Corp,1623.5,1635.0,1528.8,1517.3,11.5,11.5,False
LOLTMNT01_394272,2026-05-30 16:11:23,CBLOL,1,LØS,Fluxo W7M,3,2,win,LØS|Fluxo W7M|Fluxo W7M|LØS|LØS,1534.0,1541.5,1491.5,1484.0,7.5,7.5,False
LOLTMNT01_394298,2026-05-30 20:10:37,LCS,1,FlyQuest,Sentinels,3,0,win,FlyQuest|FlyQuest|FlyQuest,1539.5,1585.0,1575.6,1530.1,45.5,45.5,False
LOLTMNT02_416394,2026-05-31 08:06:48,LCK,0,Hanwha Life Esports,HANJIN BRION,2,0,win,Hanwha Life Esports|Hanwha Life Esports,1657.3,1670.4,1441.3,1428.2,13.0,13.0,False
LOLTMNT02_416423,2026-05-31 09:13:32,LCP,1,Team Secret Whales,Deep Cross Gaming,3,2,win,Team Secret Whales|Deep Cross Gaming|Deep Cross Gaming|Team Secret Whales|Team Secret Whales,1688.6,1685.3,1584.6,1588.0,-3.3,3.3,False
13287-13287_game_1,2026-05-31 09:26:39,LPL,1,Top Esports,JD Gaming,3,1,win,JD Gaming|Top Esports|Top Esports|Top Esports,1591.5,1622.3,1598.2,1567.4,30.8,30.8,False
LOLTMNT02_416470,2026-05-31 10:17:32,LCK,0,Dplus Kia,Nongshim RedForce,2,0,win,Dplus Kia|Dplus Kia,1518.1,1536.1,1380.9,1362.8,18.1,18.1,False
LOLTMNT05_195554,2026-05-31 15:07:39,LEC,1,GiantX,Team Vitality,3,0,win,GiantX|GiantX|GiantX,1506.2,1549.2,1520.7,1477.8,43.0,43.0,False
LOLTMNT01_395471,2026-05-31 16:11:02,CBLOL,1,LØS,RED Canids,3,0,win,LØS|LØS|LØS,1541.5,1587.2,1579.0,1533.3,45.7,45.7,False
LOLTMNT01_394399,2026-05-31 20:08:32,LCS,1,Team Liquid,Shopify Rebellion,3,0,win,Team Liquid|Team Liquid|Team Liquid,1545.8,1569.2,1380.7,1357.2,23.4,23.4,False
LOLTMNT02_416729,2026-06-01 09:05:03,PCS,0,CTBC Flying Oyster Academy,Frank Esports,2,1,win,Frank Esports|CTBC Flying Oyster Academy|CTBC Flying Oyster Academy,1550.2,1568.3,1565.8,1547.8,18.0,18.0,False
13288-13288_game_1,2026-06-01 09:15:09,LPL,1,Team WE,Anyone's Legend,3,0,win,Team WE|Team WE|Team WE,1485.6,1538.9,1589.2,1535.8,53.4,53.4,True
LOLTMNT02_416773,2026-06-01 11:29:06,PCS,0,SillySilly Gaming,Shadow Keepers Esports,2,1,win,SillySilly Gaming|Shadow Keepers Esports|SillySilly Gaming,1572.4,1580.8,1526.4,1518.0,8.4,8.4,False
LOLTMNT05_196548,2026-06-01 15:08:25,LEC,1,Karmine Corp,GiantX,3,0,win,Karmine Corp|Karmine Corp|Karmine Corp,1635.0,1666.5,1549.2,1517.7,31.5,31.5,False
LOLTMNT02_415991,2026-06-02 09:06:11,PCS,0,Frank Esports,SillySilly Gaming,3,1,win,Frank Esports|Frank Esports|SillySilly Gaming|Frank Esports,1547.8,1578.0,1580.8,1550.6,30.3,30.3,False
13289-13289_game_1,2026-06-02 09:15:06,LPL,1,LGD Gaming,ThunderTalk Gaming,3,2,win,LGD Gaming|LGD Gaming|ThunderTalk Gaming|ThunderTalk Gaming|LGD Gaming,1461.4,1473.1,1467.0,1455.3,11.7,11.7,False
LOLTMNT02_417105,2026-06-03 08:08:10,LJL,1,Arneb,DetonatioN FocusMe Academy,2,0,win,Arneb|Arneb,1653.7,1666.7,1437.4,1424.4,13.0,13.0,False
LOLTMNT02_417112,2026-06-03 09:02:58,PCS,0,CTBC Flying Oyster Academy,Frank Esports,3,2,win,Frank Esports|CTBC Flying Oyster Academy|Frank Esports|CTBC Flying Oyster Academy|CTBC Flying Oyster Academy,1568.3,1587.2,1578.0,1559.1,18.9,18.9,False
13290-13290_game_1,2026-06-03 09:17:11,LPL,1,Bilibili Gaming,EDward Gaming,3,0,win,Bilibili Gaming|Bilibili Gaming|Bilibili Gaming,1672.0,1692.1,1469.2,1449.1,20.1,20.1,False
LOLTMNT02_418086,2026-06-03 10:17:25,LJL,1,Uwinks,New Meta,2,1,win,New Meta|Uwinks|Uwinks,1586.9,1604.9,1602.3,1584.3,18.0,18.0,False
LOLTMNT02_417237,2026-06-04 08:19:37,LJL,1,RAYN Clocks,L Guide Gaming,2,0,win,RAYN Clocks|RAYN Clocks,1508.6,1539.3,1532.3,1501.6,30.7,30.7,False
LOLTMNT02_417252,2026-06-04 10:11:45,LJL,1,Rising Gaming,FENNEL,2,0,win,Rising Gaming|Rising Gaming,1656.2,1695.7,1791.1,1751.6,39.5,39.5,True
13291-13291_game_1,2026-06-05 09:14:04,LPL,1,Anyone's Legend,LGD Gaming,3,0,win,Anyone's Legend|Anyone's Legend|Anyone's Legend,1535.8,1569.8,1473.1,1439.1,34.0,34.0,False
LOLTMNT02_418305,2026-06-05 09:16:09,LCP,1,GAM Esports,MVK Esports,3,0,win,GAM Esports|GAM Esports|GAM Esports,1532.8,1568.7,1487.0,1451.1,35.9,35.9,False
LOLTMNT01_397879,2026-06-06 08:12:31,LCK,1,Dplus Kia,HANJIN BRION,3,0,win,Dplus Kia|Dplus Kia|Dplus Kia,1536.1,1565.3,1428.2,1399.1,29.1,29.1,False
LOLTMNT02_417420,2026-06-06 09:13:28,LCP,1,Deep Cross Gaming,GAM Esports,3,2,win,Deep Cross Gaming|Deep Cross Gaming|GAM Esports|GAM Esports|Deep Cross Gaming,1588.0,1595.2,1568.7,1561.5,7.2,7.2,False
13292-13292_game_1,2026-06-06 09:16:17,LPL,1,Bilibili Gaming,JD Gaming,3,1,win,Bilibili Gaming|JD Gaming|Bilibili Gaming|Bilibili Gaming,1692.1,1701.6,1567.4,1557.9,9.5,9.5,False
LOLTMNT05_196602,2026-06-06 15:13:17,LEC,1,Karmine Corp,Movistar KOI,3,0,win,Karmine Corp|Karmine Corp|Karmine Corp,1666.5,1705.0,1643.1,1604.6,38.5,38.5,False
LOLTMNT01_398122,2026-06-06 16:16:10,CBLOL,1,FURIA,LØS,3,1,win,FURIA|LØS|FURIA|FURIA,1655.3,1672.8,1587.2,1569.7,17.5,17.5,False
LOLTMNT01_398189,2026-06-06 20:09:49,LCS,1,Team Liquid,FlyQuest,3,1,win,Team Liquid|FlyQuest|Team Liquid|Team Liquid,1569.2,1599.2,1585.0,1555.0,30.0,30.0,False
LOLTMNT01_399193,2026-06-07 08:09:33,LCK,1,KT Rolster,Dplus Kia,3,2,win,Dplus Kia|Dplus Kia|KT Rolster|KT Rolster|KT Rolster,1487.7,1520.7,1565.3,1532.2,33.1,33.1,True
LOLTMNT02_417498,2026-06-07 09:13:28,LCP,1,Team Secret Whales,Deep Cross Gaming,3,1,win,Team Secret Whales|Deep Cross Gaming|Team Secret Whales|Team Secret Whales,1685.3,1699.6,1595.2,1580.9,14.3,14.3,False
13293-13293_game_1,2026-06-07 09:15:35,LPL,1,Top Esports,Team WE,3,0,win,Top Esports|Top Esports|Top Esports,1622.3,1654.0,1538.9,1507.2,31.8,31.8,False
LOLTMNT05_195683,2026-06-07 15:35:12,LEC,1,G2 Esports,Karmine Corp,3,2,win,Karmine Corp|G2 Esports|Karmine Corp|G2 Esports|G2 Esports,1761.3,1768.3,1705.0,1698.0,7.0,7.0,False
LOLTMNT01_399326,2026-06-07 16:06:52,EWC,0,Vivo Keyd Stars,LOUD,2,1,win,Vivo Keyd Stars|LOUD|Vivo Keyd Stars,1427.0,1449.2,1498.1,1475.9,22.2,22.2,True
LOLTMNT01_399356,2026-06-07 19:18:48,EWC,0,RED Canids,Leviatan,2,0,win,RED Canids|RED Canids,1533.3,1549.3,1365.8,1349.8,16.0,16.0,False
LOLTMNT01_399373,2026-06-07 20:10:55,LCS,1,LYON,Cloud9,3,0,win,LYON|LYON|LYON,1591.6,1634.9,1609.2,1565.9,43.3,43.3,False
LOLTMNT01_398487,2026-06-07 21:33:37,EWC,0,Fluxo W7M,paiN Gaming,2,1,win,Fluxo W7M|paiN Gaming|Fluxo W7M,1484.0,1486.8,1388.3,1385.5,2.8,2.8,False
13294-13294_game_1,2026-06-08 09:25:23,LPL,1,Bilibili Gaming,Anyone's Legend,3,0,win,Bilibili Gaming|Bilibili Gaming|Bilibili Gaming,1701.6,1728.2,1569.8,1543.2,26.7,26.7,False
LOLTMNT01_398633,2026-06-08 16:08:47,EWC,0,paiN Gaming,Leviatan,2,0,win,paiN Gaming|paiN Gaming,1385.5,1411.3,1349.8,1324.0,25.8,25.8,False
LOLTMNT01_399584,2026-06-08 19:22:49,EWC,0,Vivo Keyd Stars,LØS,2,1,win,Vivo Keyd Stars|LØS|Vivo Keyd Stars,1449.2,1477.0,1569.7,1541.9,27.8,27.8,True
LOLTMNT01_399624,2026-06-08 21:50:37,EWC,0,RED Canids,Fluxo W7M,2,0,win,RED Canids|RED Canids,1549.3,1573.0,1486.8,1463.1,23.6,23.6,False
LOLTMNT01_404041,2026-06-10 18:07:30,EWC,0,LOUD,Fluxo W7M,2,0,win,LOUD|LOUD,1475.9,1503.5,1463.1,1435.5,27.7,27.7,False
LOLTMNT01_404072,2026-06-10 21:23:36,EWC,0,LØS,paiN Gaming,2,0,win,LØS|LØS,1541.9,1560.5,1411.3,1392.8,18.5,18.5,False
LOLTMNT01_405209,2026-06-11 10:39:34,VCS,1,Saigon Warriors,SN CyberCore Esports,3,0,win,Saigon Warriors|Saigon Warriors|Saigon Warriors,1640.1,1661.2,1448.8,1427.7,21.1,21.1,False
LOLTMNT01_405276,2026-06-11 18:08:09,EWC,0,RED Canids,Vivo Keyd Stars,2,0,win,RED Canids|RED Canids,1573.0,1594.0,1477.0,1455.9,21.1,21.1,False
LOLTMNT01_405296,2026-06-11 21:21:25,EWC,0,LØS,LOUD,2,1,win,LOUD|LØS|LØS,1560.5,1569.9,1503.5,1494.1,9.5,9.5,False
LOLTMNT01_405344,2026-06-12 08:25:00,LCK,1,Hanwha Life Esports,T1,3,1,win,Hanwha Life Esports|T1|Hanwha Life Esports|Hanwha Life Esports,1670.4,1705.1,1717.2,1682.5,34.7,34.7,False
LOLTMNT01_405362,2026-06-12 10:18:09,VCS,1,ZEN Esports,1TAP Dino,3,2,win,1TAP Dino|1TAP Dino|ZEN Esports|ZEN Esports|ZEN Esports,1521.1,1540.6,1522.5,1502.9,19.6,19.6,False
LOLTMNT01_404540,2026-06-13 06:22:36,LCK,1,Gen.G,KT Rolster,3,0,win,Gen.G|Gen.G|Gen.G,1711.4,1732.5,1520.7,1499.6,21.1,21.1,False
LOLTMNT01_405516,2026-06-13 08:17:03,LJL,1,Rising Gaming,Arneb,2,0,win,Rising Gaming|Rising Gaming,1695.7,1722.1,1666.7,1640.4,26.3,26.3,False
13295-13295_game_1,2026-06-13 08:30:26,LPL,1,Bilibili Gaming,Team WE,3,2,win,Bilibili Gaming|Team WE|Team WE|Bilibili Gaming|Bilibili Gaming,1728.2,1706.4,1507.2,1529.1,-21.9,21.9,False
LOLTMNT01_404580,2026-06-13 10:06:50,VCS,1,Saigon Warriors,ZEN Esports,3,1,win,Saigon Warriors|Saigon Warriors|ZEN Esports|Saigon Warriors,1661.2,1669.2,1540.6,1532.7,8.0,8.0,False
LOLTMNT01_404583,2026-06-13 10:20:26,LJL,1,FENNEL,Uwinks,2,0,win,FENNEL|FENNEL,1751.6,1769.0,1604.9,1587.5,17.4,17.4,False
LOLTMNT01_404635,2026-06-13 16:08:49,EWC,0,LØS,Vivo Keyd Stars,2,1,win,Vivo Keyd Stars|LØS|LØS,1569.9,1572.9,1455.9,1453.0,2.9,2.9,False
LOLTMNT01_405648,2026-06-13 20:14:55,LCS,1,Team Liquid,Cloud9,3,0,win,Team Liquid|Team Liquid|Team Liquid,1599.2,1636.6,1565.9,1528.5,37.4,37.4,False
LOLTMNT01_404715,2026-06-14 06:27:21,LCK,1,T1,Gen.G,3,2,win,Gen.G|T1|T1|Gen.G|T1,1682.5,1706.3,1732.5,1708.7,23.8,23.8,False
LOLTMNT01_405674,2026-06-14 08:07:17,LJL,1,FENNEL,Rising Gaming,3,2,win,Rising Gaming|FENNEL|FENNEL|Rising Gaming|FENNEL,1769.0,1775.4,1722.1,1715.7,6.3,6.3,False
13296-13296_game_1,2026-06-14 08:19:52,LPL,1,Bilibili Gaming,Top Esports,3,0,win,Bilibili Gaming|Bilibili Gaming|Bilibili Gaming,1706.4,1741.6,1654.0,1618.8,35.2,35.2,False
LOLTMNT04_172778,2026-06-14 10:13:14,VCS,1,1TAP Dino,SN CyberCore Esports,3,2,win,SN CyberCore Esports|1TAP Dino|SN CyberCore Esports|1TAP Dino|1TAP Dino,1502.9,1506.5,1427.7,1424.1,3.6,3.6,False
LOLTMNT01_404764,2026-06-14 16:08:00,EWC,0,LØS,RED Canids,3,0,win,LØS|LØS|LØS,1572.9,1616.6,1594.0,1550.3,43.7,43.7,False
LOLTMNT01_405807,2026-06-14 20:16:15,LCS,1,LYON,Team Liquid,3,0,win,LYON|LYON|LYON,1634.9,1676.4,1636.6,1595.2,41.5,41.5,False
LOLTMNT01_408160,2026-06-19 10:23:05,VCS,1,1TAP Dino,ZEN Esports,3,1,win,1TAP Dino|1TAP Dino|ZEN Esports|1TAP Dino,1506.5,1535.8,1532.7,1503.4,29.2,29.2,False
LOLTMNT01_407158,2026-06-20 10:06:13,VCS,1,Saigon Warriors,1TAP Dino,3,0,win,Saigon Warriors|Saigon Warriors|Saigon Warriors,1669.2,1695.7,1535.8,1509.2,26.5,26.5,False
LOLTMNT01_412882,2026-06-28 03:10:49,MSI,0,T1,Team Liquid,3,0,win,T1|T1|T1,1706.3,1735.1,1595.2,1566.4,28.8,28.8,False
LOLTMNT01_411913,2026-06-28 06:02:27,MSI,0,Karmine Corp,Deep Cross Gaming,3,0,win,Karmine Corp|Karmine Corp|Karmine Corp,1698.0,1726.2,1580.9,1552.7,28.2,28.2,False
LOLTMNT01_413227,2026-06-29 03:09:11,MSI,0,T1,Karmine Corp,3,0,win,T1|T1|T1,1735.1,1775.3,1726.2,1686.0,40.2,40.2,False
LOLTMNT01_414186,2026-06-29 05:48:20,MSI,0,Team Liquid,Deep Cross Gaming,3,0,win,Team Liquid|Team Liquid|Team Liquid,1566.4,1606.0,1552.7,1513.1,39.7,39.7,False
LOLTMNT01_413634,2026-06-30 08:09:29,MSI,0,Team Liquid,Karmine Corp,3,0,win,Team Liquid|Team Liquid|Team Liquid,1606.0,1656.7,1686.0,1635.3,50.7,50.7,True
LOLTMNT01_415087,2026-07-01 08:10:16,MSI,0,T1,Team Liquid,3,0,win,T1|T1|T1,1775.3,1803.3,1656.7,1628.7,28.0,28.0,False
LOLTMNT01_415781,2026-07-03 03:13:25,MSI,0,Hanwha Life Esports,Team Secret Whales,3,0,win,Hanwha Life Esports|Hanwha Life Esports|Hanwha Life Esports,1705.1,1745.7,1699.6,1659.0,40.6,40.6,False
LOLTMNT01_415814,2026-07-03 05:45:08,MSI,0,G2 Esports,Top Esports,3,2,win,Top Esports|Top Esports|G2 Esports|G2 Esports|G2 Esports,1768.3,1761.1,1618.8,1626.0,-7.2,7.2,False
LOLTMNT01_417195,2026-07-04 03:14:14,MSI,0,LYON,FURIA,3,0,win,LYON|LYON|LYON,1676.4,1717.2,1672.8,1632.0,40.8,40.8,False
LOLTMNT01_418185,2026-07-04 06:21:19,MSI,0,Bilibili Gaming,T1,3,2,win,T1|Bilibili Gaming|Bilibili Gaming|T1|Bilibili Gaming,1741.6,1767.5,1803.3,1777.4,25.9,25.9,False
LOLTMNT01_417499,2026-07-05 03:11:22,MSI,0,Team Secret Whales,Top Esports,3,1,win,Team Secret Whales|Top Esports|Team Secret Whales|Team Secret Whales,1659.0,1681.7,1626.0,1603.3,22.7,22.7,False
LOLTMNT01_417527,2026-07-05 06:48:51,MSI,0,Hanwha Life Esports,G2 Esports,3,0,win,Hanwha Life Esports|Hanwha Life Esports|Hanwha Life Esports,1745.7,1788.8,1761.1,1718.0,43.1,43.1,False
LOLTMNT01_417741,2026-07-06 03:13:20,MSI,0,Bilibili Gaming,LYON,3,0,win,Bilibili Gaming|Bilibili Gaming|Bilibili Gaming,1767.5,1802.9,1717.2,1681.8,35.4,35.4,False
LOLTMNT01_417775,2026-07-06 05:59:53,MSI,0,T1,FURIA,3,0,win,T1|T1|T1,1777.4,1802.7,1632.0,1606.6,25.3,25.3,False
LOLTMNT01_419700,2026-07-08 03:14:21,MSI,0,LYON,Team Secret Whales,3,0,win,LYON|LYON|LYON,1681.8,1723.0,1681.7,1640.4,41.2,41.2,False
LOLTMNT01_419720,2026-07-08 05:52:42,MSI,0,G2 Esports,T1,3,1,win,G2 Esports|G2 Esports|T1|G2 Esports,1718.0,1756.1,1802.7,1764.7,38.0,38.0,True
LOLTMNT01_422096,2026-07-09 08:12:21,MSI,0,Bilibili Gaming,Hanwha Life Esports,3,1,win,Bilibili Gaming|Bilibili Gaming|Hanwha Life Esports|Bilibili Gaming,1802.9,1826.1,1788.8,1765.6,23.2,23.2,False
LOLTMNT01_422565,2026-07-10 08:12:49,MSI,0,LYON,G2 Esports,3,0,win,LYON|LYON|LYON,1723.0,1768.2,1756.1,1710.9,45.1,45.1,False
LOLTMNT01_423038,2026-07-11 08:11:54,MSI,0,Hanwha Life Esports,LYON,3,2,win,Hanwha Life Esports|LYON|LYON|Hanwha Life Esports|Hanwha Life Esports,1765.6,1781.3,1768.2,1752.5,15.7,15.7,False
LOLTMNT01_423443,2026-07-12 07:27:26,MSI,0,Hanwha Life Esports,Bilibili Gaming,3,2,win,Hanwha Life Esports|Bilibili Gaming|Bilibili Gaming|Hanwha Life Esports|Hanwha Life Esports,1781.3,1804.5,1826.1,1802.8,23.3,23.3,False
LOLTMNT01_426746,2026-07-15 09:41:28,EWC,1,Gen.G,Karmine Corp,1,0,win,Gen.G,1708.7,1720.6,1635.3,1623.5,11.9,11.9,False
LOLTMNT01_425792,2026-07-15 09:51:47,EWC,1,Sentinels,Team Secret,1,0,win,Sentinels,1530.1,1545.6,1540.5,1525.1,15.4,15.4,False
LOLTMNT01_426778,2026-07-15 10:46:49,EWC,1,T1,GAM Esports,1,0,win,T1,1764.7,1771.8,1561.5,1554.4,7.1,7.1,False
LOLTMNT01_425820,2026-07-15 11:02:30,EWC,1,Bilibili Gaming,Movistar KOI,1,0,win,Bilibili Gaming,1802.8,1810.1,1604.6,1597.3,7.3,7.3,False
LOLTMNT01_425853,2026-07-15 11:58:56,EWC,1,Anyone's Legend,Dplus Kia,1,0,win,Anyone's Legend,1543.2,1557.7,1532.2,1517.7,14.5,14.5,False
LOLTMNT01_426848,2026-07-15 12:06:59,EWC,1,G2 Esports,FURIA,1,0,win,G2 Esports,1710.9,1721.5,1606.6,1596.0,10.6,10.6,False
LOLTMNT01_425900,2026-07-15 13:04:22,EWC,1,JD Gaming,LYON,1,0,win,JD Gaming,1557.9,1580.5,1752.5,1729.9,22.6,22.6,True
LOLTMNT01_426907,2026-07-15 13:13:41,EWC,1,Hanwha Life Esports,LØS,1,0,win,Hanwha Life Esports,1804.5,1812.1,1616.6,1609.0,7.6,7.6,False
LOLTMNT01_426939,2026-07-15 14:09:45,EWC,1,Karmine Corp,Team Secret,2,1,win,Karmine Corp|Team Secret|Karmine Corp,1623.5,1625.9,1525.1,1522.6,2.5,2.5,False
LOLTMNT01_425953,2026-07-15 14:09:59,EWC,1,GAM Esports,Movistar KOI,2,1,win,Movistar KOI|GAM Esports|GAM Esports,1554.4,1575.6,1597.3,1576.1,21.2,21.2,False
LOLTMNT01_428055,2026-07-15 17:15:25,EWC,1,LØS,LYON,2,0,win,LØS|LØS,1609.0,1647.5,1729.9,1691.4,38.4,38.4,True
LOLTMNT01_427048,2026-07-15 17:26:04,EWC,1,Dplus Kia,FURIA,2,0,win,Dplus Kia|Dplus Kia,1517.7,1552.8,1596.0,1560.9,35.1,35.1,True
LOLTMNT01_427197,2026-07-16 09:08:46,EWC,1,Gen.G,Sentinels,1,0,win,Gen.G,1720.6,1728.6,1545.6,1537.6,8.0,8.0,False
LOLTMNT01_427199,2026-07-16 09:16:05,EWC,1,Bilibili Gaming,T1,1,0,win,Bilibili Gaming,1810.1,1823.4,1771.8,1758.5,13.4,13.4,False
LOLTMNT01_427221,2026-07-16 10:08:51,EWC,1,Hanwha Life Esports,JD Gaming,1,0,win,Hanwha Life Esports,1812.1,1818.4,1580.5,1574.2,6.3,6.3,False
LOLTMNT01_427223,2026-07-16 10:22:33,EWC,1,Anyone's Legend,G2 Esports,1,0,win,Anyone's Legend,1557.7,1579.3,1721.5,1700.0,21.6,21.6,True
LOLTMNT01_427240,2026-07-16 11:07:53,EWC,1,Karmine Corp,Sentinels,2,0,win,Karmine Corp|Karmine Corp,1625.9,1647.6,1537.6,1515.9,21.6,21.6,False
LOLTMNT01_427261,2026-07-16 11:31:37,EWC,1,T1,GAM Esports,2,0,win,T1|T1,1758.5,1773.5,1575.6,1560.6,15.0,15.0,False
LOLTMNT01_428323,2026-07-16 13:05:27,EWC,1,JD Gaming,LØS,2,0,win,JD Gaming|JD Gaming,1574.2,1608.9,1647.5,1612.8,34.7,34.7,True
LOLTMNT01_427307,2026-07-16 13:47:13,EWC,1,Dplus Kia,G2 Esports,2,0,win,Dplus Kia|Dplus Kia,1552.8,1593.2,1700.0,1659.5,40.4,40.4,True
LOLTMNT01_428479,2026-07-17 08:09:33,LJL,1,L Guide Gaming,RAYN Clocks,3,0,win,L Guide Gaming|L Guide Gaming|L Guide Gaming,1501.6,1547.3,1539.3,1493.6,45.7,45.7,False
LOLTMNT01_428534,2026-07-17 11:08:12,EWC,1,Gen.G,JD Gaming,2,0,win,Gen.G|Gen.G,1728.6,1747.9,1608.9,1589.6,19.3,19.3,False
LOLTMNT01_429108,2026-07-17 11:12:20,EWC,1,T1,Hanwha Life Esports,2,0,win,T1|T1,1773.5,1805.9,1818.4,1786.0,32.4,32.4,False
LOLTMNT01_428577,2026-07-17 13:10:15,EWC,1,Dplus Kia,Bilibili Gaming,2,1,win,Dplus Kia|Bilibili Gaming|Dplus Kia,1593.2,1631.9,1823.4,1784.7,38.7,38.7,True
LOLTMNT01_429137,2026-07-17 13:25:34,EWC,1,Karmine Corp,Anyone's Legend,2,0,win,Karmine Corp|Karmine Corp,1647.6,1670.7,1579.3,1556.1,23.2,23.2,False
LOLTMNT01_429212,2026-07-18 08:17:57,LJL,1,New Meta,Arneb,3,0,win,New Meta|New Meta|New Meta,1584.3,1632.2,1640.4,1592.5,47.9,47.9,False
LOLTMNT01_428756,2026-07-18 11:12:40,EWC,1,Karmine Corp,T1,2,1,win,T1|Karmine Corp|Karmine Corp,1670.7,1702.2,1805.9,1774.4,31.5,31.5,True
LOLTMNT01_428801,2026-07-18 14:18:03,EWC,1,Dplus Kia,Gen.G,2,1,win,Dplus Kia|Gen.G|Dplus Kia,1631.9,1659.1,1747.9,1720.6,27.3,27.3,True
LOLTMNT01_429368,2026-07-19 08:07:45,LJL,1,FENNEL,L Guide Gaming,3,1,win,L Guide Gaming|FENNEL|FENNEL|FENNEL,1775.4,1773.7,1547.3,1548.9,-1.6,1.6,False
LOLTMNT01_429386,2026-07-19 10:12:54,EWC,1,Gen.G,T1,2,1,win,Gen.G|T1|Gen.G,1720.6,1740.8,1774.4,1754.3,20.2,20.2,False
LOLTMNT01_429406,2026-07-19 13:24:18,EWC,1,Dplus Kia,Karmine Corp,3,0,win,Dplus Kia|Dplus Kia|Dplus Kia,1659.1,1705.5,1702.2,1655.9,46.3,46.3,False
LOLTMNT01_428913,2026-07-20 08:21:49,LJL,1,New Meta,Uwinks,3,0,win,New Meta|New Meta|New Meta,1632.2,1668.2,1587.5,1551.4,36.1,36.1,False
13366-13366_game_1,2026-07-22 09:13:58,LPL,0,LGD Gaming,EDward Gaming,2,0,win,LGD Gaming|LGD Gaming,1439.1,1468.6,1449.1,1419.5,29.5,29.5,False
13367-13367_game_1,2026-07-22 11:54:52,LPL,0,Top Esports,Team WE,2,0,win,Top Esports|Top Esports,1603.3,1626.1,1529.1,1506.3,22.7,22.7,False
13368-13368_game_1,2026-07-23 09:14:40,LPL,0,Anyone's Legend,JD Gaming,2,1,win,JD Gaming|Anyone's Legend|Anyone's Legend,1556.1,1576.2,1589.6,1569.5,20.1,20.1,False
13369-13369_game_1,2026-07-23 12:51:10,LPL,0,Bilibili Gaming,ThunderTalk Gaming,2,1,win,Bilibili Gaming|ThunderTalk Gaming|Bilibili Gaming,1784.7,1767.3,1455.3,1472.8,-17.4,17.4,False
13370-13370_game_1,2026-07-24 07:13:27,LPL,0,Anyone's Legend,LGD Gaming,2,0,win,Anyone's Legend|Anyone's Legend,1576.2,1596.4,1468.6,1448.4,20.2,20.2,False
LOLTMNT02_437544,2026-07-24 08:30:21,LJL,1,Arneb,RAYN Clocks,3,0,win,Arneb|Arneb|Arneb,1592.5,1622.6,1493.6,1463.5,30.1,30.1,False
13371-13371_game_1,2026-07-24 09:20:09,LPL,0,Team WE,JD Gaming,2,1,win,Team WE|JD Gaming|Team WE,1506.3,1527.6,1569.5,1548.2,21.3,21.3,False
13372-13372_game_1,2026-07-24 12:22:10,LPL,0,Bilibili Gaming,EDward Gaming,2,1,win,EDward Gaming|Bilibili Gaming|Bilibili Gaming,1767.3,1749.9,1419.5,1436.9,-17.3,17.3,False
LOLTMNT05_214176,2026-07-24 14:46:02,LEC,0,G2 Esports,Movistar KOI,2,1,win,Movistar KOI|G2 Esports|G2 Esports,1659.5,1665.9,1576.1,1569.7,6.4,6.4,False
LOLTMNT05_213152,2026-07-24 18:04:53,LEC,0,Karmine Corp,Team Vitality,2,0,win,Karmine Corp|Karmine Corp,1655.9,1671.2,1477.8,1462.4,15.3,15.3,False
13373-13373_game_1,2026-07-25 07:14:06,LPL,0,Team WE,LGD Gaming,2,0,win,Team WE|Team WE,1527.6,1550.0,1448.4,1426.1,22.3,22.3,False
LOLTMNT02_439022,2026-07-25 09:18:53,LCP,0,MVK Esports,Ground Zero Gaming,2,0,win,MVK Esports|MVK Esports,1451.1,1472.2,1356.0,1334.9,21.1,21.1,False
13374-13374_game_1,2026-07-25 09:20:27,LPL,0,Invictus Gaming,Weibo Gaming,2,1,win,Weibo Gaming|Invictus Gaming|Invictus Gaming,1423.7,1449.9,1510.0,1483.8,26.2,26.2,True
LOLTMNT02_439087,2026-07-25 11:20:35,LCP,0,Team Secret Whales,Fukuoka SoftBank HAWKS gaming,2,0,win,Team Secret Whales|Team Secret Whales,1640.4,1656.1,1468.0,1452.3,15.7,15.7,False
13375-13375_game_1,2026-07-25 12:16:56,LPL,0,Top Esports,ThunderTalk Gaming,2,1,win,Top Esports|ThunderTalk Gaming|Top Esports,1626.1,1622.7,1472.8,1476.1,-3.3,3.3,False
LOLTMNT05_214276,2026-07-25 14:52:49,LEC,0,G2 Esports,Team Vitality,2,0,win,G2 Esports|G2 Esports,1665.9,1679.7,1462.4,1448.7,13.8,13.8,False
LOLTMNT05_214296,2026-07-25 16:38:52,LEC,0,Karmine Corp,Movistar KOI,2,0,win,Karmine Corp|Karmine Corp,1671.2,1691.8,1569.7,1549.0,20.6,20.6,False
LOLTMNT02_439253,2026-07-25 17:38:54,CBLOL,0,LØS,FURIA,2,0,win,LØS|LØS,1612.8,1637.2,1560.9,1536.4,24.5,24.5,False
LOLTMNT02_439292,2026-07-25 19:31:37,CBLOL,0,LOUD,paiN Gaming,2,1,win,paiN Gaming|LOUD|LOUD,1494.1,1498.4,1392.8,1388.4,4.4,4.4,False
LOLTMNT02_440260,2026-07-25 20:13:30,LCS,0,LYON,FlyQuest,2,0,win,LYON|LYON,1691.4,1709.5,1555.0,1536.9,18.1,18.1,False
LOLTMNT02_440292,2026-07-25 22:03:50,LCS,0,Sentinels,Dignitas,2,1,win,Dignitas|Sentinels|Sentinels,1515.9,1511.8,1334.3,1338.5,-4.1,4.1,False
13376-13376_game_1,2026-07-26 07:12:20,LPL,0,Ninjas in Pyjamas,LNG Esports,2,0,win,Ninjas in Pyjamas|Ninjas in Pyjamas,1491.8,1524.2,1537.4,1505.0,32.5,32.5,False
LOLTMNT02_439428,2026-07-26 09:18:42,LCP,0,GAM Esports,DetonatioN FocusMe,2,0,win,GAM Esports|GAM Esports,1560.6,1571.9,1311.9,1300.6,11.3,11.3,False
13377-13377_game_1,2026-07-26 09:21:19,LPL,0,ThunderTalk Gaming,EDward Gaming,2,0,win,ThunderTalk Gaming|ThunderTalk Gaming,1476.1,1501.6,1436.9,1411.4,25.5,25.5,False
LOLTMNT02_440450,2026-07-26 11:17:50,LCP,0,CTBC Flying Oyster,Deep Cross Gaming,2,0,win,CTBC Flying Oyster|CTBC Flying Oyster,1434.8,1469.9,1513.1,1478.0,35.1,35.1,True
13378-13378_game_1,2026-07-26 11:33:37,LPL,0,Bilibili Gaming,Anyone's Legend,2,1,win,Bilibili Gaming|Anyone's Legend|Bilibili Gaming,1749.9,1746.6,1596.4,1599.7,-3.3,3.3,False
LOLTMNT05_214340,2026-07-26 14:44:51,LEC,0,Team Vitality,Movistar KOI,2,1,win,Movistar KOI|Team Vitality|Team Vitality,1448.7,1476.4,1549.0,1521.3,27.7,27.7,True
LOLTMNT02_439648,2026-07-26 16:09:53,CBLOL,0,Fluxo W7M,Leviatan,2,0,win,Fluxo W7M|Fluxo W7M,1435.5,1455.4,1324.0,1304.1,19.9,19.9,False
LOLTMNT05_214361,2026-07-26 17:38:42,LEC,0,Karmine Corp,G2 Esports,2,1,win,Karmine Corp|G2 Esports|Karmine Corp,1691.8,1704.2,1679.7,1667.3,12.4,12.4,False
LOLTMNT02_440629,2026-07-26 18:11:19,CBLOL,0,Vivo Keyd Stars,RED Canids,2,1,win,Vivo Keyd Stars|RED Canids|Vivo Keyd Stars,1453.0,1478.1,1550.3,1525.1,25.2,25.2,True
LOLTMNT02_439759,2026-07-26 20:24:27,LCS,0,Team Liquid,Cloud9,2,0,win,Team Liquid|Team Liquid,1628.7,1649.4,1528.5,1507.8,20.7,20.7,False
LOLTMNT02_439792,2026-07-26 22:15:36,LCS,0,Shopify Rebellion,Disguised,2,0,win,Shopify Rebellion|Shopify Rebellion,1357.2,1387.4,1375.5,1345.3,30.2,30.2,False
LOLTMNT02_442746,2026-07-29 08:05:41,LCK,0,Nongshim RedForce,Kiwoom DRX,2,0,win,Nongshim RedForce|Nongshim RedForce,1362.8,1397.1,1430.7,1396.5,34.3,34.3,False
LOLTMNT02_441892,2026-07-29 08:14:00,LJL,1,L Guide Gaming,Arneb,3,2,win,L Guide Gaming|Arneb|L Guide Gaming|Arneb|L Guide Gaming,1548.9,1575.1,1622.6,1596.5,26.1,26.1,True
13379-13379_game_1,2026-07-29 09:12:39,LPL,0,Anyone's Legend,Top Esports,2,0,win,Anyone's Legend|Anyone's Legend,1599.7,1630.4,1622.7,1592.1,30.6,30.6,False
LOLTMNT02_441926,2026-07-29 10:14:12,LCK,0,KT Rolster,T1,2,0,win,KT Rolster|KT Rolster,1499.6,1546.9,1754.3,1706.9,47.4,47.4,True
13380-13380_game_1,2026-07-29 11:30:22,LPL,0,Bilibili Gaming,LGD Gaming,2,1,win,Bilibili Gaming|LGD Gaming|Bilibili Gaming,1746.6,1729.7,1426.1,1443.0,-16.9,16.9,False
13381-13381_game_1,2026-07-30 07:12:45,LPL,0,Ninjas in Pyjamas,Weibo Gaming,2,0,win,Ninjas in Pyjamas|Ninjas in Pyjamas,1524.2,1549.6,1483.8,1458.4,25.4,25.4,False
LOLTMNT02_444167,2026-07-30 08:07:12,LCK,0,BNK FEARX,DN SOOPers,2,0,win,BNK FEARX|BNK FEARX,1442.1,1455.2,1227.9,1214.8,13.1,13.1,False
LOLTMNT02_443318,2026-07-30 09:18:14,LCP,0,DetonatioN FocusMe,Fukuoka SoftBank HAWKS gaming,2,1,win,DetonatioN FocusMe|Fukuoka SoftBank HAWKS gaming|DetonatioN FocusMe,1300.6,1331.7,1452.3,1421.2,31.1,31.1,True
13382-13382_game_1,2026-07-30 09:20:01,LPL,0,Team WE,EDward Gaming,2,0,win,Team WE|Team WE,1550.0,1567.9,1411.4,1393.4,18.0,18.0,False
LOLTMNT02_443344,2026-07-30 10:17:39,LCK,0,Dplus Kia,Hanwha Life Esports,2,1,win,Dplus Kia|Hanwha Life Esports|Dplus Kia,1705.5,1728.7,1786.0,1762.7,23.3,23.3,True
13383-13383_game_1,2026-07-30 11:32:58,LPL,0,JD Gaming,ThunderTalk Gaming,2,1,win,ThunderTalk Gaming|JD Gaming|JD Gaming,1548.2,1558.9,1501.6,1490.9,10.7,10.7,False
LOLTMNT02_444279,2026-07-30 12:29:55,LCP,0,Deep Cross Gaming,Ground Zero Gaming,2,1,win,Ground Zero Gaming|Deep Cross Gaming|Deep Cross Gaming,1478.0,1477.8,1334.9,1335.1,-0.2,0.2,False
13384-13384_game_1,2026-07-31 07:12:16,LPL,0,Anyone's Legend,EDward Gaming,2,0,win,Anyone's Legend|Anyone's Legend,1630.4,1642.2,1393.4,1381.5,11.9,11.9,False
LOLTMNT02_444480,2026-07-31 08:15:35,LCK,0,T1,Gen.G,2,0,win,T1|T1,1706.9,1738.4,1740.8,1709.3,31.5,31.5,False
13385-13385_game_1,2026-07-31 09:09:46,LPL,0,Bilibili Gaming,Team WE,2,0,win,Bilibili Gaming|Bilibili Gaming,1729.7,1746.1,1567.9,1551.5,16.4,16.4,False
LOLTMNT02_444499,2026-07-31 09:22:46,LCP,0,Team Secret Whales,MVK Esports,2,0,win,Team Secret Whales|Team Secret Whales,1656.1,1671.1,1472.2,1457.3,15.0,15.0,False
LOLTMNT02_444519,2026-07-31 10:28:31,LCK,0,Kiwoom DRX,HANJIN BRION,2,1,win,HANJIN BRION|Kiwoom DRX|Kiwoom DRX,1396.5,1413.0,1399.1,1382.6,16.5,16.5,False
LOLTMNT05_214781,2026-07-31 11:33:17,LCP,0,CTBC Flying Oyster,GAM Esports,2,1,win,GAM Esports|CTBC Flying Oyster|CTBC Flying Oyster,1469.9,1497.8,1571.9,1543.9,27.9,27.9,True
LOLTMNT04_182038,2026-07-31 15:08:55,LEC,0,Team Vitality,Team Heretics,2,0,win,Team Vitality|Team Vitality,1476.4,1491.7,1298.2,1282.9,15.3,15.3,False
LOLTMNT04_182048,2026-07-31 16:58:35,LEC,0,Movistar KOI,Shifters,2,1,win,Shifters|Movistar KOI|Movistar KOI,1521.3,1526.8,1430.4,1424.9,5.5,5.5,False
13386-13386_game_1,2026-08-01 07:13:04,LPL,0,Anyone's Legend,ThunderTalk Gaming,2,0,win,Anyone's Legend|Anyone's Legend,1642.2,1659.3,1490.9,1473.8,17.1,17.1,False
LOLTMNT02_444700,2026-08-01 08:05:28,LCK,0,Nongshim RedForce,BNK FEARX,2,1,win,Nongshim RedForce|BNK FEARX|Nongshim RedForce,1397.1,1417.8,1455.2,1434.5,20.7,20.7,False
13387-13387_game_1,2026-08-01 09:11:40,LPL,0,Top Esports,LGD Gaming,2,1,win,LGD Gaming|Top Esports|Top Esports,1592.1,1591.3,1443.0,1443.8,-0.8,0.8,False
LOLTMNT05_213713,2026-08-01 09:25:30,LCP,0,Deep Cross Gaming,DetonatioN FocusMe,2,0,win,Deep Cross Gaming|Deep Cross Gaming,1477.8,1495.2,1331.7,1314.3,17.4,17.4,False
LOLTMNT05_213731,2026-08-01 11:28:23,LCP,0,MVK Esports,GAM Esports,2,0,win,MVK Esports|MVK Esports,1457.3,1493.0,1543.9,1508.2,35.8,35.8,True
13388-13388_game_1,2026-08-01 12:04:15,LPL,0,Bilibili Gaming,JD Gaming,2,0,win,Bilibili Gaming|Bilibili Gaming,1746.1,1760.8,1558.9,1544.2,14.8,14.8,False
LOLTMNT02_444730,2026-08-01 12:05:06,LCK,0,Dplus Kia,Gen.G,1,0,win,Dplus Kia,1728.7,1742.9,1709.3,1695.1,14.2,14.2,False
LOLTMNT04_182081,2026-08-01 15:08:25,LEC,0,SK Gaming,GiantX,2,1,win,SK Gaming|GiantX|SK Gaming,1401.8,1429.1,1517.7,1490.5,27.3,27.3,True
LOLTMNT01_434560,2026-08-01 16:11:48,CBLOL,0,Vivo Keyd Stars,FURIA,2,0,win,Vivo Keyd Stars|Vivo Keyd Stars,1478.1,1511.6,1536.4,1502.9,33.5,33.5,False
LOLTMNT01_434599,2026-08-01 17:53:31,CBLOL,0,paiN Gaming,Leviatan,2,0,win,paiN Gaming|paiN Gaming,1388.4,1410.4,1304.1,1282.1,21.9,21.9,False
LOLTMNT04_181079,2026-08-01 18:36:35,LEC,0,Karmine Corp,Natus Vincere,2,0,win,Karmine Corp|Karmine Corp,1704.2,1719.0,1517.3,1502.6,14.8,14.8,False
LOLTMNT01_433615,2026-08-01 20:11:18,LCS,0,Cloud9,Dignitas,2,1,win,Dignitas|Cloud9|Cloud9,1507.8,1504.8,1338.5,1341.4,-2.9,2.9,False
LOLTMNT01_433652,2026-08-01 23:13:11,LCS,0,FlyQuest,Disguised,2,0,win,FlyQuest|FlyQuest,1536.9,1551.4,1345.3,1330.8,14.5,14.5,False
13389-13389_game_1,2026-08-02 07:14:14,LPL,0,Team WE,ThunderTalk Gaming,2,1,win,ThunderTalk Gaming|Team WE|Team WE,1551.5,1558.6,1473.8,1466.8,7.1,7.1,False
LOLTMNT02_444825,2026-08-02 08:07:10,LCK,0,DN SOOPers,HANJIN BRION,2,1,win,DN SOOPers|HANJIN BRION|DN SOOPers,1214.8,1247.6,1382.6,1349.9,32.8,32.8,True
LOLTMNT05_213757,2026-08-02 09:24:58,LCP,0,Team Secret Whales,CTBC Flying Oyster,3,0,win,Team Secret Whales|Team Secret Whales|Team Secret Whales,1671.1,1693.8,1497.8,1475.1,22.7,22.7,False
13390-13390_game_1,2026-08-02 10:15:31,LPL,0,Invictus Gaming,LNG Esports,2,0,win,Invictus Gaming|Invictus Gaming,1449.9,1483.2,1505.0,1471.7,33.2,33.2,False
LOLTMNT02_443862,2026-08-02 11:27:57,LCK,0,KT Rolster,Hanwha Life Esports,2,1,win,KT Rolster|Hanwha Life Esports|KT Rolster,1546.9,1584.3,1762.7,1725.3,37.4,37.4,True
13391-13391_game_1,2026-08-02 12:13:49,LPL,0,Top Esports,JD Gaming,2,0,win,Top Esports|Top Esports,1591.3,1616.2,1544.2,1519.3,24.9,24.9,False
LOLTMNT04_182126,2026-08-02 15:08:27,LEC,0,G2 Esports,SK Gaming,2,0,win,G2 Esports|G2 Esports,1667.3,1679.1,1429.1,1417.3,11.8,11.8,False
LOLTMNT01_434903,2026-08-02 16:10:42,CBLOL,0,LOUD,Fluxo W7M,2,0,win,LOUD|LOUD,1498.4,1523.6,1455.4,1430.2,25.2,25.2,False
LOLTMNT04_182141,2026-08-02 17:19:20,LEC,0,Movistar KOI,Fnatic,2,1,win,Movistar KOI|Fnatic|Movistar KOI,1526.8,1530.1,1435.2,1432.0,3.2,3.2,False
LOLTMNT01_433904,2026-08-02 17:48:18,CBLOL,0,LØS,RED Canids,2,0,win,LØS|LØS,1637.2,1657.1,1525.1,1505.3,19.9,19.9,False
LOLTMNT01_433972,2026-08-02 20:08:21,LCS,0,LYON,Shopify Rebellion,2,0,win,LYON|LYON,1709.5,1717.5,1387.4,1379.5,8.0,8.0,False
LOLTMNT01_436004,2026-08-02 21:57:11,LCS,0,Team Liquid,Sentinels,2,0,win,Team Liquid|Team Liquid,1649.4,1667.4,1511.8,1493.8,18.0,18.0,False
LOLTMNT01_435135,2026-08-03 09:04:09,PCS,0,CTBC Flying Oyster Academy,Sponge Gaming,2,0,win,CTBC Flying Oyster Academy|CTBC Flying Oyster Academy,1587.2,1608.9,1500.0,1478.3,21.7,21.7,False
LOLTMNT01_436192,2026-08-03 10:45:33,PCS,0,Embrace Whatever Happens,Ground Zero Academy,2,0,win,Embrace Whatever Happens|Embrace Whatever Happens,1500.0,1524.1,1442.8,1418.7,24.1,24.1,False
LOLTMNT04_181154,2026-08-03 15:09:03,LEC,0,Natus Vincere,Shifters,2,0,win,Natus Vincere|Natus Vincere,1502.6,1525.0,1424.9,1402.4,22.5,22.5,False
LOLTMNT04_182188,2026-08-03 17:12:09,LEC,0,Karmine Corp,Team Heretics,2,0,win,Karmine Corp|Karmine Corp,1719.0,1723.4,1282.9,1278.4,4.5,4.5,False
LOLTMNT01_436629,2026-08-04 09:04:25,PCS,0,Frank Esports,RogerSaMa,2,0,win,Frank Esports|Frank Esports,1559.1,1583.0,1500.0,1476.1,23.9,23.9,False
LOLTMNT01_436676,2026-08-04 10:39:47,PCS,0,SillySilly Gaming,Reignfall,2,0,win,SillySilly Gaming|SillySilly Gaming,1550.6,1575.2,1500.0,1475.4,24.6,24.6,False
LOLTMNT01_437088,2026-08-05 08:04:53,LCK,0,HANJIN BRION,Nongshim RedForce,2,1,win,HANJIN BRION|Nongshim RedForce|HANJIN BRION,1349.9,1371.7,1417.8,1396.0,21.8,21.8,False
LOLTMNT01_437091,2026-08-05 08:16:25,LJL,1,FENNEL,New Meta,3,0,win,FENNEL|FENNEL|FENNEL,1773.7,1803.1,1668.2,1638.9,29.4,29.4,False
13392-13392_game_1,2026-08-05 09:12:56,LPL,0,JD Gaming,LGD Gaming,2,1,win,JD Gaming|LGD Gaming|JD Gaming,1519.3,1524.3,1443.8,1438.8,5.0,5.0,False
LOLTMNT01_438137,2026-08-05 11:19:04,LCK,0,Gen.G,Hanwha Life Esports,2,1,win,Gen.G|Hanwha Life Esports|Gen.G,1695.1,1712.5,1725.3,1707.9,17.4,17.4,False
13393-13393_game_1,2026-08-05 12:33:28,LPL,0,Top Esports,EDward Gaming,2,0,win,Top Esports|Top Esports,1616.2,1628.2,1381.5,1369.5,12.0,12.0,False
13394-13394_game_1,2026-08-06 07:13:37,LPL,0,ThunderTalk Gaming,LGD Gaming,2,1,win,LGD Gaming|ThunderTalk Gaming|ThunderTalk Gaming,1466.8,1479.6,1438.8,1425.9,12.9,12.9,False
LOLTMNT01_437554,2026-08-06 08:07:39,LCK,0,Kiwoom DRX,DN SOOPers,2,0,win,Kiwoom DRX|Kiwoom DRX,1413.0,1429.1,1247.6,1231.4,16.1,16.1,False
LOLTMNT01_438574,2026-08-06 09:18:15,LCP,0,Ground Zero Gaming,Fukuoka SoftBank HAWKS gaming,3,0,win,Ground Zero Gaming|Ground Zero Gaming|Ground Zero Gaming,1335.1,1386.5,1421.2,1369.9,51.4,51.4,True
LOLTMNT01_438592,2026-08-06 10:15:34,LCK,0,T1,Dplus Kia,2,0,win,T1|T1,1738.4,1767.5,1742.9,1713.8,29.1,29.1,False
13395-13395_game_1,2026-08-06 10:22:31,LPL,0,Ninjas in Pyjamas,Invictus Gaming,2,1,win,Invictus Gaming|Ninjas in Pyjamas|Ninjas in Pyjamas,1549.6,1558.0,1483.2,1474.8,8.3,8.3,False
13396-13396_game_1,2026-08-06 13:49:40,LPL,0,Team WE,Anyone's Legend,2,0,win,Team WE|Team WE,1558.6,1595.5,1659.3,1622.4,36.9,36.9,True
13397-13397_game_1,2026-08-07 07:20:16,LPL,0,JD Gaming,EDward Gaming,2,0,win,JD Gaming|JD Gaming,1524.3,1541.2,1369.5,1352.7,16.8,16.8,False
LOLTMNT01_437976,2026-08-07 08:07:40,LCK,0,Gen.G,KT Rolster,2,0,win,Gen.G|Gen.G,1712.5,1731.2,1584.3,1565.6,18.7,18.7,False
LOLTMNT01_439053,2026-08-07 09:16:22,LCP,0,GAM Esports,DetonatioN FocusMe,3,0,win,GAM Esports|GAM Esports|GAM Esports,1508.2,1529.0,1314.3,1293.4,20.9,20.9,False
13398-13398_game_1,2026-08-07 09:43:42,LPL,0,Team WE,ThunderTalk Gaming,1,1,draw,ThunderTalk Gaming|Team WE,1595.5,1587.4,1479.6,1487.7,-8.1,8.1,False
LOLTMNT01_440028,2026-08-07 10:11:30,LCK,0,HANJIN BRION,BNK FEARX,2,0,win,HANJIN BRION|HANJIN BRION,1371.7,1405.5,1434.5,1400.7,33.9,33.9,False
13399-13399_game_1,2026-08-07 12:49:11,LPL,0,Top Esports,Bilibili Gaming,2,0,win,Top Esports|Top Esports,1628.2,1667.5,1760.8,1721.5,39.3,39.3,True
LOLTMNT04_182459,2026-08-07 15:10:01,LEC,0,GiantX,Shifters,2,1,win,GiantX|Shifters|GiantX,1490.5,1494.1,1402.4,1398.8,3.6,3.6,False
LOLTMNT04_181542,2026-08-07 17:56:40,LEC,0,Team Heretics,Fnatic,2,1,win,Team Heretics|Fnatic|Team Heretics,1278.4,1309.7,1432.0,1400.7,31.3,31.3,True
LOLTMNT01_439248,2026-08-07 21:10:00,CBLOL,0,Vivo Keyd Stars,Fluxo W7M,2,1,win,Fluxo W7M|Vivo Keyd Stars|Vivo Keyd Stars,1511.6,1518.3,1430.2,1423.6,6.6,6.6,False
LOLTMNT01_439279,2026-08-07 23:48:44,CBLOL,0,FURIA,LOUD,2,0,win,FURIA|FURIA,1502.9,1533.3,1523.6,1493.2,30.4,30.4,False
13400-13400_game_1,2026-08-08 07:20:09,LPL,0,Weibo Gaming,LNG Esports,2,0,win,Weibo Gaming|Weibo Gaming,1458.4,1488.2,1471.7,1441.9,29.8,29.8,False
LOLTMNT01_440328,2026-08-08 08:08:11,LCK,0,Hanwha Life Esports,T1,2,1,win,T1|Hanwha Life Esports|Hanwha Life Esports,1707.9,1731.1,1767.5,1744.3,23.2,23.2,False
LOLTMNT01_439361,2026-08-08 09:18:40,LCP,0,MVK Esports,Deep Cross Gaming,3,2,win,Deep Cross Gaming|MVK Esports|Deep Cross Gaming|MVK Esports|MVK Esports,1493.0,1510.6,1495.2,1477.6,17.6,17.6,False
13401-13401_game_1,2026-08-08 09:37:30,LPL,0,Anyone's Legend,LGD Gaming,2,0,win,Anyone's Legend|Anyone's Legend,1622.4,1636.6,1425.9,1411.7,14.2,14.2,False
LOLTMNT01_440394,2026-08-08 11:16:34,LCK,0,DN SOOPers,Nongshim RedForce,2,0,win,DN SOOPers|DN SOOPers,1231.4,1273.1,1396.0,1354.3,41.7,41.7,True
13402-13402_game_1,2026-08-08 11:57:15,LPL,0,Bilibili Gaming,EDward Gaming,2,0,win,Bilibili Gaming|Bilibili Gaming,1721.5,1727.8,1352.7,1346.4,6.3,6.3,False
LOLTMNT04_182506,2026-08-08 15:12:26,LEC,0,Natus Vincere,SK Gaming,2,1,win,Natus Vincere|SK Gaming|Natus Vincere,1525.0,1526.5,1417.3,1415.8,1.5,1.5,False
LOLTMNT01_440490,2026-08-08 16:12:41,CBLOL,0,RED Canids,paiN Gaming,2,0,win,RED Canids|RED Canids,1505.3,1526.4,1410.4,1389.2,21.1,21.1,False
LOLTMNT01_439526,2026-08-08 17:56:44,CBLOL,0,LØS,Leviatan,2,0,win,LØS|LØS,1657.1,1663.2,1282.1,1276.0,6.1,6.1,False
LOLTMNT04_182525,2026-08-08 18:02:38,LEC,0,GiantX,Movistar KOI,2,0,win,GiantX|GiantX,1494.1,1525.7,1530.1,1498.4,31.7,31.7,False
LOLTMNT01_440548,2026-08-08 20:07:00,LCS,0,Cloud9,Disguised,2,1,win,Cloud9|Disguised|Cloud9,1504.8,1499.5,1330.8,1336.2,-5.3,5.3,False
LOLTMNT01_440580,2026-08-08 22:36:20,LCS,0,Shopify Rebellion,Sentinels,2,1,win,Sentinels|Shopify Rebellion|Shopify Rebellion,1379.5,1408.7,1493.8,1464.5,29.3,29.3,True
13403-13403_game_1,2026-08-09 07:15:30,LPL,0,Invictus Gaming,LNG Esports,2,0,win,Invictus Gaming|Invictus Gaming,1474.8,1500.8,1441.9,1415.9,26.0,26.0,False
LOLTMNT01_439669,2026-08-09 08:07:07,LCK,0,Dplus Kia,KT Rolster,2,1,win,KT Rolster|Dplus Kia|Dplus Kia,1713.8,1713.1,1565.6,1566.4,-0.7,0.7,False
LOLTMNT01_439697,2026-08-09 09:23:45,LCP,0,CTBC Flying Oyster,Ground Zero Gaming,3,1,win,Ground Zero Gaming|CTBC Flying Oyster|CTBC Flying Oyster|CTBC Flying Oyster,1475.1,1491.7,1386.5,1369.9,16.6,16.6,False
13404-13404_game_1,2026-08-09 09:29:08,LPL,0,Top Esports,ThunderTalk Gaming,2,0,win,Top Esports|Top Esports,1667.5,1682.7,1487.7,1472.5,15.2,15.2,False
LOLTMNT01_439728,2026-08-09 11:01:09,LCK,0,BNK FEARX,Kiwoom DRX,2,0,win,BNK FEARX|BNK FEARX,1400.7,1431.7,1429.1,1398.1,31.1,31.1,False
13405-13405_game_1,2026-08-09 11:33:03,LPL,0,JD Gaming,Team WE,2,0,win,JD Gaming|JD Gaming,1541.2,1573.7,1587.4,1554.9,32.5,32.5,False
LOLTMNT04_181649,2026-08-09 15:08:47,LEC,0,G2 Esports,Team Heretics,2,0,win,G2 Esports|G2 Esports,1679.1,1685.4,1309.7,1303.4,6.3,6.3,False
LOLTMNT01_440847,2026-08-09 16:08:11,CBLOL,0,LOUD,Vivo Keyd Stars,2,0,win,LOUD|LOUD,1493.2,1524.0,1518.3,1487.5,30.8,30.8,False
LOLTMNT04_181671,2026-08-09 16:56:02,LEC,0,Karmine Corp,Fnatic,2,0,win,Karmine Corp|Karmine Corp,1723.4,1731.4,1400.7,1392.8,7.9,7.9,False
LOLTMNT01_440897,2026-08-09 17:55:17,CBLOL,0,FURIA,Fluxo W7M,2,0,win,FURIA|FURIA,1533.3,1553.3,1423.6,1403.5,20.0,20.0,False
LOLTMNT01_440962,2026-08-09 20:08:29,LCS,0,LYON,Dignitas,2,0,win,LYON|LYON,1717.5,1723.6,1341.4,1335.3,6.1,6.1,False
LOLTMNT01_439989,2026-08-09 21:39:44,LCS,0,Team Liquid,FlyQuest,2,0,win,Team Liquid|Team Liquid,1667.4,1687.0,1551.4,1531.8,19.6,19.6,False
LOLTMNT01_441087,2026-08-10 09:05:19,PCS,0,Sponge Gaming,Ground Zero Academy,2,0,win,Sponge Gaming|Sponge Gaming,1478.3,1502.2,1418.7,1394.8,23.9,23.9,False
LOLTMNT01_441127,2026-08-10 10:41:15,PCS,0,Reignfall,RogerSaMa,2,1,win,RogerSaMa|Reignfall|Reignfall,1475.4,1491.7,1476.1,1459.8,16.3,16.3,False
LOLTMNT04_181702,2026-08-10 15:07:37,LEC,0,Team Vitality,SK Gaming,2,0,win,Team Vitality|Team Vitality,1491.7,1514.3,1415.8,1393.2,22.6,22.6,False
LOLTMNT04_182630,2026-08-10 16:52:49,LEC,0,G2 Esports,Natus Vincere,2,0,win,G2 Esports|G2 Esports,1685.4,1702.0,1526.5,1509.9,16.6,16.6,False
LOLTMNT01_441371,2026-08-10 21:10:38,CBLOL,0,Leviatan,RED Canids,2,0,win,Leviatan|Leviatan,1276.0,1323.1,1526.4,1479.3,47.1,47.1,True
LOLTMNT01_441403,2026-08-10 23:18:33,CBLOL,0,LØS,paiN Gaming,2,0,win,LØS|LØS,1663.2,1673.2,1389.2,1379.2,10.0,10.0,False
LOLTMNT01_441503,2026-08-11 08:09:38,LJL,1,L Guide Gaming,Uwinks,3,2,win,Uwinks|L Guide Gaming|L Guide Gaming|Uwinks|L Guide Gaming,1575.1,1585.6,1551.4,1540.9,10.5,10.5,False
LOLTMNT01_442488,2026-08-11 09:09:57,PCS,0,CTBC Flying Oyster Academy,Embrace Whatever Happens,2,0,win,CTBC Flying Oyster Academy|CTBC Flying Oyster Academy,1608.9,1630.8,1524.1,1502.2,21.9,21.9,False
LOLTMNT01_441574,2026-08-11 10:51:41,PCS,0,Frank Esports,SillySilly Gaming,2,1,win,Frank Esports|SillySilly Gaming|Frank Esports,1583.0,1595.9,1575.2,1562.3,12.9,12.9,False
LOLTMNT01_442886,2026-08-12 08:07:18,LCK,0,DN SOOPers,Nongshim RedForce,2,1,win,Nongshim RedForce|DN SOOPers|DN SOOPers,1273.1,1298.7,1354.3,1328.7,25.6,25.6,True
13406-13406_game_1,2026-08-12 09:18:29,LPL,0,Anyone's Legend,EDward Gaming,2,1,win,EDward Gaming|Anyone's Legend|Anyone's Legend,1636.6,1623.1,1346.4,1359.9,-13.5,13.5,False
LOLTMNT01_441955,2026-08-12 11:02:08,LCK,0,Dplus Kia,KT Rolster,2,0,win,Dplus Kia|Dplus Kia,1713.1,1730.5,1566.4,1549.0,17.4,17.4,False
13407-13407_game_1,2026-08-12 12:48:07,LPL,0,JD Gaming,Bilibili Gaming,2,1,win,Bilibili Gaming|JD Gaming|JD Gaming,1573.7,1607.1,1727.8,1694.4,33.4,33.4,True
13408-13408_game_1,2026-08-13 07:13:35,LPL,0,Ninjas in Pyjamas,Weibo Gaming,2,1,win,Ninjas in Pyjamas|Weibo Gaming|Ninjas in Pyjamas,1558.0,1563.7,1488.2,1482.5,5.7,5.7,False
LOLTMNT01_443225,2026-08-13 08:06:50,LCK,0,BNK FEARX,Kiwoom DRX,2,1,win,Kiwoom DRX|BNK FEARX|BNK FEARX,1431.7,1443.9,1398.1,1385.9,12.2,12.2,False
LOLTMNT01_443254,2026-08-13 09:19:30,LCP,0,GAM Esports,Deep Cross Gaming,3,1,win,Deep Cross Gaming|GAM Esports|GAM Esports|GAM Esports,1529.0,1551.1,1477.6,1455.6,22.1,22.1,False
13409-13409_game_1,2026-08-13 10:30:13,LPL,0,LGD Gaming,Top Esports,2,0,win,LGD Gaming|LGD Gaming,1411.7,1460.0,1682.7,1634.5,48.2,48.2,True
LOLTMNT01_444239,2026-08-13 11:04:48,LCK,0,Gen.G,Hanwha Life Esports,2,0,win,Gen.G|Gen.G,1731.2,1759.9,1731.1,1702.4,28.7,28.7,False
13410-13410_game_1,2026-08-13 13:04:05,LPL,0,Bilibili Gaming,ThunderTalk Gaming,2,0,win,Bilibili Gaming|Bilibili Gaming,1694.4,1707.1,1472.5,1459.8,12.7,12.7,False
13411-13411_game_1,2026-08-14 07:13:20,LPL,0,LGD Gaming,EDward Gaming,2,0,win,LGD Gaming|LGD Gaming,1460.0,1480.7,1359.9,1339.1,20.7,20.7,False
LOLTMNT01_443574,2026-08-14 08:08:00,LCK,0,Dplus Kia,T1,2,1,win,T1|Dplus Kia|Dplus Kia,1730.5,1748.3,1744.3,1726.5,17.8,17.8,False
13412-13412_game_1,2026-08-14 09:09:44,LPL,0,Team WE,Top Esports,2,0,win,Team WE|Team WE,1554.9,1590.1,1634.5,1599.3,35.2,35.2,True
LOLTMNT01_443605,2026-08-14 09:22:58,LCP,0,CTBC Flying Oyster,MVK Esports,3,2,win,MVK Esports|MVK Esports|CTBC Flying Oyster|CTBC Flying Oyster|CTBC Flying Oyster,1491.7,1514.4,1510.6,1487.9,22.7,22.7,False
13413-13413_game_1,2026-08-14 11:16:17,LPL,0,Anyone's Legend,JD Gaming,2,1,win,JD Gaming|Anyone's Legend|Anyone's Legend,1623.1,1637.4,1607.1,1592.8,14.3,14.3,False
LOLTMNT01_444599,2026-08-14 11:28:48,LCK,0,Nongshim RedForce,HANJIN BRION,2,0,win,Nongshim RedForce|Nongshim RedForce,1328.7,1363.7,1405.5,1370.5,35.0,35.0,True
LOLTMNT05_218045,2026-08-14 15:07:55,LEC,0,SK Gaming,Shifters,2,0,win,SK Gaming|SK Gaming,1393.2,1422.4,1398.8,1369.6,29.2,29.2,False
LOLTMNT05_218052,2026-08-14 17:02:02,LEC,0,Team Vitality,GiantX,2,1,win,Team Vitality|GiantX|Team Vitality,1514.3,1529.5,1525.7,1510.6,15.2,15.2,False
13414-13414_game_1,2026-08-15 07:13:13,LPL,0,Ninjas in Pyjamas,LNG Esports,2,1,win,Ninjas in Pyjamas|LNG Esports|Ninjas in Pyjamas,1563.7,1560.9,1415.9,1418.7,-2.8,2.8,False
LOLTMNT01_443758,2026-08-15 08:08:03,LCK,0,Hanwha Life Esports,KT Rolster,2,1,win,KT Rolster|Hanwha Life Esports|Hanwha Life Esports,1702.4,1701.1,1549.0,1550.3,-1.3,1.3,False
LOLTMNT01_443784,2026-08-15 09:22:54,LCP,0,Ground Zero Gaming,DetonatioN FocusMe,3,0,win,Ground Zero Gaming|Ground Zero Gaming|Ground Zero Gaming,1369.9,1402.4,1293.4,1260.9,32.5,32.5,False
13415-13415_game_1,2026-08-15 10:04:27,LPL,0,Anyone's Legend,ThunderTalk Gaming,2,1,win,ThunderTalk Gaming|Anyone's Legend|Anyone's Legend,1637.4,1633.6,1459.8,1463.5,-3.7,3.7,False
LOLTMNT01_444760,2026-08-15 11:08:43,LCK,0,DN SOOPers,BNK FEARX,2,0,win,DN SOOPers|DN SOOPers,1298.7,1339.0,1443.9,1403.6,40.3,40.3,True
13416-13416_game_1,2026-08-15 13:09:39,LPL,0,Bilibili Gaming,Team WE,2,0,win,Bilibili Gaming|Bilibili Gaming,1707.1,1726.6,1590.1,1570.6,19.5,19.5,False
LOLTMNT05_218159,2026-08-15 15:07:14,LEC,0,Fnatic,SK Gaming,2,0,win,Fnatic|Fnatic,1392.8,1423.9,1422.4,1391.2,31.2,31.2,False
LOLTMNT02_450511,2026-08-15 16:11:31,CBLOL,0,FURIA,RED Canids,2,1,win,FURIA|RED Canids|FURIA,1553.3,1558.5,1479.3,1474.1,5.2,5.2,False
LOLTMNT05_217160,2026-08-15 17:02:23,LEC,0,G2 Esports,Shifters,2,0,win,G2 Esports|G2 Esports,1702.0,1709.6,1369.6,1362.1,7.6,7.6,False
LOLTMNT02_449463,2026-08-15 18:54:06,CBLOL,0,LØS,Vivo Keyd Stars,2,0,win,LØS|LØS,1673.2,1688.1,1487.5,1472.6,14.8,14.8,False
LOLTMNT02_449488,2026-08-15 20:08:26,LCS,0,Team Liquid,Disguised,2,0,win,Team Liquid|Team Liquid,1687.0,1693.9,1336.2,1329.3,6.9,6.9,False
LOLTMNT02_450615,2026-08-15 21:49:02,LCS,0,Shopify Rebellion,Dignitas,2,1,win,Dignitas|Shopify Rebellion|Shopify Rebellion,1408.7,1416.3,1335.3,1327.8,7.5,7.5,False
13417-13417_game_1,2026-08-16 07:13:19,LPL,0,LGD Gaming,JD Gaming,2,1,win,JD Gaming|LGD Gaming|LGD Gaming,1480.7,1509.7,1592.8,1563.8,29.0,29.0,True
LOLTMNT01_444860,2026-08-16 08:07:26,LCK,0,Gen.G,T1,2,0,win,Gen.G|Gen.G,1759.9,1785.9,1726.5,1700.5,26.0,26.0,False
LOLTMNT01_444879,2026-08-16 09:17:23,LCP,0,CTBC Flying Oyster,Team Secret Whales,3,2,win,Team Secret Whales|CTBC Flying Oyster|Team Secret Whales|CTBC Flying Oyster|CTBC Flying Oyster,1514.4,1562.1,1693.8,1646.0,47.7,47.7,True
13418-13418_game_1,2026-08-16 10:11:59,LPL,0,Invictus Gaming,Weibo Gaming,2,1,win,Invictus Gaming|Weibo Gaming|Invictus Gaming,1500.8,1512.5,1482.5,1470.9,11.7,11.7,False
LOLTMNT01_443931,2026-08-16 10:44:01,LCK,0,HANJIN BRION,Kiwoom DRX,2,1,win,HANJIN BRION|Kiwoom DRX|HANJIN BRION,1370.5,1386.2,1385.9,1370.2,15.6,15.6,False
13419-13419_game_1,2026-08-16 13:32:10,LPL,0,Top Esports,EDward Gaming,2,0,win,Top Esports|Top Esports,1599.3,1610.0,1339.1,1328.5,10.7,10.7,False
LOLTMNT05_218255,2026-08-16 15:08:31,LEC,0,Movistar KOI,Natus Vincere,2,0,win,Movistar KOI|Movistar KOI,1498.4,1528.0,1509.9,1480.2,29.7,29.7,False
LOLTMNT02_450785,2026-08-16 16:10:55,CBLOL,0,LOUD,Leviatan,2,0,win,LOUD|LOUD,1524.0,1537.9,1323.1,1309.2,13.9,13.9,False
LOLTMNT05_217247,2026-08-16 17:11:28,LEC,0,Fnatic,G2 Esports,2,0,win,Fnatic|Fnatic,1423.9,1472.9,1709.6,1660.6,49.0,49.0,True
LOLTMNT02_449746,2026-08-16 17:51:38,CBLOL,0,paiN Gaming,Fluxo W7M,2,0,win,paiN Gaming|paiN Gaming,1379.2,1409.9,1403.5,1372.8,30.7,30.7,False
LOLTMNT02_450852,2026-08-16 20:08:36,LCS,0,Cloud9,FlyQuest,2,0,win,Cloud9|Cloud9,1499.5,1530.9,1531.8,1500.4,31.4,31.4,False
LOLTMNT02_450870,2026-08-16 22:05:12,LCS,0,Sentinels,LYON,2,1,win,Sentinels|LYON|Sentinels,1464.5,1505.6,1723.6,1682.5,41.1,41.1,True
LOLTMNT01_444941,2026-08-17 09:08:01,PCS,0,SillySilly Gaming,Sponge Gaming,2,0,win,SillySilly Gaming|SillySilly Gaming,1562.3,1586.1,1502.2,1478.3,23.8,23.8,False
LOLTMNT01_443998,2026-08-17 10:51:21,PCS,0,Reignfall,Embrace Whatever Happens,2,1,win,Embrace Whatever Happens|Reignfall|Reignfall,1491.7,1509.1,1502.2,1484.7,17.4,17.4,False
LOLTMNT05_217274,2026-08-17 15:09:48,LEC,0,Natus Vincere,Team Heretics,2,0,win,Natus Vincere|Natus Vincere,1480.2,1495.6,1303.4,1288.0,15.4,15.4,False
LOLTMNT05_218317,2026-08-17 16:46:47,LEC,0,Karmine Corp,GiantX,2,0,win,Karmine Corp|Karmine Corp,1731.4,1744.1,1510.6,1497.8,12.8,12.8,False
LOLTMNT01_445047,2026-08-18 09:03:33,PCS,0,Frank Esports,CTBC Flying Oyster Academy,2,0,win,Frank Esports|Frank Esports,1595.9,1627.5,1630.8,1599.2,31.6,31.6,False
13422-13422_game_1,2026-08-19 07:13:05,LPL,0,Weibo Gaming,LNG Esports,2,1,win,Weibo Gaming|LNG Esports|Weibo Gaming,1470.9,1478.6,1418.7,1411.0,7.7,7.7,False
LOLTMNT02_452633,2026-08-19 08:05:49,LCK,0,Gen.G,KT Rolster,2,1,win,Gen.G|KT Rolster|Gen.G,1785.9,1775.1,1550.3,1561.1,-10.8,10.8,False
13420-13420_game_1,2026-08-19 10:26:10,LPL,0,Top Esports,Anyone's Legend,2,1,win,Top Esports|Anyone's Legend|Top Esports,1610.0,1626.6,1633.6,1617.0,16.6,16.6,False
LOLTMNT02_451827,2026-08-19 11:22:14,LCK,0,HANJIN BRION,DN SOOPers,2,0,win,HANJIN BRION|HANJIN BRION,1386.2,1411.0,1339.0,1314.1,24.9,24.9,False
13421-13421_game_1,2026-08-19 13:34:17,LPL,0,EDward Gaming,Team WE,2,0,win,EDward Gaming|EDward Gaming,1328.5,1375.1,1570.6,1524.0,46.6,46.6,True
LOLTMNT02_454038,2026-08-20 08:07:41,LCK,0,Hanwha Life Esports,Dplus Kia,2,0,win,Hanwha Life Esports|Hanwha Life Esports,1701.1,1733.7,1748.3,1715.7,32.6,32.6,False
LOLTMNT02_453185,2026-08-20 09:12:07,LCP,0,CTBC Flying Oyster,MVK Esports,3,0,win,CTBC Flying Oyster|CTBC Flying Oyster|CTBC Flying Oyster,1562.1,1594.9,1487.9,1455.1,32.8,32.8,False
13423-13423_game_1,2026-08-20 09:14:25,LPL,0,JD Gaming,ThunderTalk Gaming,2,1,win,ThunderTalk Gaming|JD Gaming|JD Gaming,1563.8,1568.3,1463.5,1459.1,4.5,4.5,False
LOLTMNT02_454084,2026-08-20 10:33:18,LCK,0,Nongshim RedForce,Kiwoom DRX,2,0,win,Nongshim RedForce|Nongshim RedForce,1363.7,1392.9,1370.2,1341.0,29.2,29.2,False
13424-13424_game_1,2026-08-20 12:18:24,LPL,0,Bilibili Gaming,LGD Gaming,2,1,win,LGD Gaming|Bilibili Gaming|Bilibili Gaming,1726.6,1719.1,1509.7,1517.2,-7.5,7.5,False
13425-13425_game_1,2026-08-21 07:12:49,LPL,0,EDward Gaming,ThunderTalk Gaming,2,0,win,EDward Gaming|EDward Gaming,1375.1,1410.7,1459.1,1423.5,35.6,35.6,True
LOLTMNT02_457093,2026-08-21 08:07:26,LCK,0,BNK FEARX,HANJIN BRION,2,1,win,BNK FEARX|HANJIN BRION|BNK FEARX,1403.6,1418.3,1411.0,1396.3,14.7,14.7,False
LOLTMNT02_457135,2026-08-21 09:11:54,LCP,0,Team Secret Whales,GAM Esports,3,1,win,GAM Esports|Team Secret Whales|Team Secret Whales|Team Secret Whales,1646.0,1661.7,1551.1,1535.4,15.7,15.7,False
13426-13426_game_1,2026-08-21 09:25:54,LPL,0,Team WE,Anyone's Legend,2,1,win,Anyone's Legend|Team WE|Team WE,1524.0,1550.9,1617.0,1590.1,26.9,26.9,True
LOLTMNT02_457183,2026-08-21 11:24:11,LCK,0,T1,KT Rolster,2,1,win,KT Rolster|T1|T1,1700.5,1700.7,1561.1,1560.9,0.2,0.2,False
13427-13427_game_1,2026-08-21 12:34:16,LPL,0,Bilibili Gaming,Top Esports,2,0,win,Bilibili Gaming|Bilibili Gaming,1719.1,1740.4,1626.6,1605.3,21.3,21.3,False
LOLTMNT05_219021,2026-08-21 15:08:45,LEC,0,Team Heretics,SK Gaming,2,0,win,Team Heretics|Team Heretics,1288.0,1325.1,1391.2,1354.2,37.1,37.1,True
LOLTMNT05_219039,2026-08-21 17:00:45,LEC,0,Team Vitality,Natus Vincere,2,1,win,Team Vitality|Natus Vincere|Team Vitality,1529.5,1539.3,1495.6,1485.8,9.8,9.8,False
13428-13428_game_1,2026-08-22 07:11:49,LPL,0,LGD Gaming,Team WE,2,1,win,Team WE|LGD Gaming|LGD Gaming,1517.2,1537.4,1550.9,1530.8,20.1,20.1,False
LOLTMNT02_456427,2026-08-22 08:08:17,LCK,0,Dplus Kia,Gen.G,2,1,win,Gen.G|Dplus Kia|Dplus Kia,1715.7,1738.8,1775.1,1751.9,23.1,23.1,False
LOLTMNT02_456455,2026-08-22 09:14:10,LCP,0,MVK Esports,GAM Esports,3,2,win,GAM Esports|MVK Esports|GAM Esports|MVK Esports|MVK Esports,1455.1,1486.6,1535.4,1503.9,31.5,31.5,True
13429-13429_game_1,2026-08-22 10:08:15,LPL,0,Ninjas in Pyjamas,Invictus Gaming,2,0,win,Ninjas in Pyjamas|Ninjas in Pyjamas,1560.9,1585.7,1512.5,1487.7,24.8,24.8,False
LOLTMNT02_457532,2026-08-22 11:31:02,LCK,0,DN SOOPers,Kiwoom DRX,2,0,win,DN SOOPers|DN SOOPers,1314.1,1345.0,1341.0,1310.1,30.9,30.9,False
13430-13430_game_1,2026-08-22 12:10:59,LPL,0,JD Gaming,Top Esports,2,0,win,JD Gaming|JD Gaming,1568.3,1600.0,1605.3,1573.5,31.8,31.8,False
LOLTMNT05_219068,2026-08-22 15:07:24,LEC,0,Fnatic,Shifters,2,0,win,Fnatic|Fnatic,1472.9,1492.8,1362.1,1342.1,19.9,19.9,False
LOLTMNT02_457619,2026-08-22 16:10:38,CBLOL,0,Vivo Keyd Stars,Leviatan,2,0,win,Vivo Keyd Stars|Vivo Keyd Stars,1472.6,1488.9,1309.2,1292.9,16.3,16.3,False
LOLTMNT05_220098,2026-08-22 17:04:29,LEC,0,SK Gaming,Movistar KOI,2,0,win,SK Gaming|SK Gaming,1354.2,1396.5,1528.0,1485.7,42.3,42.3,True
LOLTMNT02_456624,2026-08-22 17:57:35,CBLOL,0,FURIA,paiN Gaming,2,0,win,FURIA|FURIA,1558.5,1575.8,1409.9,1392.7,17.3,17.3,False
LOLTMNT02_456676,2026-08-22 20:08:10,LCS,0,Sentinels,FlyQuest,2,0,win,Sentinels|Sentinels,1505.6,1533.9,1500.4,1472.1,28.3,28.3,False
LOLTMNT02_456695,2026-08-22 21:49:44,LCS,0,Disguised,Dignitas,2,0,win,Disguised|Disguised,1329.3,1357.8,1327.8,1299.2,28.6,28.6,False
13431-13431_game_1,2026-08-23 07:12:51,LPL,0,LGD Gaming,ThunderTalk Gaming,2,0,win,LGD Gaming|LGD Gaming,1537.4,1557.1,1423.5,1403.8,19.7,19.7,False
LOLTMNT02_456749,2026-08-23 08:07:42,LCK,0,Hanwha Life Esports,T1,2,0,win,Hanwha Life Esports|Hanwha Life Esports,1733.7,1759.7,1700.7,1674.7,26.0,26.0,False
LOLTMNT05_220110,2026-08-23 09:12:31,LCP,0,Team Secret Whales,CTBC Flying Oyster,3,0,win,Team Secret Whales|Team Secret Whales|Team Secret Whales,1661.7,1695.3,1594.9,1561.3,33.6,33.6,False
13432-13432_game_1,2026-08-23 09:33:11,LPL,0,JD Gaming,EDward Gaming,2,1,win,JD Gaming|EDward Gaming|JD Gaming,1600.0,1593.2,1410.7,1417.5,-6.8,6.8,False
LOLTMNT02_457803,2026-08-23 10:20:23,LCK,0,Nongshim RedForce,BNK FEARX,2,1,win,BNK FEARX|Nongshim RedForce|Nongshim RedForce,1392.9,1412.1,1418.3,1399.2,19.2,19.2,False
13433-13433_game_1,2026-08-23 12:28:51,LPL,0,Bilibili Gaming,Anyone's Legend,2,1,win,Anyone's Legend|Bilibili Gaming|Bilibili Gaming,1740.4,1739.5,1590.1,1591.0,-1.0,1.0,False
LOLTMNT05_220135,2026-08-23 15:08:05,LEC,0,GiantX,Team Heretics,2,0,win,GiantX|GiantX,1497.8,1513.5,1325.1,1309.5,15.7,15.7,False
LOLTMNT02_456877,2026-08-23 16:10:45,CBLOL,0,RED Canids,Fluxo W7M,2,0,win,RED Canids|RED Canids,1474.1,1494.7,1372.8,1352.2,20.7,20.7,False
LOLTMNT05_220147,2026-08-23 17:21:07,LEC,0,Karmine Corp,Shifters,2,1,win,Shifters|Karmine Corp|Karmine Corp,1744.1,1723.9,1342.1,1362.4,-20.3,20.3,False
LOLTMNT02_456902,2026-08-23 17:53:23,CBLOL,0,LOUD,LØS,2,0,win,LOUD|LOUD,1537.9,1578.5,1688.1,1647.5,40.6,40.6,True
LOLTMNT02_456935,2026-08-23 20:06:31,LCS,0,Sentinels,Disguised,2,0,win,Sentinels|Sentinels,1533.9,1549.3,1357.8,1342.4,15.5,15.5,False
LOLTMNT02_457992,2026-08-23 21:43:23,LCS,0,FlyQuest,Dignitas,2,0,win,FlyQuest|FlyQuest,1472.1,1487.8,1299.2,1283.5,15.6,15.6,False
LOLTMNT05_220182,2026-08-24 15:07:41,LEC,0,Natus Vincere,Fnatic,2,0,win,Natus Vincere|Natus Vincere,1485.8,1515.1,1492.8,1463.6,29.3,29.3,False
LOLTMNT05_219177,2026-08-24 17:12:18,LEC,0,GiantX,G2 Esports,2,1,win,G2 Esports|GiantX|GiantX,1513.5,1546.2,1660.6,1627.9,32.7,32.7,True
LOLTMNT02_459552,2026-08-26 08:08:21,LCK,1,KT Rolster,HANJIN BRION,3,2,win,KT Rolster|HANJIN BRION|HANJIN BRION|KT Rolster|KT Rolster,1560.9,1547.6,1396.3,1409.7,-13.4,13.4,False
LOLTMNT02_458778,2026-08-27 08:07:15,LCK,1,BNK FEARX,Nongshim RedForce,3,1,win,Nongshim RedForce|BNK FEARX|BNK FEARX|BNK FEARX,1399.2,1430.9,1412.1,1380.4,31.7,31.7,False
13492-13492_game_1,2026-08-28 06:12:13,LPL,1,Ninjas in Pyjamas,EDward Gaming,3,0,win,Ninjas in Pyjamas|Ninjas in Pyjamas|Ninjas in Pyjamas,1585.7,1608.8,1417.5,1394.3,23.2,23.2,False
LOLTMNT02_461046,2026-08-28 08:06:46,LCK,1,BNK FEARX,HANJIN BRION,3,2,win,BNK FEARX|HANJIN BRION|HANJIN BRION|BNK FEARX|BNK FEARX,1430.9,1442.3,1409.7,1398.3,11.4,11.4,False
13493-13493_game_1,2026-08-28 09:13:37,LPL,1,Invictus Gaming,ThunderTalk Gaming,3,0,win,Invictus Gaming|Invictus Gaming|Invictus Gaming,1487.7,1519.4,1403.8,1372.1,31.7,31.7,False
LOLTMNT04_189037,2026-08-28 15:12:47,LEC,0,Shifters,Team Heretics,2,0,win,Shifters|Shifters,1362.4,1386.8,1309.5,1285.1,24.4,24.4,False
LOLTMNT04_188061,2026-08-28 16:52:50,LEC,0,Team Vitality,Fnatic,2,1,win,Fnatic|Team Vitality|Team Vitality,1539.3,1546.6,1463.6,1456.3,7.3,7.3,False
LOLTMNT02_461258,2026-08-29 08:07:39,LCK,1,T1,BNK FEARX,3,2,win,T1|BNK FEARX|BNK FEARX|T1|T1,1674.7,1651.2,1442.3,1465.7,-23.5,23.5,False
LOLTMNT02_460274,2026-08-29 08:12:53,LCP,0,CTBC Flying Oyster,MVK Esports,3,1,win,CTBC Flying Oyster|CTBC Flying Oyster|MVK Esports|CTBC Flying Oyster,1561.3,1575.6,1486.6,1472.3,14.3,14.3,False
13494-13494_game_1,2026-08-29 09:14:18,LPL,1,LGD Gaming,Top Esports,3,2,win,LGD Gaming|LGD Gaming|Top Esports|Top Esports|LGD Gaming,1557.1,1570.8,1573.5,1559.9,13.7,13.7,False
LOLTMNT04_189070,2026-08-29 15:09:14,LEC,0,Karmine Corp,SK Gaming,2,0,win,Karmine Corp|Karmine Corp,1723.9,1731.6,1396.5,1388.7,7.8,7.8,False
LOLTMNT01_451455,2026-08-29 16:10:53,CBLOL,0,LOUD,RED Canids,2,0,win,LOUD|LOUD,1578.5,1600.5,1494.7,1472.8,22.0,22.0,False
LOLTMNT04_188103,2026-08-29 17:20:29,LEC,0,Natus Vincere,GiantX,2,1,win,Natus Vincere|GiantX|Natus Vincere,1515.1,1532.6,1546.2,1528.7,17.5,17.5,False
LOLTMNT01_451483,2026-08-29 18:04:23,CBLOL,0,LØS,Fluxo W7M,2,1,win,Fluxo W7M|LØS|LØS,1647.5,1633.6,1352.2,1366.1,-13.9,13.9,False
LOLTMNT01_450792,2026-08-29 20:06:06,LCS,0,Team Liquid,Shopify Rebellion,2,1,win,Shopify Rebellion|Team Liquid|Team Liquid,1693.9,1681.3,1416.3,1428.8,-12.6,12.6,False
LOLTMNT01_451553,2026-08-29 22:53:50,LCS,0,LYON,Cloud9,2,0,win,LYON|LYON,1682.5,1699.5,1530.9,1513.8,17.1,17.1,False
LOLTMNT02_461410,2026-08-30 08:10:04,LCK,1,KT Rolster,Dplus Kia,3,0,win,KT Rolster|KT Rolster|KT Rolster,1547.6,1610.4,1738.8,1676.0,62.9,62.9,True
LOLTMNT02_460401,2026-08-30 08:17:07,LCP,0,Team Secret Whales,CTBC Flying Oyster,3,0,win,Team Secret Whales|Team Secret Whales|Team Secret Whales,1695.3,1723.2,1575.6,1547.7,27.9,27.9,False
13495-13495_game_1,2026-08-30 09:15:09,LPL,1,Team WE,JD Gaming,3,1,win,Team WE|Team WE|JD Gaming|Team WE,1530.8,1565.5,1593.2,1558.5,34.7,34.7,False
LOLTMNT04_188117,2026-08-30 12:08:57,LEC,0,Team Vitality,Shifters,2,0,win,Team Vitality|Team Vitality,1546.6,1563.1,1386.8,1370.3,16.5,16.5,False
LOLTMNT04_188127,2026-08-30 13:59:20,LEC,0,Movistar KOI,Team Heretics,2,0,win,Movistar KOI|Movistar KOI,1485.7,1499.7,1285.1,1271.1,13.9,13.9,False
LOLTMNT04_188142,2026-08-30 15:49:15,LEC,0,GiantX,Fnatic,2,1,win,GiantX|Fnatic|GiantX,1528.7,1534.0,1456.3,1450.9,5.4,5.4,False
LOLTMNT01_450939,2026-08-30 16:10:56,CBLOL,0,Vivo Keyd Stars,paiN Gaming,2,1,win,Vivo Keyd Stars|paiN Gaming|Vivo Keyd Stars,1488.9,1491.6,1392.7,1389.9,2.7,2.7,False
LOLTMNT01_450993,2026-08-30 19:12:30,CBLOL,0,FURIA,Leviatan,2,0,win,FURIA|FURIA,1575.8,1585.4,1292.9,1283.3,9.6,9.6,False
LOLTMNT01_452021,2026-08-30 20:13:31,LCS,0,LYON,Team Liquid,2,0,win,LYON|LYON,1699.5,1726.7,1681.3,1654.1,27.2,27.2,False
LOLTMNT01_451816,2026-08-30 21:57:05,LCS,0,Cloud9,Shopify Rebellion,2,1,win,Cloud9|Shopify Rebellion|Cloud9,1513.8,1517.8,1428.8,1424.9,4.0,4.0,False
LOLTMNT02_461660,2026-09-01 08:11:13,LCK,1,Gen.G,KT Rolster,3,0,win,Gen.G|Gen.G|Gen.G,1751.9,1777.6,1610.4,1584.7,25.7,25.7,False
LOLTMNT02_461735,2026-09-02 08:11:08,LCK,1,Hanwha Life Esports,T1,3,2,win,T1|T1|Hanwha Life Esports|Hanwha Life Esports|Hanwha Life Esports,1759.7,1759.6,1651.2,1651.4,-0.1,0.1,False
LOLTMNT02_460749,2026-09-03 08:07:55,LCK,1,Dplus Kia,BNK FEARX,3,2,win,BNK FEARX|BNK FEARX|Dplus Kia|Dplus Kia|Dplus Kia,1676.0,1659.1,1465.7,1482.7,-16.9,16.9,False
13497-13497_game_1,2026-09-03 09:18:59,LPL,1,Bilibili Gaming,Team WE,3,1,win,Bilibili Gaming|Bilibili Gaming|Team WE|Bilibili Gaming,1739.5,1740.7,1565.5,1564.3,1.2,1.2,False
LOLTMNT02_460906,2026-09-04 08:07:52,LCK,1,Dplus Kia,KT Rolster,3,1,win,KT Rolster|Dplus Kia|Dplus Kia|Dplus Kia,1659.1,1677.7,1584.7,1566.0,18.7,18.7,False
13496-13496_game_1,2026-09-04 09:12:53,LPL,1,Anyone's Legend,LGD Gaming,3,1,win,LGD Gaming|Anyone's Legend|Anyone's Legend|Anyone's Legend,1591.0,1617.8,1570.8,1544.0,26.7,26.7,False
LOLTMNT01_454241,2026-09-04 09:27:28,PCS,0,SillySilly Gaming,Reignfall,3,0,win,SillySilly Gaming|SillySilly Gaming|SillySilly Gaming,1586.1,1618.5,1509.1,1476.6,32.4,32.4,False
LOLTMNT01_454697,2026-09-05 05:18:51,LJL,1,New Meta,L Guide Gaming,3,0,win,New Meta|New Meta|New Meta,1638.9,1674.0,1585.6,1550.5,35.1,35.1,False
13498-13498_game_1,2026-09-05 06:14:28,LPL,1,Invictus Gaming,Top Esports,3,2,win,Invictus Gaming|Top Esports|Invictus Gaming|Top Esports|Invictus Gaming,1519.4,1539.6,1559.9,1539.7,20.2,20.2,False
LOLTMNT02_462135,2026-09-05 08:08:15,LCK,1,Gen.G,Hanwha Life Esports,3,1,win,Hanwha Life Esports|Gen.G|Gen.G|Gen.G,1777.6,1804.7,1759.6,1732.5,27.1,27.1,False
LOLTMNT01_455778,2026-09-05 09:07:38,PCS,0,CTBC Flying Oyster Academy,SillySilly Gaming,3,2,win,CTBC Flying Oyster Academy|SillySilly Gaming|SillySilly Gaming|CTBC Flying Oyster Academy|CTBC Flying Oyster Academy,1599.2,1617.9,1618.5,1599.9,18.7,18.7,False
LOLTMNT04_189299,2026-09-05 10:19:57,LEC,1,G2 Esports,Team Vitality,3,0,win,G2 Esports|G2 Esports|G2 Esports,1627.9,1661.7,1563.1,1529.3,33.8,33.8,False
13499-13499_game_1,2026-09-05 11:23:05,LPL,1,Ninjas in Pyjamas,JD Gaming,3,0,win,Ninjas in Pyjamas|Ninjas in Pyjamas|Ninjas in Pyjamas,1608.8,1644.3,1558.5,1523.1,35.4,35.4,False
LOLTMNT04_189331,2026-09-05 13:24:12,LEC,1,Karmine Corp,GiantX,3,1,win,Karmine Corp|GiantX|Karmine Corp|Karmine Corp,1731.6,1731.9,1534.0,1533.8,0.2,0.2,False
LOLTMNT01_455944,2026-09-05 16:12:38,CBLOL,1,paiN Gaming,Vivo Keyd Stars,3,1,win,Vivo Keyd Stars|paiN Gaming|paiN Gaming|paiN Gaming,1389.9,1434.8,1491.6,1446.8,44.9,44.9,True
LOLTMNT01_456032,2026-09-05 20:11:18,LCS,0,Cloud9,Sentinels,2,0,win,Cloud9|Cloud9,1517.8,1549.1,1549.3,1518.0,31.3,31.3,False
LOLTMNT01_456068,2026-09-05 22:03:57,LCS,0,Team Liquid,Dignitas,2,0,win,Team Liquid|Team Liquid,1654.1,1660.4,1283.5,1277.3,6.3,6.3,False
LOLTMNT01_457144,2026-09-06 05:42:02,LJL,1,FENNEL,New Meta,3,2,win,FENNEL|New Meta|FENNEL|New Meta|FENNEL,1803.1,1793.3,1674.0,1683.7,-9.8,9.8,False
13500-13500_game_1,2026-09-06 06:14:37,LPL,1,Invictus Gaming,Team WE,3,1,win,Invictus Gaming|Team WE|Invictus Gaming|Invictus Gaming,1539.6,1570.9,1564.3,1532.9,31.4,31.4,False
LOLTMNT02_463036,2026-09-06 08:09:36,LCK,1,T1,Dplus Kia,3,1,win,T1|Dplus Kia|T1|T1,1651.4,1683.0,1677.7,1646.1,31.6,31.6,False
LOLTMNT01_456184,2026-09-06 09:04:54,PCS,0,CTBC Flying Oyster Academy,Frank Esports,3,2,win,Frank Esports|CTBC Flying Oyster Academy|CTBC Flying Oyster Academy|Frank Esports|CTBC Flying Oyster Academy,1617.9,1634.5,1627.5,1610.9,16.5,16.5,False
13501-13501_game_1,2026-09-06 10:03:04,LPL,1,LGD Gaming,Ninjas in Pyjamas,3,2,win,LGD Gaming|Ninjas in Pyjamas|LGD Gaming|Ninjas in Pyjamas|LGD Gaming,1544.0,1574.8,1644.3,1613.5,30.8,30.8,True
LOLTMNT04_188363,2026-09-06 15:17:22,LEC,1,G2 Esports,Karmine Corp,3,1,win,G2 Esports|G2 Esports|Karmine Corp|G2 Esports,1661.7,1697.5,1731.9,1696.0,35.9,35.9,False
LOLTMNT01_456330,2026-09-06 16:11:28,CBLOL,1,FURIA,RED Canids,3,0,win,FURIA|FURIA|FURIA,1585.4,1614.0,1472.8,1444.1,28.6,28.6,False
LOLTMNT01_456410,2026-09-06 20:07:35,LCS,0,FlyQuest,Shopify Rebellion,2,0,win,FlyQuest|FlyQuest,1487.8,1511.4,1424.9,1401.3,23.6,23.6,False
LOLTMNT01_456445,2026-09-06 21:51:40,LCS,0,LYON,Disguised,2,0,win,LYON|LYON,1726.7,1732.6,1342.4,1336.6,5.8,5.8,False
13502-13502_game_1,2026-09-07 09:12:41,LPL,1,Bilibili Gaming,Anyone's Legend,3,0,win,Bilibili Gaming|Bilibili Gaming|Bilibili Gaming,1740.7,1768.2,1617.8,1590.2,27.6,27.6,False
13503-13503_game_1,2026-09-08 09:15:46,LPL,1,Invictus Gaming,LGD Gaming,3,0,win,Invictus Gaming|Invictus Gaming|Invictus Gaming,1570.9,1612.6,1574.8,1533.1,41.7,41.7,False
LOLTMNT01_458505,2026-09-11 09:06:28,VCS,0,SN CyberCore Esports,1TAP Dino,2,1,win,SN CyberCore Esports|1TAP Dino|SN CyberCore Esports,1424.1,1447.9,1509.2,1485.4,23.8,23.8,True
LOLTMNT01_459547,2026-09-11 11:41:02,VCS,0,9Gaming Esports,Saigon Warriors,2,0,win,9Gaming Esports|9Gaming Esports,1391.4,1441.3,1695.7,1645.8,49.9,49.9,True
LOLTMNT04_189689,2026-09-11 15:10:09,LEC,1,Natus Vincere,GiantX,3,2,win,Natus Vincere|GiantX|Natus Vincere|GiantX|Natus Vincere,1532.6,1545.7,1533.8,1520.8,13.1,13.1,False
LOLTMNT02_463339,2026-09-12 05:21:16,LCK,1,Hanwha Life Esports,T1,3,1,win,Hanwha Life Esports|Hanwha Life Esports|T1|Hanwha Life Esports,1732.5,1750.4,1683.0,1665.1,17.9,17.9,False
13504-13504_game_1,2026-09-12 08:58:05,LPL,1,Anyone's Legend,Invictus Gaming,3,2,win,Invictus Gaming|Anyone's Legend|Anyone's Legend|Invictus Gaming|Anyone's Legend,1590.2,1609.1,1612.6,1593.8,18.9,18.9,False
LOLTMNT01_459891,2026-09-12 09:06:46,VCS,0,MVK Esports Academy,9Gaming Esports,2,0,win,MVK Esports Academy|MVK Esports Academy,1536.9,1557.9,1441.3,1420.2,21.1,21.1,False
LOLTMNT01_459916,2026-09-12 10:55:41,VCS,0,Saigon Warriors,SN CyberCore Esports,2,0,win,Saigon Warriors|Saigon Warriors,1645.8,1659.9,1447.9,1433.8,14.1,14.1,False
LOLTMNT01_461062,2026-09-12 16:11:02,CBLOL,1,LØS,FURIA,3,1,win,LØS|LØS|FURIA|LØS,1633.6,1655.9,1614.0,1591.7,22.4,22.4,False
